{"type":"FeatureCollection","features":[{"type":"Feature","properties":{"b":"El Rincón Norte","loc":"Suba","upz":"El Rincón","uso":"Residencial","d":-4.5,"c":53.2,"a":29.6,"w":"C","cod":"009204","estrato":2,"estrato_mean":2.0,"np":1,"p2":70.1,"g22":12.4,"src":"2026","abs":29.3},"geometry":{"type":"Polygon","coordinates":[[[-74.0887,4.7275],[-74.0871,4.7307],[-74.0895,4.7318],[-74.0915,4.7289],[-74.0929,4.7295],[-74.0945,4.727],[-74.0928,4.7256],[-74.0907,4.7256],[-74.0898,4.7264],[-74.0893,4.7261],[-74.0887,4.7275]]]}},{"type":"Feature","properties":{"b":"El Nuevo Portal Ii Rural","loc":"Usme","upz":"Ciudad Usme","uso":"Residencial","d":-2.6,"c":65.2,"a":21.0,"w":"C","cod":"202506","estrato":1,"estrato_mean":1.0,"np":1,"p2":78.6,"g22":10.8,"src":"2026","abs":40.0},"geometry":{"type":"Polygon","coordinates":[[[-74.0961,4.4904],[-74.0969,4.4909],[-74.0961,4.4873],[-74.0956,4.4884],[-74.0961,4.4904]]]}},{"type":"Feature","properties":{"b":"San Benito","loc":"Tunjuelito","upz":"Tunjuelito","uso":"Residencial","d":-8.7,"c":58.3,"a":26.8,"w":"C","cod":"002509","estrato":2,"estrato_mean":2.0,"np":1,"p2":75.4,"g22":8.3,"src":"2026","abs":37.2},"geometry":{"type":"Polygon","coordinates":[[[-74.1327,4.5642],[-74.1369,4.5674],[-74.1406,4.5668],[-74.1404,4.565],[-74.1392,4.5637],[-74.1378,4.5633],[-74.1374,4.5625],[-74.1334,4.5602],[-74.1319,4.5606],[-74.1304,4.5622],[-74.1327,4.5642]]]}},{"type":"Feature","properties":{"b":"Hipotecho Occidental","loc":"Kennedy","upz":"Américas","uso":"Residencial","d":-7.4,"c":39.1,"a":38.6,"w":"C","cod":"004502","estrato":3,"estrato_mean":2.67,"np":3,"p2":51.9,"g22":9.8,"src":"2026","abs":29.9},"geometry":{"type":"Polygon","coordinates":[[[-74.1298,4.625],[-74.1383,4.6258],[-74.1395,4.6187],[-74.1383,4.6175],[-74.1296,4.618],[-74.1292,4.6219],[-74.1308,4.6225],[-74.1307,4.6238],[-74.1299,4.6237],[-74.1298,4.625]]]}},{"type":"Feature","properties":{"b":"Arborizadora Baja","loc":"Ciudad Bolívar","upz":"Arborizadora","uso":"Residencial","d":-5.6,"c":57.8,"a":26.1,"w":"C","cod":"002432","estrato":2,"estrato_mean":2.0,"np":3,"p2":73.6,"g22":10.9,"src":"2026","abs":37.9},"geometry":{"type":"Polygon","coordinates":[[[-74.1472,4.5766],[-74.1483,4.578],[-74.1487,4.5766],[-74.1497,4.578],[-74.1508,4.5778],[-74.154,4.5746],[-74.1477,4.5698],[-74.1478,4.5724],[-74.1447,4.5729],[-74.1408,4.5753],[-74.1412,4.5764],[-74.1427,4.5773],[-74.1437,4.5744],[-74.1451,4.573],[-74.1462,4.5747],[-74.1477,4.5741],[-74.1472,4.5766]]]}},{"type":"Feature","properties":{"b":"Brasil","loc":"Bosa","upz":"Bosa Occidental","uso":"Residencial","d":-8.8,"c":54.3,"a":29.0,"w":"C","cod":"004622","estrato":2,"estrato_mean":2.0,"np":1,"p2":73.7,"g22":10.6,"src":"2026","abs":20.9},"geometry":{"type":"Polygon","coordinates":[[[-74.1842,4.6296],[-74.1786,4.6317],[-74.1799,4.6346],[-74.1859,4.6324],[-74.1842,4.6296]]]}},{"type":"Feature","properties":{"b":"La Cabaña","loc":"Engativá","upz":"Las Ferias","uso":"Residencial","d":-3.6,"c":39.3,"a":38.6,"w":"C","cod":"005508","estrato":3,"estrato_mean":3.0,"np":1,"p2":54.6,"g22":11.7,"src":"2026","abs":26.2},"geometry":{"type":"Polygon","coordinates":[[[-74.1044,4.6738],[-74.1009,4.6706],[-74.0984,4.674],[-74.1025,4.6769],[-74.1044,4.6738]]]}},{"type":"Feature","properties":{"b":"Pepinitos","loc":"Usme","upz":"Ciudad Usme","uso":"Residencial","d":-2.1,"c":66.3,"a":18.0,"w":"C","cod":"102405","estrato":1,"estrato_mean":1.0,"np":1,"p2":81.4,"g22":13.0,"src":"2026","abs":43.9},"geometry":{"type":"Polygon","coordinates":[[[-74.0923,4.5008],[-74.0929,4.5014],[-74.0931,4.5001],[-74.0957,4.4993],[-74.0987,4.5],[-74.0976,4.4992],[-74.0966,4.4963],[-74.0936,4.4949],[-74.091,4.4989],[-74.0923,4.5008]]]}},{"type":"Feature","properties":{"b":"San Cristóbal Norte","loc":"Usaquén","upz":"San Cristóbal Norte","uso":"Residencial","d":-4.9,"c":39.3,"a":40.2,"w":"A","cod":"008505","estrato":3,"estrato_mean":3.0,"np":4,"p2":54.2,"g22":11.8,"src":"2026","abs":31.2},"geometry":{"type":"Polygon","coordinates":[[[-74.0223,4.741],[-74.0318,4.7429],[-74.032,4.7382],[-74.0241,4.7361],[-74.023,4.7374],[-74.0223,4.741]]]}},{"type":"Feature","properties":{"b":"El Paraíso","loc":"Kennedy","upz":"Patio Bonito","uso":"Residencial","d":-4.7,"c":45.4,"a":36.0,"w":"C","cod":"004603","estrato":2,"estrato_mean":2.0,"np":1,"p2":63.1,"g22":13.0,"src":"2026","abs":30.8},"geometry":{"type":"Polygon","coordinates":[[[-74.1704,4.6445],[-74.1712,4.6456],[-74.1729,4.6449],[-74.1693,4.6395],[-74.1683,4.64],[-74.1712,4.644],[-74.1704,4.6445]]]}},{"type":"Feature","properties":{"b":"Altos De Chozica","loc":"Suba","upz":"El Rincón","uso":"Residencial","d":-4.2,"c":35.8,"a":41.8,"w":"A","cod":"009222","estrato":3,"estrato_mean":3.1,"np":1,"p2":51.9,"g22":11.8,"src":"2026","abs":31.8},"geometry":{"type":"Polygon","coordinates":[[[-74.0845,4.7271],[-74.0841,4.7252],[-74.0825,4.7249],[-74.0822,4.7265],[-74.0833,4.7267],[-74.0832,4.7276],[-74.0827,4.7274],[-74.0824,4.7311],[-74.0829,4.7327],[-74.0817,4.7323],[-74.081,4.7338],[-74.0803,4.7331],[-74.0783,4.7337],[-74.0826,4.7371],[-74.0849,4.7379],[-74.0857,4.7341],[-74.0877,4.7297],[-74.0857,4.7275],[-74.0845,4.7271]]]}},{"type":"Feature","properties":{"b":"Osorio X","loc":"Bosa","upz":"El Porvenir","uso":"Residencial","d":-3.9,"c":54.2,"a":29.5,"w":"C","cod":"105210","estrato":2,"estrato_mean":2.0,"np":1,"p2":68.5,"g22":10.4,"src":"2026","abs":17.3},"geometry":{"type":"Polygon","coordinates":[[[-74.1858,4.6467],[-74.1862,4.6475],[-74.1875,4.6469],[-74.1863,4.6441],[-74.1844,4.6442],[-74.1858,4.6467]]]}},{"type":"Feature","properties":{"b":"El Portal Del Brasil","loc":"Bosa","upz":"Bosa Occidental","uso":"Residencial","d":-3.6,"c":57.6,"a":26.4,"w":"C","cod":"004591","estrato":2,"estrato_mean":2.0,"np":2,"p2":75.1,"g22":13.1,"src":"2026","abs":26.4},"geometry":{"type":"Polygon","coordinates":[[[-74.1859,4.6323],[-74.1884,4.6313],[-74.1866,4.6279],[-74.184,4.6292],[-74.1859,4.6323]]]}},{"type":"Feature","properties":{"b":"Córdoba","loc":"San Cristóbal","upz":"20 De Julio","uso":"Residencial","d":-8.0,"c":50.8,"a":30.7,"w":"C","cod":"001303","estrato":2,"estrato_mean":2.0,"np":3,"p2":68.0,"g22":11.3,"src":"2026","abs":40.6},"geometry":{"type":"Polygon","coordinates":[[[-74.0943,4.5656],[-74.0899,4.5626],[-74.0889,4.5624],[-74.0877,4.5643],[-74.0938,4.5674],[-74.0943,4.5656]]]}},{"type":"Feature","properties":{"b":"Los Arrayanes","loc":"Usme","upz":"Ciudad Usme","uso":"Residencial","d":-2.1,"c":66.3,"a":18.0,"w":"C","cod":"102401","estrato":1,"estrato_mean":1.0,"np":1,"p2":81.4,"g22":13.0,"src":"2026","abs":43.9},"geometry":{"type":"Polygon","coordinates":[[[-74.0887,4.4973],[-74.0894,4.4972],[-74.0903,4.494],[-74.0865,4.4937],[-74.0835,4.4922],[-74.082,4.4931],[-74.0818,4.4938],[-74.0827,4.4942],[-74.0823,4.495],[-74.0844,4.4981],[-74.0853,4.4981],[-74.0851,4.4976],[-74.0887,4.4973]]]}},{"type":"Feature","properties":{"b":"Tunjuelito","loc":"Usme","upz":"Gran Yomasa","uso":"Residencial","d":-4.6,"c":59.5,"a":25.9,"w":"C","cod":"002593","estrato":1,"estrato_mean":1.0,"np":1,"p2":82.8,"g22":10.7,"src":"2026","abs":10.2},"geometry":{"type":"Polygon","coordinates":[[[-74.1216,4.5146],[-74.1222,4.5125],[-74.1212,4.511],[-74.1216,4.5146]]]}},{"type":"Feature","properties":{"b":"Santa Cecilia De Suba I","loc":"Suba","upz":"Tibabuyes","uso":"Residencial","d":-3.8,"c":52.6,"a":32.4,"w":"C","cod":"009268","estrato":2,"estrato_mean":2.0,"np":1,"p2":68.6,"g22":12.2,"src":"2026","abs":43.5},"geometry":{"type":"Polygon","coordinates":[[[-74.1255,4.7401],[-74.1224,4.7397],[-74.1239,4.7406],[-74.1249,4.7408],[-74.1255,4.7401]]]}},{"type":"Feature","properties":{"b":"Aguas Claras I","loc":"San Cristóbal","upz":"San Blas","uso":"Residencial","d":-2.8,"c":67.5,"a":16.6,"w":"C","cod":"001119","estrato":2,"estrato_mean":2.0,"np":1,"p2":82.0,"g22":11.7,"src":"2026","abs":42.6},"geometry":{"type":"Polygon","coordinates":[[[-74.0659,4.5637],[-74.0654,4.5643],[-74.0665,4.5658],[-74.0679,4.5637],[-74.069,4.5637],[-74.0684,4.5604],[-74.0691,4.5585],[-74.0679,4.558],[-74.0679,4.5589],[-74.0674,4.5587],[-74.0679,4.5591],[-74.0671,4.5613],[-74.068,4.5617],[-74.0678,4.5623],[-74.0671,4.562],[-74.0676,4.5632],[-74.0663,4.5628],[-74.0659,4.5637]]]}},{"type":"Feature","properties":{"b":"Santo Domingo","loc":"Ciudad Bolívar","upz":"Ismael Perdomo","uso":"Residencial","d":-4.5,"c":57.5,"a":27.3,"w":"C","cod":"002426","estrato":1,"estrato_mean":1.0,"np":1,"p2":74.2,"g22":12.1,"src":"2026","abs":42.7},"geometry":{"type":"Polygon","coordinates":[[[-74.1757,4.582],[-74.1801,4.5815],[-74.1794,4.577],[-74.1744,4.5789],[-74.1757,4.582]]]}},{"type":"Feature","properties":{"b":"Villas De Granada","loc":"Engativá","upz":"Garcés Navas","uso":"Residencial","d":-7.9,"c":36.4,"a":40.5,"w":"A","cod":"005647","estrato":3,"estrato_mean":3.0,"np":1,"p2":55.7,"g22":11.4,"src":"2026","abs":34.5},"geometry":{"type":"Polygon","coordinates":[[[-74.1256,4.7182],[-74.129,4.7158],[-74.1274,4.7147],[-74.1288,4.7136],[-74.1265,4.7119],[-74.1256,4.7128],[-74.1259,4.7133],[-74.1227,4.7156],[-74.1256,4.7182]]]}},{"type":"Feature","properties":{"b":"Parcela El Porvenir","loc":"Bosa","upz":"El Porvenir","uso":"Residencial","d":-3.4,"c":62.4,"a":23.2,"w":"C","cod":"004630","estrato":2,"estrato_mean":1.56,"np":1,"p2":76.8,"g22":11.1,"src":"2026","abs":31.3},"geometry":{"type":"Polygon","coordinates":[[[-74.1893,4.6462],[-74.1908,4.6475],[-74.1917,4.6462],[-74.1903,4.6447],[-74.1908,4.644],[-74.188,4.6381],[-74.1851,4.6327],[-74.1826,4.6336],[-74.1838,4.6361],[-74.1826,4.6367],[-74.1829,4.6373],[-74.1841,4.6368],[-74.1843,4.6372],[-74.1818,4.6386],[-74.1826,4.6403],[-74.1852,4.6391],[-74.1862,4.6411],[-74.1854,4.6415],[-74.1861,4.643],[-74.1877,4.6422],[-74.1879,4.6426],[-74.1862,4.6435],[-74.1865,4.6442],[-74.1883,4.6444],[-74.1893,4.6462]]]}},{"type":"Feature","properties":{"b":"Santa Bárbara Oriental","loc":"Usaquén","upz":"Usaquén","uso":"Comercial","d":-3.8,"c":22.5,"a":51.5,"w":"A","cod":"008413","estrato":5,"estrato_mean":5.0,"np":1,"p2":37.0,"g22":10.7,"src":"2026","abs":53.6},"geometry":{"type":"Polygon","coordinates":[[[-74.0332,4.6937],[-74.031,4.6975],[-74.0291,4.6991],[-74.0286,4.7015],[-74.0286,4.702],[-74.0329,4.7035],[-74.0332,4.6972],[-74.0345,4.6942],[-74.0332,4.6937]]]}},{"type":"Feature","properties":{"b":"Cedritos","loc":"Usaquén","upz":"Los Cedros","uso":"Residencial","d":-6.3,"c":13.1,"a":59.0,"w":"A","cod":"008512","estrato":4,"estrato_mean":4.17,"np":2,"p2":28.2,"g22":8.8,"src":"2026","abs":21.7},"geometry":{"type":"Polygon","coordinates":[[[-74.0398,4.7231],[-74.0413,4.7238],[-74.0415,4.7191],[-74.0288,4.7148],[-74.0284,4.7177],[-74.0398,4.7231]]]}},{"type":"Feature","properties":{"b":"Sevilla","loc":"Antonio Nariño","upz":"Ciudad Jardín","uso":"Residencial","d":-8.5,"c":50.6,"a":33.9,"w":"C","cod":"001201","estrato":3,"estrato_mean":3.0,"np":1,"p2":69.0,"g22":9.9,"src":"2026","abs":55.8},"geometry":{"type":"Polygon","coordinates":[[[-74.0906,4.5904],[-74.0924,4.5882],[-74.091,4.5871],[-74.0893,4.5892],[-74.0906,4.5904]]]}},{"type":"Feature","properties":{"b":"Islandia","loc":"Bosa","upz":"Bosa Central","uso":"Residencial","d":-5.4,"c":58.8,"a":22.4,"w":"C","cod":"004642","estrato":2,"estrato_mean":2.0,"np":1,"p2":75.7,"g22":10.9,"src":"2026","abs":23.5},"geometry":{"type":"Polygon","coordinates":[[[-74.1973,4.6181],[-74.198,4.6187],[-74.1976,4.6195],[-74.1983,4.6196],[-74.1988,4.615],[-74.1979,4.6148],[-74.1977,4.6132],[-74.1948,4.6128],[-74.1905,4.6136],[-74.192,4.6146],[-74.1916,4.6171],[-74.1935,4.6166],[-74.193,4.6181],[-74.1935,4.6179],[-74.1946,4.6191],[-74.1963,4.6174],[-74.1973,4.6181]]]}},{"type":"Feature","properties":{"b":"Ciudadela Colsubsidio","loc":"Engativá","upz":"Bolivia","uso":"Residencial","d":-6.9,"c":32.6,"a":42.6,"w":"A","cod":"005650","estrato":3,"estrato_mean":3.0,"np":2,"p2":52.2,"g22":12.7,"src":"2026","abs":20.7},"geometry":{"type":"Polygon","coordinates":[[[-74.113,4.7326],[-74.1136,4.7335],[-74.1116,4.7367],[-74.114,4.7375],[-74.1173,4.7367],[-74.1164,4.7353],[-74.1172,4.7346],[-74.1148,4.7309],[-74.1125,4.729],[-74.1209,4.7217],[-74.1179,4.7172],[-74.1154,4.7205],[-74.114,4.7197],[-74.104,4.7254],[-74.1046,4.7261],[-74.1066,4.7259],[-74.1082,4.727],[-74.1115,4.7324],[-74.113,4.7326]]]}},{"type":"Feature","properties":{"b":"Restrepo Occidental","loc":"Antonio Nariño","upz":"Restrepo","uso":"Comercial","d":-7.8,"c":37.9,"a":43.6,"w":"A","cod":"002104","estrato":3,"estrato_mean":3.0,"np":2,"p2":56.7,"g22":11.3,"src":"2026","abs":35.8},"geometry":{"type":"Polygon","coordinates":[[[-74.103,4.5943],[-74.1041,4.594],[-74.109,4.5893],[-74.1052,4.5845],[-74.1042,4.5845],[-74.1041,4.5851],[-74.0996,4.5895],[-74.103,4.5943]]]}},{"type":"Feature","properties":{"b":"Estrella","loc":"Teusaquillo","upz":"Teusaquillo","uso":"Comercial","d":-4.5,"c":49.7,"a":30.3,"w":"C","cod":"007106","estrato":3,"estrato_mean":3.07,"np":1,"p2":65.4,"g22":11.3,"src":"2026","abs":35.9},"geometry":{"type":"Polygon","coordinates":[[[-74.0784,4.6244],[-74.0797,4.6251],[-74.075,4.6184],[-74.0749,4.6202],[-74.0763,4.6242],[-74.0784,4.6244]]]}},{"type":"Feature","properties":{"b":"Gualoche","loc":"Bosa","upz":"Bosa Central","uso":"Residencial","d":-7.2,"c":56.1,"a":24.9,"w":"C","cod":"004552","estrato":2,"estrato_mean":2.0,"np":1,"p2":73.9,"g22":10.7,"src":"2026","abs":39.4},"geometry":{"type":"Polygon","coordinates":[[[-74.1814,4.6028],[-74.182,4.6045],[-74.1854,4.6031],[-74.1842,4.5965],[-74.1794,4.5972],[-74.1814,4.6028]]]}},{"type":"Feature","properties":{"b":"Pasquilla Urbana","loc":"Ciudad Bolívar","upz":"Ciudad Usme","uso":"Residencial","d":-1.6,"c":62.4,"a":24.1,"w":"C","cod":"234104","estrato":1,"estrato_mean":1.0,"np":1,"p2":75.5,"g22":11.5,"src":"2026","abs":60.7},"geometry":{"type":"Polygon","coordinates":[[[-74.1553,4.4445],[-74.156,4.4457],[-74.1581,4.4437],[-74.1571,4.4429],[-74.1559,4.4433],[-74.1559,4.4426],[-74.1535,4.4418],[-74.1551,4.4433],[-74.1553,4.4445]]]}},{"type":"Feature","properties":{"b":"Las Acacias Rural","loc":"Kennedy","upz":"Patio Bonito","uso":"Residencial","d":-3.6,"c":53.2,"a":29.3,"w":"C","cod":"205225","estrato":1,"estrato_mean":1.0,"np":1,"p2":68.3,"g22":11.5,"src":"2026","abs":25.2},"geometry":{"type":"Polygon","coordinates":[[[-74.1779,4.6502],[-74.1782,4.6506],[-74.1773,4.6512],[-74.1786,4.653],[-74.1802,4.6519],[-74.1789,4.6496],[-74.1779,4.6502]]]}},{"type":"Feature","properties":{"b":"San Bernardino Potreritos","loc":"Bosa","upz":"Bosa Occidental","uso":"Residencial","d":-5.7,"c":60.1,"a":24.6,"w":"C","cod":"004623","estrato":1,"estrato_mean":1.34,"np":1,"p2":77.4,"g22":11.6,"src":"2026","abs":41.5},"geometry":{"type":"Polygon","coordinates":[[[-74.2041,4.6247],[-74.2051,4.6248],[-74.2086,4.623],[-74.2078,4.6233],[-74.2067,4.6207],[-74.2045,4.6224],[-74.2038,4.6202],[-74.2032,4.6204],[-74.202,4.6209],[-74.2041,4.6247]]]}},{"type":"Feature","properties":{"b":"San Bernardino Xxv","loc":"Bosa","upz":"Tintal Sur","uso":"Residencial","d":-0.5,"c":58.1,"a":25.1,"w":"C","cod":"105325","estrato":2,"estrato_mean":2.0,"np":1,"p2":71.2,"g22":12.6,"src":"2026","abs":23.8},"geometry":{"type":"Polygon","coordinates":[[[-74.2114,4.6405],[-74.2143,4.6406],[-74.2148,4.6432],[-74.2161,4.6447],[-74.2212,4.6443],[-74.2207,4.6424],[-74.2167,4.6408],[-74.2148,4.6383],[-74.2151,4.6364],[-74.2175,4.635],[-74.2157,4.6312],[-74.2163,4.6297],[-74.2176,4.6293],[-74.2172,4.6288],[-74.2157,4.6294],[-74.2151,4.6309],[-74.2089,4.6333],[-74.2072,4.6295],[-74.2082,4.6287],[-74.2072,4.6292],[-74.2067,4.6287],[-74.2114,4.6405]]]}},{"type":"Feature","properties":{"b":"Antonio José De Sucre","loc":"Usme","upz":"Comuneros","uso":"Residencial","d":-3.4,"c":58.5,"a":24.9,"w":"C","cod":"002571","estrato":1,"estrato_mean":1.0,"np":1,"p2":75.1,"g22":13.2,"src":"2026","abs":38.2},"geometry":{"type":"Polygon","coordinates":[[[-74.1162,4.4947],[-74.1156,4.4904],[-74.1145,4.4904],[-74.1143,4.4915],[-74.1124,4.4913],[-74.1135,4.4945],[-74.1162,4.4947]]]}},{"type":"Feature","properties":{"b":"Benjamín Herrera","loc":"Barrios Unidos","upz":"Los Alcázares","uso":"Residencial","d":-5.6,"c":36.2,"a":43.9,"w":"A","cod":"007309","estrato":3,"estrato_mean":3.0,"np":1,"p2":52.4,"g22":10.5,"src":"2026","abs":35.2},"geometry":{"type":"Polygon","coordinates":[[[-74.0769,4.6518],[-74.0756,4.6516],[-74.0743,4.656],[-74.0777,4.6566],[-74.0782,4.652],[-74.0769,4.6518]]]}},{"type":"Feature","properties":{"b":"San Jorge Sur","loc":"Rafael Uribe Uribe","upz":"Marco Fidel Suárez","uso":"Residencial","d":-7.5,"c":53.0,"a":29.6,"w":"C","cod":"001411","estrato":3,"estrato_mean":2.93,"np":2,"p2":72.4,"g22":12.1,"src":"2026","abs":40.4},"geometry":{"type":"Polygon","coordinates":[[[-74.1208,4.5728],[-74.1211,4.5756],[-74.1223,4.5752],[-74.1237,4.5741],[-74.1246,4.5713],[-74.1213,4.5697],[-74.1199,4.5712],[-74.1144,4.5669],[-74.1135,4.5671],[-74.1193,4.5719],[-74.1193,4.5731],[-74.1208,4.5728]]]}},{"type":"Feature","properties":{"b":"San Bernardino Xxv Urbano","loc":"Bosa","upz":"Tintal Sur","uso":"Residencial","d":-5.6,"c":57.5,"a":25.0,"w":"C","cod":"004590","estrato":1,"estrato_mean":1.0,"np":1,"p2":73.4,"g22":12.0,"src":"2026","abs":18.2},"geometry":{"type":"Polygon","coordinates":[[[-74.2175,4.6291],[-74.2214,4.6301],[-74.2222,4.6294],[-74.2236,4.6254],[-74.2231,4.6245],[-74.2211,4.624],[-74.2206,4.6232],[-74.2212,4.6213],[-74.2226,4.6211],[-74.2208,4.6199],[-74.2218,4.6188],[-74.2201,4.6189],[-74.2197,4.6175],[-74.2184,4.6181],[-74.2184,4.6165],[-74.2177,4.6158],[-74.2167,4.6168],[-74.2161,4.6163],[-74.2139,4.6164],[-74.2134,4.6174],[-74.2149,4.6179],[-74.2149,4.6213],[-74.2161,4.6241],[-74.2161,4.6278],[-74.2175,4.6291]]]}},{"type":"Feature","properties":{"b":"El Otoño I","loc":"Suba","upz":"La Academia","uso":"Residencial","d":-6.0,"c":31.4,"a":47.2,"w":"A","cod":"009144","estrato":2,"estrato_mean":2.0,"np":1,"p2":49.0,"g22":11.5,"src":"2026","abs":45.3},"geometry":{"type":"Polygon","coordinates":[[[-74.0455,4.7775],[-74.0464,4.7773],[-74.0466,4.7762],[-74.0458,4.7761],[-74.0455,4.7775]]]}},{"type":"Feature","properties":{"b":"Siberia Central","loc":"Chapinero","upz":"Pardo Rubio","uso":"Residencial","d":-2.9,"c":60.7,"a":23.1,"w":"C","cod":"008220","estrato":1,"estrato_mean":1.0,"np":1,"p2":75.0,"g22":11.4,"src":"2026","abs":46.3},"geometry":{"type":"Polygon","coordinates":[[[-74.0557,4.634],[-74.0583,4.6347],[-74.0589,4.6327],[-74.0598,4.633],[-74.0583,4.6362],[-74.0598,4.637],[-74.0607,4.6321],[-74.0616,4.6303],[-74.0594,4.6295],[-74.059,4.6327],[-74.0559,4.6317],[-74.0557,4.634]]]}},{"type":"Feature","properties":{"b":"La Aurora","loc":"Usme","upz":"Gran Yomasa","uso":"Residencial","d":-4.9,"c":56.0,"a":27.4,"w":"C","cod":"002503","estrato":2,"estrato_mean":2.0,"np":1,"p2":73.4,"g22":12.6,"src":"2026","abs":34.2},"geometry":{"type":"Polygon","coordinates":[[[-74.1207,4.5279],[-74.1209,4.5283],[-74.1208,4.5273],[-74.1233,4.5258],[-74.122,4.5247],[-74.1243,4.5225],[-74.1224,4.52],[-74.1204,4.5195],[-74.1204,4.5188],[-74.1176,4.5186],[-74.1183,4.5188],[-74.1186,4.5204],[-74.1184,4.524],[-74.1204,4.523],[-74.1217,4.5249],[-74.1205,4.5268],[-74.1207,4.5279]]]}},{"type":"Feature","properties":{"b":"Iragua","loc":"Suba","upz":"Casa Blanca Suba","uso":"Residencial","d":-7.4,"c":14.6,"a":57.6,"w":"A","cod":"009247","estrato":2,"estrato_mean":2.0,"np":1,"p2":31.0,"g22":9.1,"src":"2026","abs":12.9},"geometry":{"type":"Polygon","coordinates":[[[-74.0662,4.7607],[-74.0678,4.7618],[-74.0691,4.7589],[-74.0665,4.7585],[-74.0662,4.7607]]]}},{"type":"Feature","properties":{"b":"Garcés Navas Sur","loc":"Engativá","upz":"Garcés Navas","uso":"Residencial","d":-7.9,"c":36.4,"a":40.5,"w":"A","cod":"005655","estrato":3,"estrato_mean":3.0,"np":1,"p2":55.7,"g22":11.4,"src":"2026","abs":34.5},"geometry":{"type":"Polygon","coordinates":[[[-74.1242,4.7118],[-74.1211,4.7142],[-74.1227,4.7156],[-74.1259,4.7133],[-74.1242,4.7118]]]}},{"type":"Feature","properties":{"b":"El Listón","loc":"Los Mártires","upz":"La Sabana","uso":"Comercial","d":-6.0,"c":37.9,"a":44.9,"w":"A","cod":"006106","estrato":3,"estrato_mean":3.0,"np":2,"p2":54.2,"g22":10.7,"src":"2026","abs":47.1},"geometry":{"type":"Polygon","coordinates":[[[-74.0796,4.6098],[-74.0806,4.6106],[-74.0809,4.6136],[-74.0823,4.616],[-74.087,4.6099],[-74.0833,4.6066],[-74.0817,4.6088],[-74.0809,4.6082],[-74.0796,4.6098]]]}},{"type":"Feature","properties":{"b":"La Liberia","loc":"Usaquén","upz":"Toberín","uso":"Industrial","d":-5.0,"c":15.1,"a":52.9,"w":"A","cod":"008517","estrato":4,"estrato_mean":3.88,"np":1,"p2":51.7,"g22":11.6,"src":"2026","abs":17.2},"geometry":{"type":"Polygon","coordinates":[[[-74.0366,4.7393],[-74.0374,4.7396],[-74.0378,4.739],[-74.0393,4.7347],[-74.0321,4.7312],[-74.032,4.7382],[-74.0366,4.7393]]]}},{"type":"Feature","properties":{"b":"Timiza","loc":"Kennedy","upz":"Timiza","uso":"Residencial","d":-4.3,"c":41.3,"a":38.3,"w":"C","cod":"004512","estrato":3,"estrato_mean":3.0,"np":1,"p2":58.3,"g22":12.7,"src":"2026","abs":26.9},"geometry":{"type":"Polygon","coordinates":[[[-74.1518,4.6132],[-74.1446,4.619],[-74.1559,4.6165],[-74.1556,4.6146],[-74.1543,4.6147],[-74.1518,4.6132]]]}},{"type":"Feature","properties":{"b":"Moralba","loc":"San Cristóbal","upz":"La Gloria","uso":"Residencial","d":-6.6,"c":67.5,"a":19.1,"w":"C","cod":"001316","estrato":2,"estrato_mean":1.83,"np":1,"p2":85.5,"g22":11.4,"src":"2026","abs":27.4},"geometry":{"type":"Polygon","coordinates":[[[-74.0776,4.5464],[-74.0836,4.5463],[-74.0833,4.5432],[-74.083,4.5441],[-74.0818,4.5428],[-74.0802,4.5423],[-74.0793,4.5439],[-74.0794,4.5448],[-74.0773,4.5447],[-74.0764,4.5433],[-74.077,4.5419],[-74.0757,4.5406],[-74.0765,4.5421],[-74.0752,4.5458],[-74.0776,4.5464]]]}},{"type":"Feature","properties":{"b":"El Pantano","loc":"Engativá","upz":"Engativá","uso":"Residencial","d":-4.7,"c":53.5,"a":28.8,"w":"C","cod":"106201","estrato":3,"estrato_mean":3.0,"np":1,"p2":70.4,"g22":12.3,"src":"2026","abs":34.4},"geometry":{"type":"Polygon","coordinates":[[[-74.1556,4.7233],[-74.1571,4.7237],[-74.1575,4.7243],[-74.1569,4.7255],[-74.1579,4.7255],[-74.1598,4.7238],[-74.1605,4.7215],[-74.1601,4.72],[-74.1563,4.7172],[-74.156,4.7182],[-74.1552,4.7175],[-74.1557,4.7205],[-74.1554,4.7225],[-74.1513,4.7221],[-74.1513,4.7225],[-74.1556,4.7233]]]}},{"type":"Feature","properties":{"b":"Santa Inés Sur","loc":"San Cristóbal","upz":"San Blas","uso":"Residencial","d":-5.9,"c":62.4,"a":21.2,"w":"C","cod":"001308","estrato":2,"estrato_mean":2.0,"np":1,"p2":80.8,"g22":12.5,"src":"2026","abs":23.8},"geometry":{"type":"Polygon","coordinates":[[[-74.0866,4.562],[-74.0872,4.5585],[-74.0901,4.5596],[-74.0906,4.5589],[-74.0892,4.5577],[-74.0877,4.5542],[-74.0848,4.5536],[-74.0839,4.5569],[-74.0852,4.5642],[-74.0868,4.5641],[-74.0866,4.562]]]}},{"type":"Feature","properties":{"b":"Santa Bárbara Central","loc":"Usaquén","upz":"Santa Bárbara","uso":"Comercial","d":-2.3,"c":8.5,"a":67.1,"w":"A","cod":"008415","estrato":6,"estrato_mean":5.97,"np":1,"p2":16.7,"g22":5.8,"src":"2026","abs":31.9},"geometry":{"type":"Polygon","coordinates":[[[-74.0428,4.7041],[-74.0432,4.6963],[-74.0345,4.6942],[-74.0332,4.6972],[-74.0329,4.7035],[-74.037,4.7046],[-74.0428,4.7041]]]}},{"type":"Feature","properties":{"b":"Estrella Del Norte","loc":"Usaquén","upz":"Toberín","uso":"Industrial","d":-3.6,"c":18.8,"a":54.6,"w":"A","cod":"008519","estrato":4,"estrato_mean":3.82,"np":1,"p2":33.7,"g22":10.0,"src":"2026","abs":7.9},"geometry":{"type":"Polygon","coordinates":[[[-74.0376,4.7396],[-74.048,4.7419],[-74.0487,4.7378],[-74.0426,4.7363],[-74.0393,4.7347],[-74.0376,4.7396]]]}},{"type":"Feature","properties":{"b":"La Peña I","loc":"Santa Fe","upz":"Lourdes","uso":"Residencial","d":-4.3,"c":66.1,"a":18.6,"w":"C","cod":"003221","estrato":2,"estrato_mean":2.0,"np":1,"p2":83.0,"g22":12.6,"src":"2026","abs":45.2},"geometry":{"type":"Polygon","coordinates":[[[-74.0646,4.5863],[-74.0654,4.5869],[-74.066,4.5863],[-74.0646,4.5863]]]}},{"type":"Feature","properties":{"b":"San Vicente Ferrer","loc":"Tunjuelito","upz":"Venecia","uso":"Residencial","d":-12.3,"c":51.7,"a":30.5,"w":"C","cod":"002402","estrato":2,"estrato_mean":2.0,"np":1,"p2":73.8,"g22":9.7,"src":"2026","abs":21.2},"geometry":{"type":"Polygon","coordinates":[[[-74.1403,4.5857],[-74.142,4.5854],[-74.1427,4.5819],[-74.1405,4.5768],[-74.1364,4.5785],[-74.1384,4.5838],[-74.1403,4.5857]]]}},{"type":"Feature","properties":{"b":"Paloquemao","loc":"Los Mártires","upz":"La Sabana","uso":"Comercial","d":-7.1,"c":41.5,"a":37.6,"w":"C","cod":"006107","estrato":3,"estrato_mean":3.0,"np":1,"p2":60.6,"g22":12.0,"src":"2026","abs":36.8},"geometry":{"type":"Polygon","coordinates":[[[-74.0841,4.6182],[-74.0865,4.6206],[-74.0919,4.6142],[-74.087,4.6099],[-74.0823,4.616],[-74.0841,4.6182]]]}},{"type":"Feature","properties":{"b":"Santa Isabel Sur","loc":"Los Mártires","upz":"Santa Isabel","uso":"Residencial","d":-9.9,"c":35.3,"a":45.6,"w":"A","cod":"004107","estrato":3,"estrato_mean":3.0,"np":1,"p2":55.1,"g22":9.9,"src":"2026","abs":32.6},"geometry":{"type":"Polygon","coordinates":[[[-74.0979,4.5965],[-74.1036,4.6009],[-74.107,4.5984],[-74.1027,4.595],[-74.099,4.5949],[-74.0979,4.5965]]]}},{"type":"Feature","properties":{"b":"San Carlos","loc":"Tunjuelito","upz":"Tunjuelito","uso":"Residencial","d":-7.3,"c":48.2,"a":35.0,"w":"C","cod":"002501","estrato":2,"estrato_mean":2.0,"np":3,"p2":65.7,"g22":11.9,"src":"2026","abs":37.0},"geometry":{"type":"Polygon","coordinates":[[[-74.1304,4.5622],[-74.1265,4.5662],[-74.1299,4.5703],[-74.1369,4.5674],[-74.1304,4.5622]]]}},{"type":"Feature","properties":{"b":"Casablanca Suba I","loc":"Suba","upz":"La Academia","uso":"Residencial","d":-11.3,"c":27.2,"a":46.1,"w":"A","cod":"107110","estrato":6,"estrato_mean":6.0,"np":1,"p2":49.2,"g22":10.7,"src":"2026","abs":16.4},"geometry":{"type":"Polygon","coordinates":[[[-74.0507,4.7798],[-74.0538,4.7801],[-74.0531,4.7837],[-74.0586,4.784],[-74.0582,4.792],[-74.0625,4.792],[-74.0643,4.7844],[-74.0619,4.7767],[-74.0637,4.7726],[-74.0594,4.7697],[-74.0586,4.7697],[-74.0596,4.7725],[-74.0475,4.7691],[-74.047,4.773],[-74.0457,4.7726],[-74.0453,4.7748],[-74.0508,4.7767],[-74.0507,4.7798]]]}},{"type":"Feature","properties":{"b":"José Antonio Galán","loc":"Bosa","upz":"Bosa Central","uso":"Residencial","d":-5.4,"c":52.7,"a":30.5,"w":"C","cod":"004569","estrato":2,"estrato_mean":2.0,"np":1,"p2":69.8,"g22":11.7,"src":"2026","abs":38.3},"geometry":{"type":"Polygon","coordinates":[[[-74.1775,4.6069],[-74.1779,4.6083],[-74.1774,4.6096],[-74.1785,4.6111],[-74.1812,4.6086],[-74.1808,4.6076],[-74.1816,4.6073],[-74.1814,4.6066],[-74.1807,4.6068],[-74.1801,4.6053],[-74.181,4.6051],[-74.1804,4.6036],[-74.1795,4.6036],[-74.1782,4.6046],[-74.1787,4.6057],[-74.1775,4.6069]]]}},{"type":"Feature","properties":{"b":"Marsella","loc":"Kennedy","upz":"Bavaria","uso":"Residencial","d":-10.6,"c":33.7,"a":42.9,"w":"A","cod":"006502","estrato":3,"estrato_mean":3.02,"np":5,"p2":53.2,"g22":11.3,"src":"2026","abs":25.7},"geometry":{"type":"Polygon","coordinates":[[[-74.1236,4.6407],[-74.1244,4.6418],[-74.1259,4.6397],[-74.1341,4.6327],[-74.1375,4.633],[-74.1378,4.6305],[-74.1261,4.6293],[-74.1236,4.6407]]]}},{"type":"Feature","properties":{"b":"San Antonio Noroccidental","loc":"Usaquén","upz":"La Uribe","uso":"Residencial","d":-6.8,"c":29.1,"a":46.3,"w":"A","cod":"008528","estrato":2,"estrato_mean":2.26,"np":3,"p2":45.4,"g22":11.1,"src":"2026","abs":27.8},"geometry":{"type":"Polygon","coordinates":[[[-74.0374,4.7603],[-74.0407,4.7603],[-74.0455,4.7577],[-74.0463,4.7534],[-74.0431,4.7528],[-74.043,4.7534],[-74.0402,4.7532],[-74.0401,4.7554],[-74.0371,4.7552],[-74.0369,4.7603],[-74.0374,4.7603]]]}},{"type":"Feature","properties":{"b":"Chicó Norte Ii Sector","loc":"Chapinero","upz":"El Refugio","uso":"Residencial","d":-2.8,"c":10.2,"a":58.8,"w":"A","cod":"008301","estrato":6,"estrato_mean":5.94,"np":2,"p2":20.8,"g22":7.1,"src":"2026","abs":53.9},"geometry":{"type":"Polygon","coordinates":[[[-74.0447,4.6833],[-74.048,4.6849],[-74.0499,4.681],[-74.0505,4.6813],[-74.0404,4.676],[-74.0401,4.6776],[-74.0382,4.6799],[-74.0447,4.6833]]]}},{"type":"Feature","properties":{"b":"Centro Usme Rural","loc":"Usme","upz":"Ciudad Usme","uso":"Residencial","d":-4.3,"c":67.2,"a":18.5,"w":"C","cod":"102601","estrato":1,"estrato_mean":1.0,"np":1,"p2":81.4,"g22":9.9,"src":"2026","abs":36.1},"geometry":{"type":"Polygon","coordinates":[[[-74.131,4.4652],[-74.1303,4.4641],[-74.1294,4.4642],[-74.1293,4.4631],[-74.1284,4.4681],[-74.1311,4.4709],[-74.1307,4.4724],[-74.1316,4.4734],[-74.1332,4.471],[-74.1309,4.4675],[-74.1308,4.4664],[-74.1316,4.4659],[-74.131,4.4652]]]}},{"type":"Feature","properties":{"b":"Prado Veraniego","loc":"Suba","upz":"El Prado","uso":"Residencial","d":-4.9,"c":28.8,"a":49.9,"w":"A","cod":"009107","estrato":3,"estrato_mean":3.0,"np":1,"p2":43.7,"g22":10.0,"src":"2026","abs":37.0},"geometry":{"type":"Polygon","coordinates":[[[-74.0527,4.7138],[-74.0517,4.7202],[-74.0535,4.7208],[-74.0537,4.7198],[-74.0569,4.7202],[-74.0576,4.7161],[-74.0593,4.7162],[-74.0596,4.7146],[-74.0527,4.7138]]]}},{"type":"Feature","properties":{"b":"Bosque De Pinos Iii","loc":"Usaquén","upz":"Los Cedros","uso":"Residencial","d":-6.8,"c":30.1,"a":46.9,"w":"A","cod":"008538","estrato":6,"estrato_mean":3.87,"np":2,"p2":49.3,"g22":11.5,"src":"2026","abs":30.8},"geometry":{"type":"Polygon","coordinates":[[[-74.0209,4.7252],[-74.0214,4.7275],[-74.0221,4.7279],[-74.0211,4.7277],[-74.0217,4.7293],[-74.0223,4.7291],[-74.0208,4.7312],[-74.0213,4.7312],[-74.0223,4.7328],[-74.0243,4.7334],[-74.0242,4.7289],[-74.0258,4.7239],[-74.0225,4.722],[-74.0225,4.7231],[-74.0199,4.7235],[-74.0209,4.7252]]]}},{"type":"Feature","properties":{"b":"Berlín","loc":"Suba","upz":"Tibabuyes","uso":"Residencial","d":-0.2,"c":59.3,"a":29.0,"w":"C","cod":"009259","estrato":2,"estrato_mean":2.0,"np":1,"p2":72.1,"g22":12.6,"src":"2026","abs":35.3},"geometry":{"type":"Polygon","coordinates":[[[-74.1221,4.7478],[-74.1191,4.7467],[-74.1164,4.747],[-74.1169,4.7462],[-74.114,4.7456],[-74.1134,4.7474],[-74.1212,4.7482],[-74.1222,4.7482],[-74.1221,4.7478]]]}},{"type":"Feature","properties":{"b":"Bilbao Rural","loc":"Suba","upz":"Tibabuyes","uso":"Residencial","d":-5.8,"c":49.9,"a":33.8,"w":"C","cod":"107904","estrato":2,"estrato_mean":2.0,"np":1,"p2":72.1,"g22":12.6,"src":"2026","abs":21.5},"geometry":{"type":"Polygon","coordinates":[[[-74.1241,4.7538],[-74.1252,4.7534],[-74.1232,4.7505],[-74.1225,4.7478],[-74.1222,4.7482],[-74.1193,4.748],[-74.1201,4.7499],[-74.1232,4.7505],[-74.1236,4.7524],[-74.1248,4.7534],[-74.123,4.7537],[-74.1241,4.7538]]]}},{"type":"Feature","properties":{"b":"Villa Israel","loc":"Usme","upz":"Comuneros","uso":"Residencial","d":-3.7,"c":69.4,"a":17.8,"w":"C","cod":"002594","estrato":1,"estrato_mean":1.0,"np":1,"p2":83.9,"g22":10.8,"src":"2026","abs":34.5},"geometry":{"type":"Polygon","coordinates":[[[-74.1168,4.4904],[-74.1172,4.4893],[-74.1164,4.4877],[-74.1141,4.4874],[-74.1128,4.488],[-74.1115,4.4898],[-74.1123,4.4913],[-74.113,4.4914],[-74.1143,4.4915],[-74.1145,4.4904],[-74.1156,4.4904],[-74.1161,4.4922],[-74.1168,4.4904]]]}},{"type":"Feature","properties":{"b":"El Bosque","loc":"Usme","upz":"Gran Yomasa","uso":"Residencial","d":-5.2,"c":55.8,"a":26.9,"w":"C","cod":"002609","estrato":1,"estrato_mean":1.0,"np":1,"p2":72.9,"g22":11.8,"src":"2026","abs":37.0},"geometry":{"type":"Polygon","coordinates":[[[-74.1001,4.5054],[-74.1,4.507],[-74.103,4.5053],[-74.1025,4.5041],[-74.1001,4.5054]]]}},{"type":"Feature","properties":{"b":"Bilbao","loc":"Suba","upz":"Tibabuyes","uso":"Residencial","d":-3.7,"c":54.5,"a":28.0,"w":"C","cod":"009252","estrato":2,"estrato_mean":2.0,"np":1,"p2":70.0,"g22":11.8,"src":"2026","abs":31.3},"geometry":{"type":"Polygon","coordinates":[[[-74.1132,4.7519],[-74.1176,4.7528],[-74.1178,4.7519],[-74.1191,4.7521],[-74.1194,4.7498],[-74.1201,4.7499],[-74.1193,4.748],[-74.1156,4.7477],[-74.1133,4.7506],[-74.1137,4.751],[-74.1132,4.7519]]]}},{"type":"Feature","properties":{"b":"Ciudad Kennedy Central","loc":"Kennedy","upz":"Kennedy Central","uso":"Residencial","d":-5.7,"c":43.1,"a":38.0,"w":"C","cod":"004511","estrato":3,"estrato_mean":3.0,"np":4,"p2":59.6,"g22":10.6,"src":"2026","abs":37.2},"geometry":{"type":"Polygon","coordinates":[[[-74.156,4.6165],[-74.1528,4.6171],[-74.1531,4.6195],[-74.1478,4.6254],[-74.1501,4.6276],[-74.1566,4.6205],[-74.156,4.6165]]]}},{"type":"Feature","properties":{"b":"Concepción Norte","loc":"Barrios Unidos","upz":"Los Alcázares","uso":"Residencial","d":-2.9,"c":39.4,"a":41.9,"w":"A","cod":"007304","estrato":3,"estrato_mean":3.0,"np":1,"p2":53.0,"g22":10.7,"src":"2026","abs":39.7},"geometry":{"type":"Polygon","coordinates":[[[-74.0657,4.6564],[-74.0631,4.6548],[-74.0619,4.6594],[-74.0632,4.6603],[-74.0657,4.6564]]]}},{"type":"Feature","properties":{"b":"Colón","loc":"Puente Aranda","upz":"San Rafael","uso":"Residencial","d":-10.3,"c":40.6,"a":38.2,"w":"C","cod":"004308","estrato":3,"estrato_mean":3.0,"np":2,"p2":59.1,"g22":11.4,"src":"2026","abs":26.8},"geometry":{"type":"Polygon","coordinates":[[[-74.1196,4.6196],[-74.1173,4.6175],[-74.1161,4.6189],[-74.117,4.6197],[-74.1164,4.6204],[-74.1152,4.62],[-74.1122,4.6236],[-74.1145,4.6256],[-74.1196,4.6196]]]}},{"type":"Feature","properties":{"b":"Ciudad Jardín Sur","loc":"Antonio Nariño","upz":"Ciudad Jardín","uso":"Residencial","d":-8.0,"c":34.5,"a":44.8,"w":"A","cod":"001204","estrato":3,"estrato_mean":3.0,"np":2,"p2":53.0,"g22":10.6,"src":"2026","abs":35.5},"geometry":{"type":"Polygon","coordinates":[[[-74.0957,4.5849],[-74.1026,4.5812],[-74.0946,4.5758],[-74.0905,4.5813],[-74.0936,4.5821],[-74.0957,4.5849]]]}},{"type":"Feature","properties":{"b":"Jiménez De Quesada Ii Sector","loc":"Bosa","upz":"Bosa Central","uso":"Residencial","d":-7.3,"c":53.0,"a":30.3,"w":"C","cod":"004586","estrato":2,"estrato_mean":2.0,"np":2,"p2":70.8,"g22":11.8,"src":"2026","abs":37.3},"geometry":{"type":"Polygon","coordinates":[[[-74.1866,4.6103],[-74.1877,4.6099],[-74.189,4.6078],[-74.1894,4.6101],[-74.1917,4.6099],[-74.189,4.6042],[-74.185,4.608],[-74.1866,4.6103]]]}},{"type":"Feature","properties":{"b":"Mirandela","loc":"Suba","upz":"San José De Bavaria","uso":"Residencial","d":-9.9,"c":26.3,"a":47.6,"w":"A","cod":"009133","estrato":3,"estrato_mean":3.44,"np":2,"p2":46.2,"g22":10.5,"src":"2026","abs":16.6},"geometry":{"type":"Polygon","coordinates":[[[-74.0595,4.7725],[-74.0586,4.7697],[-74.0594,4.7697],[-74.0462,4.7603],[-74.0451,4.7601],[-74.0437,4.768],[-74.0595,4.7725]]]}},{"type":"Feature","properties":{"b":"San Bernardo","loc":"Santa Fe","upz":"Las Cruces","uso":"Residencial","d":-7.0,"c":48.5,"a":35.5,"w":"C","cod":"003201","estrato":2,"estrato_mean":2.0,"np":1,"p2":66.2,"g22":10.7,"src":"2026","abs":49.7},"geometry":{"type":"Polygon","coordinates":[[[-74.0849,4.5893],[-74.081,4.595],[-74.0847,4.5971],[-74.0889,4.5919],[-74.0849,4.5893]]]}},{"type":"Feature","properties":{"b":"Lucero Del Sur","loc":"Ciudad Bolívar","upz":"Lucero","uso":"Residencial","d":-5.5,"c":56.7,"a":26.0,"w":"C","cod":"002517","estrato":2,"estrato_mean":1.99,"np":1,"p2":74.9,"g22":12.8,"src":"2026","abs":36.0},"geometry":{"type":"Polygon","coordinates":[[[-74.1413,4.5471],[-74.1397,4.548],[-74.1398,4.5489],[-74.1405,4.5487],[-74.1404,4.5493],[-74.1394,4.5499],[-74.14,4.5521],[-74.1369,4.5522],[-74.1377,4.5554],[-74.1423,4.5529],[-74.1433,4.5528],[-74.1434,4.5535],[-74.1441,4.5532],[-74.1457,4.5511],[-74.1436,4.5503],[-74.1437,4.5497],[-74.1419,4.5502],[-74.1425,4.5498],[-74.1426,4.5471],[-74.1424,4.5465],[-74.1413,4.5471]]]}},{"type":"Feature","properties":{"b":"Altos Del Poblado","loc":"San Cristóbal","upz":"La Gloria","uso":"Residencial","d":-5.0,"c":59.9,"a":24.0,"w":"C","cod":"001333","estrato":2,"estrato_mean":2.0,"np":1,"p2":78.4,"g22":13.5,"src":"2026","abs":35.4},"geometry":{"type":"Polygon","coordinates":[[[-74.0867,4.5472],[-74.0859,4.5491],[-74.0864,4.55],[-74.0878,4.5504],[-74.088,4.5479],[-74.0867,4.5472]]]}},{"type":"Feature","properties":{"b":"Los Naranjos","loc":"Suba","upz":"El Rincón","uso":"Residencial","d":-0.1,"c":53.7,"a":31.4,"w":"C","cod":"009201","estrato":2,"estrato_mean":2.02,"np":1,"p2":64.2,"g22":10.5,"src":"2026","abs":33.1},"geometry":{"type":"Polygon","coordinates":[[[-74.0851,4.7274],[-74.0877,4.7297],[-74.0893,4.7261],[-74.085,4.7247],[-74.0852,4.7232],[-74.0838,4.7238],[-74.0836,4.7251],[-74.0851,4.7274]]]}},{"type":"Feature","properties":{"b":"Los Alpes Sur","loc":"Ciudad Bolívar","upz":"Lucero","uso":"Residencial","d":-3.0,"c":62.8,"a":23.1,"w":"C","cod":"002559","estrato":1,"estrato_mean":1.0,"np":1,"p2":77.6,"g22":11.8,"src":"2026","abs":38.4},"geometry":{"type":"Polygon","coordinates":[[[-74.1526,4.5453],[-74.154,4.5462],[-74.1534,4.5449],[-74.1555,4.5443],[-74.1553,4.5431],[-74.1562,4.5414],[-74.1516,4.5414],[-74.1516,4.5435],[-74.1526,4.5436],[-74.1526,4.5453]]]}},{"type":"Feature","properties":{"b":"Charles De Gaulle","loc":"Bosa","upz":"Bosa Central","uso":"Residencial","d":-5.5,"c":55.3,"a":32.5,"w":"C","cod":"004574","estrato":2,"estrato_mean":2.0,"np":1,"p2":74.8,"g22":12.3,"src":"2026","abs":43.8},"geometry":{"type":"Polygon","coordinates":[[[-74.2026,4.6067],[-74.2024,4.6062],[-74.2008,4.6062],[-74.1997,4.6071],[-74.2006,4.6078],[-74.2026,4.6067]]]}},{"type":"Feature","properties":{"b":"Ciudad Londres I Rural","loc":"San Cristóbal","upz":"Los Libertadores","uso":"Residencial","d":-5.3,"c":62.9,"a":20.3,"w":"C","cod":"101407","estrato":2,"estrato_mean":2.0,"np":1,"p2":81.6,"g22":13.4,"src":"2026","abs":42.6},"geometry":{"type":"Polygon","coordinates":[[[-74.0847,4.5191],[-74.0843,4.5187],[-74.0848,4.5184],[-74.081,4.5177],[-74.0847,4.5191]]]}},{"type":"Feature","properties":{"b":"Bella Flor Rural","loc":"Ciudad Bolívar","upz":"Lucero","uso":"Residencial","d":-4.8,"c":65.8,"a":19.3,"w":"C","cod":"104305","estrato":1,"estrato_mean":1.0,"np":1,"p2":82.9,"g22":12.2,"src":"2026","abs":49.9},"geometry":{"type":"Polygon","coordinates":[[[-74.1583,4.5436],[-74.1584,4.5453],[-74.159,4.5455],[-74.1597,4.5439],[-74.1583,4.5436]]]}},{"type":"Feature","properties":{"b":"San Pedro Rural","loc":"Suba","upz":"Tibabuyes","uso":"Residencial","d":-3.8,"c":52.6,"a":32.4,"w":"C","cod":"107114","estrato":2,"estrato_mean":2.0,"np":1,"p2":68.6,"g22":12.2,"src":"2026","abs":43.5},"geometry":{"type":"Polygon","coordinates":[[[-74.1222,4.7478],[-74.1228,4.747],[-74.1237,4.7475],[-74.1235,4.7469],[-74.1224,4.747],[-74.1222,4.7478]]]}},{"type":"Feature","properties":{"b":"San Rafael Usme","loc":"San Cristóbal","upz":"Los Libertadores","uso":"Residencial","d":-6.9,"c":65.9,"a":19.5,"w":"C","cod":"001322","estrato":2,"estrato_mean":1.5,"np":1,"p2":83.1,"g22":10.3,"src":"2026","abs":29.0},"geometry":{"type":"Polygon","coordinates":[[[-74.0857,4.5324],[-74.0871,4.5311],[-74.0866,4.5294],[-74.0826,4.5277],[-74.081,4.5287],[-74.0857,4.5324]]]}},{"type":"Feature","properties":{"b":"San Rafael Usme Rural I","loc":"San Cristóbal","upz":"Los Libertadores","uso":"Residencial","d":-6.9,"c":65.9,"a":19.5,"w":"C","cod":"101408","estrato":2,"estrato_mean":2.0,"np":1,"p2":83.1,"g22":10.3,"src":"2026","abs":29.0},"geometry":{"type":"Polygon","coordinates":[[[-74.0811,4.5288],[-74.0826,4.5277],[-74.0803,4.5266],[-74.08,4.5277],[-74.0811,4.5288]]]}},{"type":"Feature","properties":{"b":"Villa Del Río","loc":"Bosa","upz":"Apogeo","uso":"Residencial","d":-8.6,"c":43.1,"a":37.8,"w":"C","cod":"004546","estrato":3,"estrato_mean":3.0,"np":2,"p2":63.0,"g22":11.6,"src":"2026","abs":33.6},"geometry":{"type":"Polygon","coordinates":[[[-74.1589,4.6052],[-74.1619,4.6047],[-74.1626,4.596],[-74.1522,4.5999],[-74.1523,4.601],[-74.1536,4.6012],[-74.1551,4.6028],[-74.1566,4.6031],[-74.1575,4.6041],[-74.1587,4.6036],[-74.1589,4.6052]]]}},{"type":"Feature","properties":{"b":"La Estancia","loc":"Ciudad Bolívar","upz":"Ismael Perdomo","uso":"Residencial","d":-6.3,"c":57.2,"a":27.1,"w":"C","cod":"002418","estrato":2,"estrato_mean":2.0,"np":3,"p2":74.8,"g22":11.4,"src":"2026","abs":37.9},"geometry":{"type":"Polygon","coordinates":[[[-74.1697,4.5957],[-74.1723,4.5965],[-74.1787,4.5968],[-74.1786,4.5933],[-74.177,4.5919],[-74.1721,4.5918],[-74.1697,4.5957]]]}},{"type":"Feature","properties":{"b":"Guadalupe","loc":"Ciudad Bolívar","upz":"Arborizadora","uso":"Residencial","d":-6.6,"c":44.5,"a":35.8,"w":"C","cod":"004563","estrato":2,"estrato_mean":2.14,"np":1,"p2":65.2,"g22":12.1,"src":"2026","abs":18.1},"geometry":{"type":"Polygon","coordinates":[[[-74.1521,4.5996],[-74.1611,4.5959],[-74.1547,4.5965],[-74.1498,4.5953],[-74.1501,4.5969],[-74.1521,4.5996]]]}},{"type":"Feature","properties":{"b":"Alquería La Fragua Norte","loc":"Kennedy","upz":"Carvajal","uso":"Comercial","d":-6.6,"c":46.6,"a":36.6,"w":"C","cod":"004542","estrato":2,"estrato_mean":2.02,"np":1,"p2":60.1,"g22":11.8,"src":"2026","abs":20.1},"geometry":{"type":"Polygon","coordinates":[[[-74.129,4.6093],[-74.1367,4.6061],[-74.134,4.6014],[-74.129,4.6093]]]}},{"type":"Feature","properties":{"b":"San Eusebio","loc":"Puente Aranda","upz":"Ciudad Montes","uso":"Residencial","d":-6.7,"c":37.7,"a":41.6,"w":"A","cod":"004401","estrato":3,"estrato_mean":3.0,"np":4,"p2":55.6,"g22":11.4,"src":"2026","abs":36.0},"geometry":{"type":"Polygon","coordinates":[[[-74.1211,4.6033],[-74.1193,4.6067],[-74.122,4.6119],[-74.129,4.6093],[-74.1243,4.6045],[-74.1219,4.603],[-74.1211,4.6033]]]}},{"type":"Feature","properties":{"b":"Tejar","loc":"Puente Aranda","upz":"Muzú","uso":"Residencial","d":-3.7,"c":39.7,"a":40.7,"w":"A","cod":"004408","estrato":3,"estrato_mean":3.0,"np":1,"p2":54.9,"g22":11.5,"src":"2026","abs":34.9},"geometry":{"type":"Polygon","coordinates":[[[-74.13,4.6029],[-74.1263,4.6065],[-74.129,4.6093],[-74.1318,4.6048],[-74.13,4.6029]]]}},{"type":"Feature","properties":{"b":"Tundama","loc":"Kennedy","upz":"Timiza","uso":"Residencial","d":-6.6,"c":44.1,"a":36.7,"w":"C","cod":"004515","estrato":3,"estrato_mean":3.0,"np":1,"p2":62.8,"g22":12.1,"src":"2026","abs":25.9},"geometry":{"type":"Polygon","coordinates":[[[-74.147,4.602],[-74.1497,4.6028],[-74.1516,4.6021],[-74.1522,4.5999],[-74.147,4.602]]]}},{"type":"Feature","properties":{"b":"Corredor Férreo Del Sur","loc":"Puente Aranda","upz":"Ciudad Montes","uso":"Residencial","d":-6.6,"c":53.9,"a":29.9,"w":"C","cod":"004572","estrato":3,"estrato_mean":3.0,"np":1,"p2":62.3,"g22":11.8,"src":"2026","abs":27.8},"geometry":{"type":"Polygon","coordinates":[[[-74.0906,4.624],[-74.0931,4.6238],[-74.1611,4.5962],[-74.1693,4.5963],[-74.1804,4.5974],[-74.1846,4.5963],[-74.1776,4.5969],[-74.172,4.5964],[-74.1697,4.5957],[-74.1611,4.5959],[-74.093,4.6236],[-74.0912,4.6239],[-74.0892,4.6233],[-74.0906,4.624]]]}},{"type":"Feature","properties":{"b":"Bella Flor Sur","loc":"Ciudad Bolívar","upz":"Lucero","uso":"Residencial","d":-4.8,"c":65.8,"a":19.3,"w":"C","cod":"104107","estrato":1,"estrato_mean":1.0,"np":1,"p2":82.9,"g22":12.2,"src":"2026","abs":49.9},"geometry":{"type":"Polygon","coordinates":[[[-74.1598,4.5413],[-74.1594,4.5421],[-74.1608,4.5423],[-74.1616,4.5411],[-74.161,4.5406],[-74.1614,4.54],[-74.1627,4.5399],[-74.1643,4.5416],[-74.1663,4.54],[-74.167,4.5382],[-74.1622,4.5391],[-74.1615,4.5382],[-74.1598,4.5413]]]}},{"type":"Feature","properties":{"b":"Torca I","loc":"Usaquén","upz":"Paseo De Los Libertadores","uso":"Residencial","d":0.5,"c":27.0,"a":53.6,"w":"A","cod":"008539","estrato":6,"estrato_mean":5.33,"np":1,"p2":34.6,"g22":8.1,"src":"2026","abs":58.6},"geometry":{"type":"Polygon","coordinates":[[[-74.0305,4.8089],[-74.0308,4.8114],[-74.0324,4.8114],[-74.0324,4.8122],[-74.0309,4.8121],[-74.0307,4.8172],[-74.0313,4.8214],[-74.0343,4.8217],[-74.034,4.8246],[-74.0345,4.8247],[-74.0411,4.7836],[-74.0369,4.7836],[-74.0358,4.788],[-74.0319,4.7873],[-74.0333,4.7966],[-74.0344,4.7968],[-74.0341,4.7986],[-74.0336,4.7985],[-74.034,4.8079],[-74.0303,4.8076],[-74.0326,4.8078],[-74.0324,4.809],[-74.0305,4.8089]]]}},{"type":"Feature","properties":{"b":"Las Navetas","loc":"Fontibón","upz":"Aeropuerto El Dorado","uso":"Residencial","d":-1.0,"c":52.5,"a":31.6,"w":"C","cod":"005672","estrato":3,"estrato_mean":3.0,"np":1,"p2":66.2,"g22":12.7,"src":"2026","abs":39.5},"geometry":{"type":"Polygon","coordinates":[[[-74.1593,4.7082],[-74.1621,4.7072],[-74.1608,4.7039],[-74.159,4.705],[-74.1583,4.7041],[-74.1549,4.7065],[-74.156,4.708],[-74.1593,4.7082]]]}},{"type":"Feature","properties":{"b":"Sosiego Sur","loc":"Rafael Uribe Uribe","upz":"San José","uso":"Residencial","d":-5.9,"c":46.5,"a":35.9,"w":"C","cod":"001404","estrato":3,"estrato_mean":3.0,"np":1,"p2":62.5,"g22":11.4,"src":"2026","abs":23.6},"geometry":{"type":"Polygon","coordinates":[[[-74.1011,4.5688],[-74.0946,4.5758],[-74.0971,4.5776],[-74.1001,4.5737],[-74.1012,4.5746],[-74.104,4.571],[-74.1011,4.5688]]]}},{"type":"Feature","properties":{"b":"Villa Mayor Oriental","loc":"Antonio Nariño","upz":"Restrepo","uso":"Comercial","d":-6.9,"c":37.5,"a":41.7,"w":"A","cod":"002309","estrato":3,"estrato_mean":3.0,"np":3,"p2":55.5,"g22":10.7,"src":"2026","abs":28.7},"geometry":{"type":"Polygon","coordinates":[[[-74.1182,4.5926],[-74.118,4.5946],[-74.1248,4.5937],[-74.1316,4.5936],[-74.1275,4.5923],[-74.1231,4.589],[-74.1195,4.5891],[-74.1187,4.5901],[-74.1182,4.5926]]]}},{"type":"Feature","properties":{"b":"Ciudad Salitre Nor-Oriental","loc":"Teusaquillo","upz":"Ciudad Salitre Oriental","uso":"Dotacional","d":-16.5,"c":20.0,"a":51.3,"w":"A","cod":"006216","estrato":4,"estrato_mean":4.2,"np":2,"p2":41.9,"g22":10.0,"src":"2026","abs":21.1},"geometry":{"type":"Polygon","coordinates":[[[-74.0995,4.6474],[-74.1034,4.6536],[-74.1065,4.6495],[-74.0975,4.6377],[-74.0958,4.6388],[-74.0929,4.6373],[-74.0995,4.6474]]]}},{"type":"Feature","properties":{"b":"Bavaria","loc":"Kennedy","upz":"Castilla","uso":"Residencial","d":-6.2,"c":36.4,"a":40.8,"w":"A","cod":"006504","estrato":3,"estrato_mean":3.0,"np":1,"p2":52.3,"g22":11.1,"src":"2026","abs":18.0},"geometry":{"type":"Polygon","coordinates":[[[-74.1382,4.6419],[-74.1396,4.6426],[-74.1424,4.6372],[-74.1407,4.635],[-74.1402,4.6364],[-74.1372,4.6355],[-74.1352,4.6404],[-74.1382,4.6419]]]}},{"type":"Feature","properties":{"b":"La Capuchina","loc":"Santa Fe","upz":"Las Nieves","uso":"Comercial","d":-2.8,"c":48.7,"a":37.8,"w":"C","cod":"003108","estrato":3,"estrato_mean":3.0,"np":1,"p2":60.2,"g22":8.7,"src":"2026","abs":61.8},"geometry":{"type":"Polygon","coordinates":[[[-74.0781,4.6062],[-74.0805,4.6028],[-74.0775,4.6009],[-74.0738,4.6069],[-74.0762,4.6088],[-74.0781,4.6062]]]}},{"type":"Feature","properties":{"b":"Pardo Rubio","loc":"Chapinero","upz":"Pardo Rubio","uso":"Residencial","d":-11.3,"c":42.5,"a":28.3,"w":"C","cod":"008208","estrato":4,"estrato_mean":4.0,"np":1,"p2":65.9,"g22":12.0,"src":"2026","abs":22.3},"geometry":{"type":"Polygon","coordinates":[[[-74.0603,4.6385],[-74.0629,4.6395],[-74.0642,4.6314],[-74.0619,4.6311],[-74.0623,4.63],[-74.0607,4.6321],[-74.0598,4.637],[-74.059,4.6366],[-74.0588,4.637],[-74.0597,4.6375],[-74.0593,4.6387],[-74.0603,4.6385]]]}},{"type":"Feature","properties":{"b":"La Vega San Bernardino","loc":"Bosa","upz":"Tintal Sur","uso":"Residencial","d":-3.6,"c":57.7,"a":25.3,"w":"C","cod":"004624","estrato":1,"estrato_mean":1.0,"np":1,"p2":73.4,"g22":12.0,"src":"2026","abs":31.9},"geometry":{"type":"Polygon","coordinates":[[[-74.2072,4.6204],[-74.2079,4.6197],[-74.2068,4.6195],[-74.2072,4.6204]]]}},{"type":"Feature","properties":{"b":"Los Arrayanes","loc":"Usme","upz":"Ciudad Usme","uso":"Residencial","d":-12.0,"c":64.6,"a":22.3,"w":"C","cod":"102111","estrato":1,"estrato_mean":1.0,"np":1,"p2":87.9,"g22":11.3,"src":"2026","abs":80.0},"geometry":{"type":"Polygon","coordinates":[[[-74.1382,4.3858],[-74.1393,4.3883],[-74.141,4.3892],[-74.1413,4.3916],[-74.1423,4.3903],[-74.1425,4.3874],[-74.1461,4.388],[-74.1472,4.3868],[-74.1485,4.3868],[-74.1489,4.3875],[-74.1517,4.3872],[-74.1523,4.3862],[-74.1537,4.387],[-74.1559,4.3832],[-74.1575,4.3768],[-74.1569,4.3748],[-74.1572,4.3719],[-74.1578,4.3705],[-74.1587,4.3701],[-74.1592,4.3679],[-74.1601,4.3529],[-74.1599,4.3447],[-74.161,4.3339],[-74.161,4.3287],[-74.1593,4.3232],[-74.1579,4.3208],[-74.1583,4.3196],[-74.1575,4.3178],[-74.1574,4.3141],[-74.1563,4.3103],[-74.1517,4.3037],[-74.1494,4.3017],[-74.149,4.2964],[-74.148,4.2982],[-74.1431,4.2983],[-74.1415,4.2962],[-74.1415,4.2942],[-74.1383,4.3026],[-74.1386,4.3048],[-74.1377,4.3073],[-74.1386,4.3084],[-74.1394,4.3117],[-74.1388,4.3139],[-74.138,4.3145],[-74.1381,4.3155],[-74.1408,4.32],[-74.1409,4.323],[-74.1397,4.3277],[-74.1431,4.3316],[-74.1429,4.3328],[-74.1412,4.3347],[-74.1413,4.338],[-74.1401,4.3401],[-74.1423,4.3453],[-74.1418,4.35],[-74.1427,4.3523],[-74.1419,4.3548],[-74.1404,4.3551],[-74.1386,4.3573],[-74.1377,4.3608],[-74.1379,4.3623],[-74.1363,4.3648],[-74.1364,4.3671],[-74.135,4.3693],[-74.1357,4.3721],[-74.1353,4.3733],[-74.1382,4.3758],[-74.1382,4.3776],[-74.1397,4.3785],[-74.1404,4.3814],[-74.1402,4.3825],[-74.1384,4.3835],[-74.1382,4.3858]]]}},{"type":"Feature","properties":{"b":"Segundo Contador","loc":"Usaquén","upz":"Los Cedros","uso":"Residencial","d":-7.4,"c":13.7,"a":56.7,"w":"A","cod":"008424","estrato":3,"estrato_mean":3.0,"np":1,"p2":29.9,"g22":8.8,"src":"2026","abs":20.6},"geometry":{"type":"Polygon","coordinates":[[[-74.0242,4.7116],[-74.0247,4.7126],[-74.024,4.7133],[-74.0242,4.7146],[-74.0288,4.7147],[-74.0292,4.7118],[-74.0242,4.7116]]]}},{"type":"Feature","properties":{"b":"El Tintal Iv","loc":"Kennedy","upz":"Tintal Norte","uso":"Residencial","d":-11.8,"c":40.6,"a":37.8,"w":"C","cod":"006534","estrato":2,"estrato_mean":2.0,"np":1,"p2":64.0,"g22":11.7,"src":"2026","abs":21.0},"geometry":{"type":"Polygon","coordinates":[[[-74.1423,4.659],[-74.1472,4.6558],[-74.1429,4.6532],[-74.1394,4.6561],[-74.1423,4.659]]]}},{"type":"Feature","properties":{"b":"Santa Teresa De Suba","loc":"Suba","upz":"El Rincón","uso":"Residencial","d":-5.4,"c":47.0,"a":32.2,"w":"C","cod":"009238","estrato":2,"estrato_mean":2.0,"np":1,"p2":63.9,"g22":11.5,"src":"2026","abs":29.7},"geometry":{"type":"Polygon","coordinates":[[[-74.1004,4.7258],[-74.1002,4.7262],[-74.1009,4.7267],[-74.1014,4.7256],[-74.1038,4.7261],[-74.1041,4.724],[-74.1022,4.7217],[-74.1009,4.7213],[-74.1003,4.7181],[-74.099,4.7173],[-74.0969,4.7173],[-74.095,4.7156],[-74.0927,4.7172],[-74.0944,4.7185],[-74.0953,4.7202],[-74.0971,4.7208],[-74.0982,4.7226],[-74.1,4.7236],[-74.0994,4.7247],[-74.1001,4.724],[-74.1004,4.7258]]]}},{"type":"Feature","properties":{"b":"Estación Central","loc":"Puente Aranda","upz":"Zona Industrial","uso":"Industrial","d":-10.7,"c":52.5,"a":32.1,"w":"C","cod":"006204","estrato":3,"estrato_mean":3.0,"np":2,"p2":71.4,"g22":8.0,"src":"2026","abs":42.3},"geometry":{"type":"Polygon","coordinates":[[[-74.0878,4.6218],[-74.0898,4.6197],[-74.093,4.6228],[-74.0968,4.6187],[-74.0919,4.6142],[-74.0866,4.6205],[-74.0878,4.6218]]]}},{"type":"Feature","properties":{"b":"Santa Rosa","loc":"Suba","upz":"La Floresta","uso":"Residencial","d":-4.7,"c":20.3,"a":55.3,"w":"A","cod":"005402","estrato":4,"estrato_mean":3.56,"np":1,"p2":34.4,"g22":9.4,"src":"2026","abs":30.6},"geometry":{"type":"Polygon","coordinates":[[[-74.0696,4.6984],[-74.0699,4.6993],[-74.0749,4.698],[-74.077,4.6991],[-74.0791,4.696],[-74.0816,4.6948],[-74.0809,4.6932],[-74.0846,4.6945],[-74.0856,4.6968],[-74.0886,4.6959],[-74.0888,4.6952],[-74.0826,4.6883],[-74.0696,4.6984]]]}},{"type":"Feature","properties":{"b":"Calandaima","loc":"Kennedy","upz":"Calandaima","uso":"Residencial","d":-4.3,"c":51.7,"a":30.2,"w":"C","cod":"004601","estrato":2,"estrato_mean":2.0,"np":1,"p2":68.7,"g22":12.6,"src":"2026","abs":25.3},"geometry":{"type":"Polygon","coordinates":[[[-74.1645,4.6434],[-74.1677,4.6474],[-74.1707,4.6448],[-74.1669,4.6397],[-74.1637,4.6423],[-74.1645,4.6434]]]}},{"type":"Feature","properties":{"b":"Bochica","loc":"Puente Aranda","upz":"Ciudad Montes","uso":"Residencial","d":-5.4,"c":32.1,"a":48.6,"w":"A","cod":"004211","estrato":3,"estrato_mean":3.0,"np":1,"p2":48.7,"g22":10.2,"src":"2026","abs":20.8},"geometry":{"type":"Polygon","coordinates":[[[-74.1065,4.6075],[-74.1068,4.6078],[-74.1078,4.6069],[-74.1084,4.6072],[-74.1106,4.6043],[-74.1082,4.6023],[-74.1045,4.6059],[-74.1065,4.6075]]]}},{"type":"Feature","properties":{"b":"El Muelle","loc":"Engativá","upz":"Engativá","uso":"Residencial","d":-6.3,"c":43.5,"a":37.5,"w":"C","cod":"005652","estrato":2,"estrato_mean":2.0,"np":1,"p2":60.8,"g22":11.0,"src":"2026","abs":28.5},"geometry":{"type":"Polygon","coordinates":[[[-74.1235,4.6995],[-74.1242,4.7011],[-74.1256,4.6998],[-74.1267,4.7013],[-74.1258,4.7023],[-74.127,4.7029],[-74.1278,4.7026],[-74.1296,4.6988],[-74.1264,4.6963],[-74.1235,4.6995]]]}},{"type":"Feature","properties":{"b":"Jerusalén","loc":"Ciudad Bolívar","upz":"Jerusalén","uso":"Residencial","d":-6.3,"c":54.1,"a":27.9,"w":"C","cod":"002434","estrato":1,"estrato_mean":1.0,"np":1,"p2":73.1,"g22":12.7,"src":"2026","abs":33.2},"geometry":{"type":"Polygon","coordinates":[[[-74.1599,4.5717],[-74.1595,4.5709],[-74.1604,4.57],[-74.1604,4.569],[-74.1591,4.5691],[-74.158,4.5715],[-74.1548,4.574],[-74.1564,4.5758],[-74.1579,4.5745],[-74.1589,4.575],[-74.1591,4.5723],[-74.1599,4.5717]]]}},{"type":"Feature","properties":{"b":"El Nuevo Portal","loc":"Usme","upz":"Alfonso López","uso":"Residencial","d":-4.9,"c":56.4,"a":26.2,"w":"C","cod":"002616","estrato":1,"estrato_mean":1.0,"np":2,"p2":72.6,"g22":12.3,"src":"2026","abs":36.9},"geometry":{"type":"Polygon","coordinates":[[[-74.1038,4.4883],[-74.1027,4.4886],[-74.1024,4.4912],[-74.1002,4.4964],[-74.1034,4.4969],[-74.1047,4.4912],[-74.1038,4.4883]]]}},{"type":"Feature","properties":{"b":"Quiroga I","loc":"Rafael Uribe Uribe","upz":"Quiroga","uso":"Residencial","d":-7.3,"c":50.8,"a":32.0,"w":"C","cod":"002209","estrato":3,"estrato_mean":3.0,"np":1,"p2":68.9,"g22":10.8,"src":"2026","abs":37.1},"geometry":{"type":"Polygon","coordinates":[[[-74.1133,4.5835],[-74.1107,4.5779],[-74.108,4.5787],[-74.1109,4.5843],[-74.1133,4.5835]]]}},{"type":"Feature","properties":{"b":"Quiba","loc":"Ciudad Bolívar","upz":"El Tesoro","uso":"Residencial","d":-6.1,"c":61.9,"a":23.0,"w":"C","cod":"002530","estrato":1,"estrato_mean":1.0,"np":1,"p2":79.1,"g22":11.1,"src":"2026","abs":48.3},"geometry":{"type":"Polygon","coordinates":[[[-74.1432,4.541],[-74.1427,4.5391],[-74.144,4.5384],[-74.146,4.5391],[-74.1464,4.5383],[-74.1459,4.5367],[-74.1424,4.5371],[-74.1423,4.5376],[-74.1395,4.5374],[-74.1384,4.5391],[-74.1432,4.541]]]}},{"type":"Feature","properties":{"b":"Charalá","loc":"Usme","upz":"Comuneros","uso":"Residencial","d":-4.3,"c":64.7,"a":21.5,"w":"C","cod":"002611","estrato":1,"estrato_mean":1.02,"np":1,"p2":78.2,"g22":9.2,"src":"2026","abs":33.9},"geometry":{"type":"Polygon","coordinates":[[[-74.1044,4.5057],[-74.1079,4.5019],[-74.1087,4.503],[-74.1111,4.5036],[-74.1073,4.4982],[-74.1055,4.4996],[-74.1066,4.5001],[-74.1043,4.5046],[-74.1044,4.5057]]]}},{"type":"Feature","properties":{"b":"Atenas","loc":"San Cristóbal","upz":"20 De Julio","uso":"Residencial","d":-3.8,"c":63.1,"a":22.7,"w":"C","cod":"001305","estrato":2,"estrato_mean":2.0,"np":2,"p2":79.7,"g22":10.6,"src":"2026","abs":40.8},"geometry":{"type":"Polygon","coordinates":[[[-74.0906,4.5564],[-74.091,4.5575],[-74.0898,4.5599],[-74.0908,4.5603],[-74.0924,4.5579],[-74.0936,4.5582],[-74.095,4.5597],[-74.0959,4.5565],[-74.0953,4.5559],[-74.0934,4.5556],[-74.0919,4.5541],[-74.0906,4.5564]]]}},{"type":"Feature","properties":{"b":"Santa Mónica","loc":"Engativá","upz":"Garcés Navas","uso":"Residencial","d":-11.3,"c":40.4,"a":36.1,"w":"C","cod":"005641","estrato":3,"estrato_mean":3.0,"np":1,"p2":63.6,"g22":11.9,"src":"2026","abs":23.5},"geometry":{"type":"Polygon","coordinates":[[[-74.1138,4.7012],[-74.1181,4.7031],[-74.1196,4.7014],[-74.1162,4.6984],[-74.1138,4.7012]]]}},{"type":"Feature","properties":{"b":"La Candelaria","loc":"Suba","upz":"Guaymaral","uso":"Residencial","d":-1.6,"c":7.7,"a":68.5,"w":"A","cod":"009141","estrato":2,"estrato_mean":2.0,"np":1,"p2":14.8,"g22":5.5,"src":"2026","abs":30.3},"geometry":{"type":"Polygon","coordinates":[[[-74.0749,4.8058],[-74.0761,4.8062],[-74.0764,4.8034],[-74.0757,4.8032],[-74.0749,4.8058]]]}},{"type":"Feature","properties":{"b":"Lagunitas Urbano","loc":"Ciudad Bolívar","upz":"Monte Blanco","uso":"Residencial","d":-5.1,"c":67.9,"a":17.9,"w":"C","cod":"002595","estrato":1,"estrato_mean":1.0,"np":1,"p2":84.3,"g22":11.4,"src":"2026","abs":44.4},"geometry":{"type":"Polygon","coordinates":[[[-74.1481,4.5104],[-74.1492,4.5107],[-74.1491,4.5084],[-74.1502,4.5073],[-74.1487,4.5065],[-74.1482,4.5055],[-74.1473,4.5059],[-74.1469,4.5076],[-74.146,4.5072],[-74.1448,4.5079],[-74.1458,4.5061],[-74.1432,4.5069],[-74.1431,4.5087],[-74.1445,4.5095],[-74.1469,4.5091],[-74.1466,4.5102],[-74.1481,4.5104]]]}},{"type":"Feature","properties":{"b":"Tibabuyes","loc":"Suba","upz":"Tibabuyes","uso":"Residencial","d":-4.2,"c":46.9,"a":34.9,"w":"C","cod":"009257","estrato":2,"estrato_mean":2.0,"np":2,"p2":62.8,"g22":11.9,"src":"2026","abs":31.0},"geometry":{"type":"Polygon","coordinates":[[[-74.1107,4.7314],[-74.109,4.7277],[-74.1078,4.7268],[-74.1054,4.7303],[-74.1069,4.7321],[-74.1089,4.7327],[-74.1095,4.7349],[-74.1073,4.7389],[-74.1081,4.7385],[-74.1091,4.7393],[-74.1079,4.7423],[-74.1111,4.7403],[-74.1132,4.7418],[-74.1141,4.7407],[-74.1187,4.7439],[-74.1197,4.7434],[-74.1193,4.7432],[-74.1198,4.742],[-74.1178,4.7391],[-74.1149,4.7375],[-74.1116,4.7367],[-74.1136,4.7335],[-74.1107,4.7314]]]}},{"type":"Feature","properties":{"b":"Autopista Sur","loc":"Puente Aranda","upz":"Muzú","uso":"Residencial","d":-4.3,"c":32.9,"a":49.7,"w":"A","cod":"004404","estrato":3,"estrato_mean":3.0,"np":1,"p2":47.6,"g22":10.5,"src":"2026","abs":32.8},"geometry":{"type":"Polygon","coordinates":[[[-74.1219,4.603],[-74.1229,4.6036],[-74.1315,4.5938],[-74.1275,4.5938],[-74.1267,4.5944],[-74.1257,4.5974],[-74.1213,4.6026],[-74.1219,4.603]]]}},{"type":"Feature","properties":{"b":"Jiménez De Quesada","loc":"Bosa","upz":"Bosa Central","uso":"Residencial","d":-5.1,"c":66.1,"a":19.2,"w":"C","cod":"004523","estrato":2,"estrato_mean":2.0,"np":2,"p2":82.0,"g22":10.4,"src":"2026","abs":42.1},"geometry":{"type":"Polygon","coordinates":[[[-74.185,4.608],[-74.1871,4.606],[-74.186,4.6018],[-74.1852,4.6019],[-74.1854,4.6031],[-74.182,4.6045],[-74.1842,4.6083],[-74.185,4.608]]]}},{"type":"Feature","properties":{"b":"San Antonio","loc":"Bosa","upz":"Bosa Occidental","uso":"Residencial","d":-4.4,"c":50.1,"a":32.1,"w":"C","cod":"004594","estrato":2,"estrato_mean":2.0,"np":1,"p2":67.6,"g22":13.0,"src":"2026","abs":34.5},"geometry":{"type":"Polygon","coordinates":[[[-74.1943,4.6281],[-74.198,4.6266],[-74.1993,4.6257],[-74.1991,4.6251],[-74.2011,4.6242],[-74.2006,4.6229],[-74.1993,4.6228],[-74.1941,4.625],[-74.1949,4.6275],[-74.1943,4.6281]]]}},{"type":"Feature","properties":{"b":"Gran Colombiano","loc":"Bosa","upz":"Bosa Central","uso":"Residencial","d":-5.4,"c":59.6,"a":24.7,"w":"C","cod":"004539","estrato":2,"estrato_mean":2.0,"np":2,"p2":76.4,"g22":11.8,"src":"2026","abs":35.9},"geometry":{"type":"Polygon","coordinates":[[[-74.2003,4.6138],[-74.2005,4.6118],[-74.2014,4.6121],[-74.2016,4.6107],[-74.2022,4.6108],[-74.203,4.6095],[-74.1998,4.6072],[-74.199,4.6093],[-74.1959,4.6087],[-74.1956,4.6098],[-74.1948,4.6096],[-74.1947,4.61],[-74.1961,4.6103],[-74.1966,4.6118],[-74.1962,4.6121],[-74.1977,4.6132],[-74.1979,4.6148],[-74.1988,4.615],[-74.1985,4.6175],[-74.2001,4.6173],[-74.2003,4.6138]]]}},{"type":"Feature","properties":{"b":"Desarrollo Brazuelos","loc":"Usme","upz":"Comuneros","uso":"Residencial","d":0.9,"c":68.5,"a":18.2,"w":"C","cod":"002592","estrato":1,"estrato_mean":1.0,"np":1,"p2":79.0,"g22":11.4,"src":"2026","abs":34.8},"geometry":{"type":"Polygon","coordinates":[[[-74.1213,4.4956],[-74.1222,4.4932],[-74.123,4.4937],[-74.1227,4.4915],[-74.1235,4.4916],[-74.1236,4.4911],[-74.1202,4.4907],[-74.1209,4.489],[-74.1198,4.4907],[-74.1199,4.4915],[-74.1191,4.491],[-74.1194,4.4902],[-74.1182,4.4907],[-74.1189,4.4924],[-74.1172,4.4926],[-74.1172,4.4937],[-74.1187,4.4937],[-74.1183,4.495],[-74.1213,4.4956]]]}},{"type":"Feature","properties":{"b":"Renania Urapanes","loc":"Kennedy","upz":"Timiza","uso":"Residencial","d":-6.6,"c":44.1,"a":36.7,"w":"C","cod":"004582","estrato":2,"estrato_mean":2.2,"np":1,"p2":62.8,"g22":12.1,"src":"2026","abs":25.9},"geometry":{"type":"Polygon","coordinates":[[[-74.1457,4.6063],[-74.1465,4.6075],[-74.1483,4.6066],[-74.1479,4.6055],[-74.1492,4.6026],[-74.1467,4.6021],[-74.1457,4.6063]]]}},{"type":"Feature","properties":{"b":"Dintalito","loc":"Kennedy","upz":"Patio Bonito","uso":"Residencial","d":-6.8,"c":47.7,"a":35.6,"w":"C","cod":"004618","estrato":2,"estrato_mean":2.0,"np":1,"p2":66.6,"g22":12.2,"src":"2026","abs":34.2},"geometry":{"type":"Polygon","coordinates":[[[-74.1687,4.6296],[-74.1667,4.6313],[-74.1703,4.6377],[-74.1716,4.637],[-74.1704,4.6348],[-74.1718,4.634],[-74.1692,4.6292],[-74.1687,4.6296]]]}},{"type":"Feature","properties":{"b":"Ciudadela El Recreo Ii","loc":"Bosa","upz":"Tintal Sur","uso":"Residencial","d":-5.3,"c":56.7,"a":26.7,"w":"C","cod":"004638","estrato":2,"estrato_mean":2.0,"np":2,"p2":75.3,"g22":11.8,"src":"2026","abs":18.2},"geometry":{"type":"Polygon","coordinates":[[[-74.2005,4.6377],[-74.2019,4.6404],[-74.2045,4.6389],[-74.1997,4.6284],[-74.1962,4.63],[-74.2005,4.6377]]]}},{"type":"Feature","properties":{"b":"Jorge Uribe Botero","loc":"Bosa","upz":"Bosa Occidental","uso":"Residencial","d":-5.8,"c":44.0,"a":37.0,"w":"C","cod":"004568","estrato":2,"estrato_mean":2.0,"np":1,"p2":62.8,"g22":13.0,"src":"2026","abs":29.2},"geometry":{"type":"Polygon","coordinates":[[[-74.1772,4.6237],[-74.1805,4.6231],[-74.1816,4.6222],[-74.1798,4.6201],[-74.178,4.6216],[-74.1772,4.6206],[-74.1733,4.6231],[-74.1751,4.6258],[-74.1765,4.624],[-74.177,4.626],[-74.1783,4.6255],[-74.1787,4.625],[-74.1772,4.6237]]]}},{"type":"Feature","properties":{"b":"Tairona","loc":"Kennedy","upz":"Patio Bonito","uso":"Residencial","d":-6.6,"c":51.6,"a":31.2,"w":"C","cod":"004564","estrato":2,"estrato_mean":2.0,"np":1,"p2":70.4,"g22":12.2,"src":"2026","abs":39.3},"geometry":{"type":"Polygon","coordinates":[[[-74.1576,4.6419],[-74.1592,4.6402],[-74.1581,4.6391],[-74.1565,4.6405],[-74.1576,4.6419]]]}},{"type":"Feature","properties":{"b":"Armenia","loc":"Teusaquillo","upz":"Teusaquillo","uso":"Comercial","d":-6.9,"c":45.3,"a":33.5,"w":"C","cod":"007105","estrato":4,"estrato_mean":3.94,"np":1,"p2":62.4,"g22":10.1,"src":"2026","abs":42.7},"geometry":{"type":"Polygon","coordinates":[[[-74.0728,4.6154],[-74.0702,4.6204],[-74.0713,4.6208],[-74.0743,4.6203],[-74.075,4.6184],[-74.0728,4.6154]]]}},{"type":"Feature","properties":{"b":"Santa Bárbara Occidental","loc":"Usaquén","upz":"Santa Bárbara","uso":"Comercial","d":-2.8,"c":7.7,"a":65.0,"w":"A","cod":"008417","estrato":5,"estrato_mean":5.35,"np":1,"p2":17.2,"g22":6.7,"src":"2026","abs":24.1},"geometry":{"type":"Polygon","coordinates":[[[-74.0432,4.6965],[-74.0428,4.7041],[-74.0539,4.7067],[-74.0551,4.6995],[-74.0488,4.6984],[-74.0432,4.6965]]]}},{"type":"Feature","properties":{"b":"Tibabuyes Occidental","loc":"Suba","upz":"Tibabuyes","uso":"Residencial","d":-5.8,"c":49.9,"a":33.8,"w":"C","cod":"009250","estrato":2,"estrato_mean":2.0,"np":1,"p2":72.1,"g22":12.6,"src":"2026","abs":21.5},"geometry":{"type":"MultiPolygon","coordinates":[[[[-74.1244,4.7536],[-74.1248,4.7534],[-74.1236,4.7524],[-74.1232,4.7505],[-74.1194,4.7498],[-74.1191,4.7521],[-74.1178,4.7519],[-74.1176,4.7528],[-74.1244,4.7536]]],[[[-74.1232,4.7538],[-74.1232,4.7539],[-74.1232,4.7538],[-74.1232,4.7538]]]]}},{"type":"Feature","properties":{"b":"El Portal Del Divino","loc":"Usme","upz":"Alfonso López","uso":"Residencial","d":-2.6,"c":65.2,"a":21.0,"w":"C","cod":"002630","estrato":1,"estrato_mean":1.0,"np":1,"p2":78.6,"g22":10.8,"src":"2026","abs":40.0},"geometry":{"type":"Polygon","coordinates":[[[-74.0961,4.4873],[-74.0964,4.4881],[-74.0985,4.4874],[-74.0989,4.4863],[-74.1005,4.4852],[-74.0988,4.4844],[-74.0977,4.4848],[-74.096,4.4857],[-74.0961,4.4873]]]}},{"type":"Feature","properties":{"b":"Centro Fontibón","loc":"Fontibón","upz":"Fontibón","uso":"Residencial","d":-4.7,"c":36.4,"a":43.4,"w":"A","cod":"006410","estrato":3,"estrato_mean":3.0,"np":3,"p2":52.2,"g22":11.8,"src":"2026","abs":39.6},"geometry":{"type":"Polygon","coordinates":[[[-74.1491,4.6767],[-74.1441,4.6707],[-74.1393,4.6749],[-74.1447,4.6805],[-74.1491,4.6767]]]}},{"type":"Feature","properties":{"b":"Las Acacias","loc":"Kennedy","upz":"Patio Bonito","uso":"Residencial","d":-3.6,"c":53.2,"a":29.3,"w":"C","cod":"004626","estrato":1,"estrato_mean":1.0,"np":1,"p2":68.3,"g22":11.5,"src":"2026","abs":25.2},"geometry":{"type":"Polygon","coordinates":[[[-74.1786,4.6492],[-74.1783,4.6485],[-74.1763,4.6497],[-74.1773,4.6512],[-74.1789,4.6496],[-74.1786,4.6492]]]}},{"type":"Feature","properties":{"b":"Perdomo Alto","loc":"Ciudad Bolívar","upz":"Ismael Perdomo","uso":"Residencial","d":-5.7,"c":61.8,"a":27.5,"w":"C","cod":"002448","estrato":1,"estrato_mean":1.0,"np":1,"p2":74.7,"g22":11.1,"src":"2026","abs":21.2},"geometry":{"type":"Polygon","coordinates":[[[-74.1714,4.5868],[-74.1718,4.5873],[-74.1728,4.5866],[-74.1765,4.5868],[-74.1761,4.5852],[-74.1742,4.5849],[-74.173,4.585],[-74.1727,4.586],[-74.1714,4.5868]]]}},{"type":"Feature","properties":{"b":"Las Gaviotas","loc":"San Cristóbal","upz":"Los Libertadores","uso":"Residencial","d":-6.9,"c":65.9,"a":19.5,"w":"C","cod":"001334","estrato":2,"estrato_mean":2.0,"np":1,"p2":83.1,"g22":10.3,"src":"2026","abs":29.0},"geometry":{"type":"Polygon","coordinates":[[[-74.081,4.5339],[-74.0838,4.5351],[-74.0848,4.5344],[-74.0853,4.5324],[-74.0821,4.5295],[-74.0815,4.5306],[-74.0795,4.5307],[-74.0812,4.5321],[-74.081,4.5339]]]}},{"type":"Feature","properties":{"b":"El Virrey","loc":"Usme","upz":"Comuneros","uso":"Residencial","d":-5.6,"c":58.7,"a":25.1,"w":"C","cod":"002548","estrato":2,"estrato_mean":2.0,"np":1,"p2":75.2,"g22":10.9,"src":"2026","abs":37.2},"geometry":{"type":"Polygon","coordinates":[[[-74.1107,4.5032],[-74.1143,4.5061],[-74.1164,4.5005],[-74.109,4.5005],[-74.1107,4.5032]]]}},{"type":"Feature","properties":{"b":"Velódromo","loc":"San Cristóbal","upz":"Sosiego","uso":"Residencial","d":-7.8,"c":50.4,"a":29.0,"w":"C","cod":"001114","estrato":3,"estrato_mean":3.0,"np":1,"p2":68.4,"g22":10.3,"src":"2026","abs":30.7},"geometry":{"type":"Polygon","coordinates":[[[-74.0884,4.5705],[-74.0864,4.5693],[-74.0856,4.5695],[-74.0855,4.5703],[-74.0856,4.5726],[-74.0872,4.5744],[-74.0859,4.5757],[-74.0881,4.5772],[-74.09,4.5747],[-74.0887,4.5742],[-74.0883,4.5726],[-74.089,4.572],[-74.0884,4.5705]]]}},{"type":"Feature","properties":{"b":"San Pedro","loc":"Fontibón","upz":"Zona Franca","uso":"Industrial","d":-7.2,"c":43.4,"a":36.2,"w":"C","cod":"105103","estrato":3,"estrato_mean":3.0,"np":1,"p2":62.6,"g22":12.0,"src":"2026","abs":24.5},"geometry":{"type":"Polygon","coordinates":[[[-74.1554,4.6635],[-74.1563,4.6652],[-74.1578,4.6663],[-74.1584,4.6685],[-74.1603,4.6668],[-74.1608,4.6648],[-74.1583,4.6637],[-74.1584,4.6626],[-74.1571,4.6615],[-74.1558,4.663],[-74.1552,4.663],[-74.1561,4.6634],[-74.1554,4.6635]]]}},{"type":"Feature","properties":{"b":"Tibabita","loc":"Usaquén","upz":"Verbenal","uso":"Residencial","d":-5.6,"c":37.6,"a":39.9,"w":"A","cod":"008521","estrato":3,"estrato_mean":2.75,"np":3,"p2":54.8,"g22":12.2,"src":"2026","abs":32.2},"geometry":{"type":"Polygon","coordinates":[[[-74.0312,4.766],[-74.0314,4.7603],[-74.0263,4.7602],[-74.0276,4.7641],[-74.0277,4.768],[-74.0271,4.7698],[-74.0311,4.77],[-74.0312,4.766]]]}},{"type":"Feature","properties":{"b":"La Alameda","loc":"Santa Fe","upz":"Las Nieves","uso":"Comercial","d":-12.8,"c":49.0,"a":34.5,"w":"C","cod":"003101","estrato":3,"estrato_mean":2.7,"np":1,"p2":70.6,"g22":8.7,"src":"2026","abs":48.0},"geometry":{"type":"Polygon","coordinates":[[[-74.0762,4.6088],[-74.0738,4.6069],[-74.0707,4.6123],[-74.0728,4.6154],[-74.0762,4.6088]]]}},{"type":"Feature","properties":{"b":"Cordillera Del Sur","loc":"Ciudad Bolívar","upz":"Lucero","uso":"Residencial","d":-3.0,"c":62.8,"a":23.1,"w":"C","cod":"002561","estrato":1,"estrato_mean":1.0,"np":1,"p2":77.6,"g22":11.8,"src":"2026","abs":38.4},"geometry":{"type":"Polygon","coordinates":[[[-74.1515,4.5414],[-74.1557,4.5413],[-74.1558,4.5394],[-74.1534,4.5384],[-74.1511,4.5387],[-74.1515,4.5414]]]}},{"type":"Feature","properties":{"b":"Bosque Popular","loc":"Engativá","upz":"Las Ferias","uso":"Residencial","d":-7.2,"c":36.9,"a":40.1,"w":"A","cod":"005505","estrato":3,"estrato_mean":3.0,"np":2,"p2":54.2,"g22":10.2,"src":"2026","abs":30.0},"geometry":{"type":"Polygon","coordinates":[[[-74.0931,4.6704],[-74.0982,4.6743],[-74.1009,4.6706],[-74.0937,4.666],[-74.0909,4.6696],[-74.0924,4.6707],[-74.0931,4.6704]]]}},{"type":"Feature","properties":{"b":"Chucua De La Vaca Ii","loc":"Kennedy","upz":"Corabastos","uso":"Residencial","d":-6.8,"c":47.7,"a":35.6,"w":"C","cod":"004620","estrato":2,"estrato_mean":2.0,"np":1,"p2":66.6,"g22":12.2,"src":"2026","abs":34.2},"geometry":{"type":"Polygon","coordinates":[[[-74.1614,4.6263],[-74.1669,4.6311],[-74.1685,4.6295],[-74.1641,4.6238],[-74.163,4.6243],[-74.1614,4.6263]]]}},{"type":"Feature","properties":{"b":"Bosque De Pinos Iii Rural","loc":"Usaquén","upz":"San Cristóbal Norte","uso":"Residencial","d":-5.5,"c":33.4,"a":45.7,"w":"A","cod":"108113","estrato":3,"estrato_mean":3.0,"np":1,"p2":50.5,"g22":11.6,"src":"2026","abs":36.2},"geometry":{"type":"Polygon","coordinates":[[[-74.0205,4.7327],[-74.0206,4.7323],[-74.0223,4.7328],[-74.0208,4.7311],[-74.0223,4.7291],[-74.0204,4.7279],[-74.0205,4.7298],[-74.0191,4.7297],[-74.0189,4.7316],[-74.0205,4.7327]]]}},{"type":"Feature","properties":{"b":"San Luis","loc":"Rafael Uribe Uribe","upz":"San José","uso":"Residencial","d":-5.3,"c":45.7,"a":34.8,"w":"C","cod":"001426","estrato":3,"estrato_mean":2.83,"np":1,"p2":62.7,"g22":11.6,"src":"2026","abs":27.6},"geometry":{"type":"Polygon","coordinates":[[[-74.1055,4.564],[-74.1009,4.5687],[-74.104,4.5709],[-74.1068,4.5675],[-74.1071,4.5667],[-74.1062,4.5657],[-74.1077,4.5654],[-74.1081,4.5633],[-74.1055,4.564]]]}},{"type":"Feature","properties":{"b":"El Pinar","loc":"San Cristóbal","upz":"Los Libertadores","uso":"Residencial","d":-3.6,"c":59.1,"a":22.6,"w":"C","cod":"001324","estrato":2,"estrato_mean":2.0,"np":1,"p2":77.2,"g22":14.4,"src":"2026","abs":32.7},"geometry":{"type":"Polygon","coordinates":[[[-74.0849,4.5341],[-74.0881,4.5385],[-74.0873,4.5392],[-74.0889,4.5384],[-74.0887,4.538],[-74.0912,4.5392],[-74.0915,4.5367],[-74.0907,4.5358],[-74.0876,4.5347],[-74.085,4.5328],[-74.0849,4.5341]]]}},{"type":"Feature","properties":{"b":"Alcázares Norte","loc":"Barrios Unidos","upz":"Los Alcázares","uso":"Residencial","d":-5.2,"c":33.3,"a":45.7,"w":"A","cod":"007404","estrato":3,"estrato_mean":3.0,"np":1,"p2":49.2,"g22":10.8,"src":"2026","abs":35.3},"geometry":{"type":"Polygon","coordinates":[[[-74.071,4.666],[-74.0671,4.663],[-74.066,4.6648],[-74.07,4.6673],[-74.071,4.666]]]}},{"type":"Feature","properties":{"b":"El Jazmín","loc":"Kennedy","upz":"Patio Bonito","uso":"Residencial","d":-6.2,"c":50.4,"a":32.2,"w":"C","cod":"004611","estrato":2,"estrato_mean":1.71,"np":1,"p2":68.2,"g22":11.5,"src":"2026","abs":32.8},"geometry":{"type":"Polygon","coordinates":[[[-74.1783,4.643],[-74.176,4.6447],[-74.1786,4.6492],[-74.1805,4.6473],[-74.1783,4.643]]]}},{"type":"Feature","properties":{"b":"Bosque De Modelia","loc":"Fontibón","upz":"Modelia","uso":"Residencial","d":-8.9,"c":25.1,"a":48.1,"w":"A","cod":"006316","estrato":3,"estrato_mean":3.5,"np":1,"p2":46.9,"g22":12.9,"src":"2026","abs":18.2},"geometry":{"type":"Polygon","coordinates":[[[-74.123,4.6746],[-74.1253,4.672],[-74.1235,4.6701],[-74.1214,4.6722],[-74.123,4.6746]]]}},{"type":"Feature","properties":{"b":"El Nuevo Portal Ii","loc":"Usme","upz":"Alfonso López","uso":"Residencial","d":-4.9,"c":55.4,"a":26.5,"w":"C","cod":"002620","estrato":1,"estrato_mean":1.0,"np":1,"p2":72.6,"g22":12.3,"src":"2026","abs":35.9},"geometry":{"type":"Polygon","coordinates":[[[-74.1008,4.4927],[-74.1013,4.4932],[-74.1024,4.4912],[-74.1008,4.4889],[-74.0986,4.4899],[-74.1008,4.4927]]]}},{"type":"Feature","properties":{"b":"Belén","loc":"Candelaria","upz":"La Candelaria","uso":"Residencial","d":-6.7,"c":55.7,"a":24.9,"w":"C","cod":"003204","estrato":2,"estrato_mean":2.0,"np":1,"p2":76.5,"g22":14.1,"src":"2026","abs":47.5},"geometry":{"type":"Polygon","coordinates":[[[-74.0734,4.5933],[-74.0746,4.5907],[-74.0714,4.5898],[-74.0705,4.5916],[-74.0734,4.5933]]]}},{"type":"Feature","properties":{"b":"Bosa 37","loc":"Bosa","upz":"Tintal Sur","uso":"Residencial","d":-3.1,"c":64.8,"a":19.6,"w":"C","cod":"205325","estrato":2,"estrato_mean":2.0,"np":1,"p2":78.7,"g22":10.8,"src":"2026","abs":26.7},"geometry":{"type":"Polygon","coordinates":[[[-74.2083,4.629],[-74.2072,4.6295],[-74.2089,4.6333],[-74.2147,4.6311],[-74.2146,4.6286],[-74.209,4.6306],[-74.2083,4.629]]]}},{"type":"Feature","properties":{"b":"El Refugio I","loc":"Chapinero","upz":"El Refugio","uso":"Residencial","d":-3.8,"c":6.7,"a":57.6,"w":"A","cod":"201105","estrato":6,"estrato_mean":6.0,"np":1,"p2":17.4,"g22":6.9,"src":"2026","abs":19.7},"geometry":{"type":"Polygon","coordinates":[[[-74.0409,4.6687],[-74.0428,4.6685],[-74.0409,4.6677],[-74.0409,4.6687]]]}},{"type":"Feature","properties":{"b":"Luis Carlos Galán","loc":"Engativá","upz":"Minuto De Dios","uso":"Residencial","d":-5.6,"c":43.0,"a":36.7,"w":"C","cod":"005661","estrato":1,"estrato_mean":1.34,"np":1,"p2":60.8,"g22":12.2,"src":"2026","abs":31.3},"geometry":{"type":"Polygon","coordinates":[[[-74.099,4.7173],[-74.1003,4.7179],[-74.0992,4.7163],[-74.0985,4.7163],[-74.099,4.7156],[-74.0986,4.7161],[-74.0978,4.7154],[-74.0983,4.7149],[-74.0971,4.7138],[-74.0951,4.7156],[-74.0969,4.7173],[-74.099,4.7173]]]}},{"type":"Feature","properties":{"b":"Chiguaza Urbano","loc":"San Cristóbal","upz":"La Gloria","uso":"Residencial","d":-6.0,"c":64.8,"a":19.6,"w":"C","cod":"001358","estrato":2,"estrato_mean":2.0,"np":1,"p2":81.9,"g22":11.1,"src":"2026","abs":36.7},"geometry":{"type":"Polygon","coordinates":[[[-74.0832,4.5366],[-74.0839,4.5369],[-74.0838,4.5351],[-74.079,4.5332],[-74.0786,4.5342],[-74.0832,4.5366]]]}},{"type":"Feature","properties":{"b":"París","loc":"Engativá","upz":"Boyacá Real","uso":"Residencial","d":-5.7,"c":43.9,"a":37.9,"w":"C","cod":"005619","estrato":3,"estrato_mean":3.0,"np":1,"p2":57.3,"g22":7.7,"src":"2026","abs":29.2},"geometry":{"type":"Polygon","coordinates":[[[-74.1067,4.7053],[-74.1095,4.7073],[-74.1115,4.7045],[-74.1037,4.6995],[-74.1009,4.703],[-74.1061,4.7056],[-74.1067,4.7053]]]}},{"type":"Feature","properties":{"b":"Autopista Medellín","loc":"Engativá","upz":"Minuto De Dios","uso":"Residencial","d":-4.5,"c":30.0,"a":48.5,"w":"A","cod":"005611","estrato":3,"estrato_mean":3.0,"np":1,"p2":45.6,"g22":11.1,"src":"2026","abs":33.8},"geometry":{"type":"Polygon","coordinates":[[[-74.0931,4.6976],[-74.0918,4.6989],[-74.0923,4.7033],[-74.0956,4.7034],[-74.0978,4.7006],[-74.0931,4.6976]]]}},{"type":"Feature","properties":{"b":"Casablanca Suba Urbano I","loc":"Suba","upz":"La Academia","uso":"Residencial","d":-6.0,"c":31.4,"a":47.2,"w":"A","cod":"009138","estrato":2,"estrato_mean":2.0,"np":1,"p2":49.0,"g22":11.5,"src":"2026","abs":45.3},"geometry":{"type":"Polygon","coordinates":[[[-74.0517,4.7836],[-74.0531,4.7837],[-74.0538,4.7801],[-74.0524,4.78],[-74.0517,4.7836]]]}},{"type":"Feature","properties":{"b":"Modelo Sur","loc":"San Cristóbal","upz":"Sosiego","uso":"Residencial","d":-11.1,"c":60.8,"a":20.9,"w":"C","cod":"001209","estrato":3,"estrato_mean":3.0,"np":1,"p2":76.9,"g22":5.0,"src":"2026","abs":57.1},"geometry":{"type":"Polygon","coordinates":[[[-74.0864,4.587],[-74.0882,4.5844],[-74.0863,4.583],[-74.0829,4.5874],[-74.0849,4.5893],[-74.0864,4.587]]]}},{"type":"Feature","properties":{"b":"Villa Hermosa","loc":"Suba","upz":"Suba","uso":"Residencial","d":-6.4,"c":43.3,"a":35.0,"w":"C","cod":"009244","estrato":2,"estrato_mean":2.0,"np":2,"p2":61.7,"g22":12.6,"src":"2026","abs":29.1},"geometry":{"type":"Polygon","coordinates":[[[-74.0893,4.7575],[-74.0935,4.7585],[-74.0938,4.7575],[-74.0933,4.7575],[-74.0931,4.7567],[-74.0929,4.7574],[-74.0929,4.7569],[-74.0922,4.7573],[-74.091,4.7568],[-74.0915,4.7558],[-74.0906,4.7554],[-74.091,4.754],[-74.0902,4.757],[-74.087,4.7564],[-74.0847,4.7579],[-74.0893,4.7575]]]}},{"type":"Feature","properties":{"b":"Club De Los Lagartos","loc":"Suba","upz":"La Floresta","uso":"Residencial","d":-4.7,"c":37.0,"a":40.8,"w":"A","cod":"009121","estrato":6,"estrato_mean":4.1,"np":1,"p2":53.4,"g22":11.7,"src":"2026","abs":22.2},"geometry":{"type":"Polygon","coordinates":[[[-74.0873,4.7137],[-74.0892,4.7144],[-74.09,4.7179],[-74.0913,4.7182],[-74.095,4.7156],[-74.0934,4.7132],[-74.0933,4.7114],[-74.0921,4.7106],[-74.0908,4.7108],[-74.0899,4.7071],[-74.088,4.7058],[-74.0883,4.6985],[-74.085,4.6967],[-74.0825,4.6982],[-74.0811,4.703],[-74.082,4.7066],[-74.0786,4.7117],[-74.0811,4.7123],[-74.0829,4.7113],[-74.0873,4.7137]]]}},{"type":"Feature","properties":{"b":"San Bernardino I","loc":"Bosa","upz":"Bosa Central","uso":"Residencial","d":-6.0,"c":58.8,"a":25.6,"w":"C","cod":"004597","estrato":2,"estrato_mean":2.0,"np":1,"p2":76.0,"g22":11.2,"src":"2026","abs":29.0},"geometry":{"type":"Polygon","coordinates":[[[-74.2032,4.6086],[-74.206,4.6093],[-74.2091,4.6063],[-74.2078,4.6039],[-74.2006,4.6078],[-74.2026,4.6093],[-74.2032,4.6086]]]}},{"type":"Feature","properties":{"b":"Cedritos Del Sur","loc":"Ciudad Bolívar","upz":"El Tesoro","uso":"Residencial","d":-4.7,"c":68.7,"a":18.3,"w":"C","cod":"002574","estrato":1,"estrato_mean":1.02,"np":1,"p2":83.1,"g22":9.6,"src":"2026","abs":40.8},"geometry":{"type":"Polygon","coordinates":[[[-74.1434,4.5417],[-74.1475,4.5415],[-74.1485,4.5405],[-74.1438,4.5385],[-74.1427,4.5391],[-74.1434,4.5417]]]}},{"type":"Feature","properties":{"b":"Ciudad Kennedy Sur","loc":"Kennedy","upz":"Kennedy Central","uso":"Residencial","d":-6.0,"c":50.6,"a":32.1,"w":"C","cod":"004507","estrato":3,"estrato_mean":3.0,"np":3,"p2":67.8,"g22":11.1,"src":"2026","abs":34.0},"geometry":{"type":"Polygon","coordinates":[[[-74.1626,4.6151],[-74.156,4.6165],[-74.1566,4.6203],[-74.1545,4.6228],[-74.1565,4.6246],[-74.1601,4.6206],[-74.1643,4.6181],[-74.1626,4.6151]]]}},{"type":"Feature","properties":{"b":"Normandía Occidental","loc":"Engativá","upz":"Santa Cecilia","uso":"Residencial","d":-6.4,"c":29.0,"a":50.3,"w":"A","cod":"005606","estrato":4,"estrato_mean":3.94,"np":1,"p2":45.5,"g22":10.1,"src":"2026","abs":33.6},"geometry":{"type":"Polygon","coordinates":[[[-74.1101,4.6758],[-74.1132,4.6721],[-74.113,4.6686],[-74.1116,4.6664],[-74.1038,4.6748],[-74.109,4.6792],[-74.1105,4.6773],[-74.1101,4.6758]]]}},{"type":"Feature","properties":{"b":"La Lomita","loc":"Suba","upz":"La Academia","uso":"Residencial","d":-3.2,"c":51.3,"a":27.5,"w":"C","cod":"107112","estrato":2,"estrato_mean":2.0,"np":1,"p2":62.6,"g22":8.1,"src":"2026","abs":66.5},"geometry":{"type":"Polygon","coordinates":[[[-74.0595,4.8022],[-74.0584,4.8061],[-74.0627,4.8075],[-74.0635,4.8049],[-74.0623,4.8045],[-74.0632,4.8019],[-74.0749,4.8058],[-74.0757,4.8032],[-74.0764,4.8034],[-74.0761,4.8061],[-74.0819,4.8073],[-74.0885,4.8031],[-74.0868,4.8022],[-74.0869,4.7992],[-74.0841,4.7979],[-74.0792,4.7971],[-74.0809,4.793],[-74.0799,4.7923],[-74.0803,4.7916],[-74.0768,4.7897],[-74.0763,4.7902],[-74.0703,4.7868],[-74.0679,4.7912],[-74.0657,4.7902],[-74.0684,4.7858],[-74.0647,4.7845],[-74.0649,4.784],[-74.0638,4.7856],[-74.0641,4.787],[-74.0595,4.8022]]]}},{"type":"Feature","properties":{"b":"Tibabita Rural","loc":"Usaquén","upz":"Paseo De Los Libertadores","uso":"Residencial","d":-5.3,"c":32.7,"a":43.7,"w":"A","cod":"108102","estrato":3,"estrato_mean":3.0,"np":1,"p2":63.0,"g22":14.4,"src":"2026","abs":18.5},"geometry":{"type":"Polygon","coordinates":[[[-74.0172,4.7851],[-74.0282,4.7845],[-74.0279,4.7837],[-74.0295,4.7835],[-74.0314,4.7842],[-74.0366,4.7836],[-74.0371,4.7788],[-74.0363,4.7787],[-74.0374,4.7787],[-74.0333,4.7781],[-74.0338,4.7729],[-74.0345,4.7731],[-74.0344,4.7705],[-74.0311,4.7695],[-74.0311,4.77],[-74.027,4.7698],[-74.0227,4.7689],[-74.0226,4.7647],[-74.0188,4.7649],[-74.018,4.7704],[-74.0158,4.7704],[-74.0158,4.7709],[-74.0169,4.7736],[-74.0156,4.7755],[-74.0158,4.7812],[-74.0165,4.7851],[-74.0172,4.7851]]]}},{"type":"Feature","properties":{"b":"Patio Bonito Ii","loc":"Kennedy","upz":"Patio Bonito","uso":"Residencial","d":-6.8,"c":48.4,"a":34.2,"w":"C","cod":"004555","estrato":2,"estrato_mean":2.0,"np":1,"p2":67.6,"g22":12.3,"src":"2026","abs":40.9},"geometry":{"type":"Polygon","coordinates":[[[-74.1639,4.6378],[-74.165,4.6393],[-74.1665,4.6376],[-74.1677,4.6392],[-74.1686,4.6385],[-74.1648,4.6329],[-74.1621,4.6355],[-74.1639,4.6378]]]}},{"type":"Feature","properties":{"b":"Brisas Del Volador","loc":"Ciudad Bolívar","upz":"Lucero","uso":"Residencial","d":-0.4,"c":70.9,"a":16.8,"w":"C","cod":"002587","estrato":1,"estrato_mean":1.0,"np":1,"p2":83.9,"g22":12.7,"src":"2026","abs":38.3},"geometry":{"type":"Polygon","coordinates":[[[-74.1535,4.545],[-74.1552,4.549],[-74.1565,4.5488],[-74.1556,4.5443],[-74.1535,4.545]]]}},{"type":"Feature","properties":{"b":"Las Américas","loc":"Teusaquillo","upz":"Teusaquillo","uso":"Comercial","d":-13.0,"c":48.9,"a":27.1,"w":"C","cod":"007107","estrato":4,"estrato_mean":4.0,"np":1,"p2":71.1,"g22":9.2,"src":"2026","abs":24.0},"geometry":{"type":"Polygon","coordinates":[[[-74.0784,4.6244],[-74.0763,4.6242],[-74.0796,4.6332],[-74.08,4.6295],[-74.0811,4.6272],[-74.0793,4.6246],[-74.0784,4.6244]]]}},{"type":"Feature","properties":{"b":"Timiza C","loc":"Kennedy","upz":"Timiza","uso":"Residencial","d":-6.3,"c":50.8,"a":31.6,"w":"C","cod":"004581","estrato":3,"estrato_mean":2.98,"np":1,"p2":68.4,"g22":11.3,"src":"2026","abs":38.6},"geometry":{"type":"Polygon","coordinates":[[[-74.1569,4.6142],[-74.1556,4.6146],[-74.1559,4.6165],[-74.1631,4.6148],[-74.1625,4.6136],[-74.1612,4.614],[-74.1599,4.6123],[-74.1569,4.6142]]]}},{"type":"Feature","properties":{"b":"Montevideo","loc":"Fontibón","upz":"Granjas De Techo","uso":"Industrial","d":-9.2,"c":27.9,"a":48.0,"w":"A","cod":"006307","estrato":3,"estrato_mean":3.0,"np":1,"p2":48.7,"g22":11.6,"src":"2026","abs":14.0},"geometry":{"type":"Polygon","coordinates":[[[-74.1146,4.6495],[-74.1159,4.6504],[-74.1177,4.6483],[-74.1193,4.6496],[-74.124,4.6439],[-74.1229,4.6407],[-74.1221,4.64],[-74.1158,4.6473],[-74.1118,4.644],[-74.1119,4.6433],[-74.1102,4.645],[-74.1146,4.6495]]]}},{"type":"Feature","properties":{"b":"Santiago Pérez","loc":"Rafael Uribe Uribe","upz":"Quiroga","uso":"Residencial","d":-4.4,"c":40.4,"a":32.2,"w":"C","cod":"002304","estrato":3,"estrato_mean":3.0,"np":1,"p2":56.8,"g22":12.0,"src":"2026","abs":40.9},"geometry":{"type":"Polygon","coordinates":[[[-74.109,4.5893],[-74.1098,4.5887],[-74.1119,4.5888],[-74.1116,4.5853],[-74.1109,4.5843],[-74.1097,4.5843],[-74.1106,4.5857],[-74.1081,4.588],[-74.109,4.5893]]]}},{"type":"Feature","properties":{"b":"Los Almendros","loc":"Kennedy","upz":"Patio Bonito","uso":"Residencial","d":-3.6,"c":53.2,"a":29.3,"w":"C","cod":"004609","estrato":2,"estrato_mean":2.0,"np":1,"p2":68.3,"g22":11.5,"src":"2026","abs":25.2},"geometry":{"type":"Polygon","coordinates":[[[-74.1755,4.6437],[-74.173,4.6449],[-74.1763,4.6497],[-74.1783,4.6485],[-74.1755,4.6437]]]}},{"type":"Feature","properties":{"b":"Espino","loc":"Ciudad Bolívar","upz":"Ismael Perdomo","uso":"Residencial","d":0.1,"c":65.6,"a":20.3,"w":"C","cod":"002423","estrato":1,"estrato_mean":1.0,"np":1,"p2":80.1,"g22":14.6,"src":"2026","abs":41.9},"geometry":{"type":"Polygon","coordinates":[[[-74.1718,4.5866],[-74.1731,4.585],[-74.1756,4.5853],[-74.1746,4.5815],[-74.1702,4.5827],[-74.1708,4.5848],[-74.1703,4.5851],[-74.1718,4.5866]]]}},{"type":"Feature","properties":{"b":"Castilla","loc":"Kennedy","upz":"Castilla","uso":"Residencial","d":-7.7,"c":33.8,"a":43.7,"w":"A","cod":"006506","estrato":3,"estrato_mean":3.0,"np":4,"p2":52.7,"g22":11.1,"src":"2026","abs":26.2},"geometry":{"type":"Polygon","coordinates":[[[-74.1409,4.6421],[-74.1433,4.6441],[-74.1468,4.6388],[-74.1482,4.6379],[-74.1448,4.6347],[-74.142,4.6377],[-74.1398,4.6428],[-74.1391,4.6431],[-74.1393,4.6437],[-74.1411,4.6431],[-74.1409,4.6421]]]}},{"type":"Feature","properties":{"b":"Chucua De La Vaca Iii","loc":"Kennedy","upz":"Corabastos","uso":"Residencial","d":-5.5,"c":37.4,"a":42.7,"w":"A","cod":"004619","estrato":2,"estrato_mean":2.0,"np":1,"p2":55.3,"g22":12.4,"src":"2026","abs":40.4},"geometry":{"type":"Polygon","coordinates":[[[-74.1623,4.6297],[-74.1638,4.6314],[-74.1644,4.6309],[-74.1659,4.632],[-74.1669,4.6311],[-74.1614,4.6263],[-74.1609,4.6277],[-74.1623,4.6297]]]}},{"type":"Feature","properties":{"b":"El Rubí","loc":"Kennedy","upz":"Timiza","uso":"Residencial","d":-5.2,"c":55.1,"a":28.2,"w":"C","cod":"004536","estrato":3,"estrato_mean":2.62,"np":1,"p2":71.9,"g22":11.7,"src":"2026","abs":26.9},"geometry":{"type":"Polygon","coordinates":[[[-74.1763,4.6113],[-74.1771,4.6124],[-74.1785,4.6112],[-74.1774,4.6096],[-74.1779,4.6081],[-74.1773,4.6064],[-74.1741,4.6081],[-74.1754,4.6108],[-74.1758,4.6105],[-74.1763,4.6113]]]}},{"type":"Feature","properties":{"b":"Santander Sur","loc":"Antonio Nariño","upz":"Restrepo","uso":"Comercial","d":-4.7,"c":41.5,"a":35.4,"w":"C","cod":"002302","estrato":3,"estrato_mean":3.0,"np":3,"p2":58.6,"g22":11.7,"src":"2026","abs":39.2},"geometry":{"type":"Polygon","coordinates":[[[-74.1123,4.5941],[-74.1125,4.5944],[-74.1154,4.5923],[-74.1146,4.5905],[-74.1154,4.5884],[-74.1099,4.5887],[-74.1089,4.5894],[-74.1123,4.5941]]]}},{"type":"Feature","properties":{"b":"Ciudad Salitre Sur-Oriental","loc":"Teusaquillo","upz":"Ciudad Salitre Oriental","uso":"Dotacional","d":-27.7,"c":20.0,"a":50.7,"w":"A","cod":"006217","estrato":4,"estrato_mean":4.17,"np":1,"p2":60.4,"g22":12.7,"src":"2026","abs":21.4},"geometry":{"type":"Polygon","coordinates":[[[-74.1042,4.6467],[-74.1065,4.6495],[-74.1105,4.6454],[-74.1008,4.6355],[-74.0975,4.6377],[-74.1042,4.6467]]]}},{"type":"Feature","properties":{"b":"La Paz","loc":"Rafael Uribe Uribe","upz":"Diana Turbay","uso":"Residencial","d":-5.4,"c":55.6,"a":26.9,"w":"C","cod":"002566","estrato":1,"estrato_mean":1.0,"np":3,"p2":75.3,"g22":14.8,"src":"2026","abs":44.4},"geometry":{"type":"Polygon","coordinates":[[[-74.1124,4.5426],[-74.1123,4.5432],[-74.1142,4.5445],[-74.1145,4.5432],[-74.1191,4.5442],[-74.1188,4.5428],[-74.1163,4.5406],[-74.1098,4.5399],[-74.1125,4.5416],[-74.1124,4.5426]]]}},{"type":"Feature","properties":{"b":"El Danubio Azul","loc":"Bosa","upz":"Bosa Occidental","uso":"Residencial","d":-8.9,"c":57.0,"a":28.2,"w":"C","cod":"004588","estrato":2,"estrato_mean":2.0,"np":1,"p2":75.0,"g22":9.1,"src":"2026","abs":27.9},"geometry":{"type":"Polygon","coordinates":[[[-74.1823,4.6231],[-74.1834,4.6244],[-74.1854,4.6235],[-74.1839,4.6215],[-74.1827,4.6219],[-74.1827,4.6203],[-74.182,4.6212],[-74.1819,4.6189],[-74.1801,4.6185],[-74.1791,4.6193],[-74.1823,4.6231]]]}},{"type":"Feature","properties":{"b":"Candelaria La Nueva","loc":"Ciudad Bolívar","upz":"San Francisco","uso":"Residencial","d":-6.9,"c":61.0,"a":23.6,"w":"C","cod":"002531","estrato":2,"estrato_mean":1.98,"np":1,"p2":79.4,"g22":11.5,"src":"2026","abs":36.0},"geometry":{"type":"Polygon","coordinates":[[[-74.1496,4.5688],[-74.1522,4.5708],[-74.1512,4.5699],[-74.1519,4.5689],[-74.1512,4.5688],[-74.151,4.5662],[-74.1525,4.5657],[-74.1513,4.5632],[-74.1497,4.5631],[-74.1507,4.5663],[-74.1483,4.568],[-74.1496,4.5688]]]}},{"type":"Feature","properties":{"b":"San Diego","loc":"Santa Fe","upz":"Sagrado Corazón","uso":"Residencial","d":-2.9,"c":51.2,"a":26.5,"w":"C","cod":"008107","estrato":4,"estrato_mean":3.5,"np":1,"p2":65.8,"g22":11.7,"src":"2026","abs":50.7},"geometry":{"type":"Polygon","coordinates":[[[-74.0708,4.616],[-74.0718,4.6174],[-74.0728,4.6154],[-74.0709,4.612],[-74.066,4.6088],[-74.0653,4.6115],[-74.0674,4.6121],[-74.0669,4.6142],[-74.0691,4.6151],[-74.069,4.6163],[-74.0699,4.6155],[-74.0708,4.616]]]}},{"type":"Feature","properties":{"b":"Villa Del Prado","loc":"Suba","upz":"San José De Bavaria","uso":"Residencial","d":-3.2,"c":20.6,"a":56.4,"w":"A","cod":"009129","estrato":4,"estrato_mean":4.02,"np":1,"p2":32.2,"g22":8.3,"src":"2026","abs":28.1},"geometry":{"type":"Polygon","coordinates":[[[-74.0534,4.758],[-74.0568,4.7605],[-74.0558,4.7619],[-74.0563,4.7623],[-74.059,4.7585],[-74.0578,4.7575],[-74.0594,4.7555],[-74.0574,4.7537],[-74.0467,4.7514],[-74.0461,4.7549],[-74.0537,4.7576],[-74.0534,4.758]]]}},{"type":"Feature","properties":{"b":"Nueva Delhi","loc":"San Cristóbal","upz":"Los Libertadores","uso":"Residencial","d":0.7,"c":63.7,"a":22.2,"w":"C","cod":"001323","estrato":2,"estrato_mean":2.0,"np":1,"p2":74.2,"g22":11.2,"src":"2026","abs":34.1},"geometry":{"type":"Polygon","coordinates":[[[-74.0867,4.53],[-74.0884,4.5317],[-74.0896,4.5314],[-74.0903,4.5298],[-74.0871,4.5275],[-74.0859,4.5283],[-74.0872,4.5308],[-74.0867,4.53]]]}},{"type":"Feature","properties":{"b":"La Picota Oriental","loc":"Rafael Uribe Uribe","upz":"Diana Turbay","uso":"Residencial","d":-5.6,"c":71.0,"a":16.0,"w":"C","cod":"002510","estrato":1,"estrato_mean":1.09,"np":1,"p2":77.1,"g22":12.7,"src":"2026","abs":62.2},"geometry":{"type":"Polygon","coordinates":[[[-74.113,4.5469],[-74.1136,4.5466],[-74.1138,4.5471],[-74.1147,4.5462],[-74.1174,4.5454],[-74.1169,4.5444],[-74.1141,4.545],[-74.1121,4.5423],[-74.1097,4.5449],[-74.1111,4.5453],[-74.112,4.5468],[-74.113,4.5469]]]}},{"type":"Feature","properties":{"b":"Parque Distrital Salitre","loc":"Barrios Unidos","upz":"Parque Salitre","uso":"Dotacional","d":-15.7,"c":30.8,"a":39.5,"w":"A","cod":"005112","estrato":3,"estrato_mean":3.0,"np":1,"p2":59.8,"g22":13.3,"src":"2026","abs":21.1},"geometry":{"type":"Polygon","coordinates":[[[-74.0815,4.6606],[-74.0855,4.6662],[-74.0886,4.6595],[-74.0859,4.6555],[-74.0779,4.6587],[-74.0815,4.6606]]]}},{"type":"Feature","properties":{"b":"Suba Urbano","loc":"Suba","upz":"Suba","uso":"Residencial","d":-5.3,"c":35.2,"a":43.1,"w":"A","cod":"009212","estrato":3,"estrato_mean":2.73,"np":5,"p2":52.4,"g22":11.8,"src":"2026","abs":34.4},"geometry":{"type":"Polygon","coordinates":[[[-74.0814,4.7485],[-74.0831,4.7494],[-74.0845,4.7467],[-74.0857,4.7381],[-74.0828,4.7372],[-74.0783,4.7337],[-74.0768,4.7368],[-74.0776,4.7374],[-74.0785,4.7364],[-74.0786,4.7375],[-74.0801,4.7376],[-74.0813,4.7392],[-74.081,4.7416],[-74.0816,4.7421],[-74.0791,4.7457],[-74.0813,4.7467],[-74.0809,4.7478],[-74.0814,4.7485]]]}},{"type":"Feature","properties":{"b":"Lisboa","loc":"Suba","upz":"Tibabuyes","uso":"Residencial","d":-4.2,"c":49.4,"a":32.2,"w":"C","cod":"009254","estrato":2,"estrato_mean":2.0,"np":3,"p2":65.3,"g22":12.7,"src":"2026","abs":32.9},"geometry":{"type":"Polygon","coordinates":[[[-74.1167,4.745],[-74.1183,4.7455],[-74.1213,4.7444],[-74.1214,4.7449],[-74.1253,4.7436],[-74.1253,4.7431],[-74.1237,4.7402],[-74.1213,4.7397],[-74.1211,4.7429],[-74.1187,4.7439],[-74.1168,4.7427],[-74.116,4.7439],[-74.1167,4.745]]]}},{"type":"Feature","properties":{"b":"Villa Alsacia Ii","loc":"Kennedy","upz":"Castilla","uso":"Residencial","d":-6.2,"c":31.7,"a":45.3,"w":"A","cod":"006510","estrato":3,"estrato_mean":3.0,"np":1,"p2":52.3,"g22":11.1,"src":"2026","abs":21.4},"geometry":{"type":"Polygon","coordinates":[[[-74.1387,4.6422],[-74.1352,4.6404],[-74.1317,4.6449],[-74.1324,4.646],[-74.1393,4.6438],[-74.1391,4.6431],[-74.1398,4.6428],[-74.1387,4.6422]]]}},{"type":"Feature","properties":{"b":"La Soledad Norte","loc":"Engativá","upz":"Boyacá Real","uso":"Residencial","d":-7.8,"c":40.5,"a":37.8,"w":"C","cod":"005615","estrato":3,"estrato_mean":3.0,"np":2,"p2":58.7,"g22":11.6,"src":"2026","abs":27.0},"geometry":{"type":"Polygon","coordinates":[[[-74.1029,4.6935],[-74.0993,4.6976],[-74.1029,4.7005],[-74.1058,4.6958],[-74.1029,4.6935]]]}},{"type":"Feature","properties":{"b":"San Patricio","loc":"Usaquén","upz":"Santa Bárbara","uso":"Comercial","d":-1.8,"c":9.5,"a":57.6,"w":"A","cod":"008418","estrato":6,"estrato_mean":6.0,"np":1,"p2":17.2,"g22":6.7,"src":"2026","abs":10.8},"geometry":{"type":"Polygon","coordinates":[[[-74.0432,4.6963],[-74.0488,4.6984],[-74.0551,4.6995],[-74.0561,4.6937],[-74.0509,4.6927],[-74.0457,4.6904],[-74.0432,4.6963]]]}},{"type":"Feature","properties":{"b":"Lago De Suba","loc":"Suba","upz":"El Rincón","uso":"Residencial","d":-6.1,"c":41.6,"a":38.1,"w":"C","cod":"009220","estrato":2,"estrato_mean":2.0,"np":1,"p2":60.0,"g22":12.3,"src":"2026","abs":27.4},"geometry":{"type":"Polygon","coordinates":[[[-74.0998,4.7358],[-74.1008,4.73],[-74.0974,4.7284],[-74.0955,4.7309],[-74.0987,4.7321],[-74.0974,4.7354],[-74.0998,4.7358]]]}},{"type":"Feature","properties":{"b":"Rafael Uribe","loc":"Barrios Unidos","upz":"Los Alcázares","uso":"Residencial","d":-4.7,"c":29.6,"a":47.7,"w":"A","cod":"007312","estrato":3,"estrato_mean":3.0,"np":1,"p2":45.0,"g22":10.7,"src":"2026","abs":40.3},"geometry":{"type":"Polygon","coordinates":[[[-74.0698,4.6549],[-74.0671,4.6531],[-74.0657,4.6564],[-74.0679,4.6578],[-74.0698,4.6549]]]}},{"type":"Feature","properties":{"b":"Tintala","loc":"Kennedy","upz":"Calandaima","uso":"Residencial","d":-5.9,"c":45.7,"a":34.5,"w":"C","cod":"006516","estrato":2,"estrato_mean":2.03,"np":3,"p2":59.3,"g22":11.9,"src":"2026","abs":28.9},"geometry":{"type":"Polygon","coordinates":[[[-74.1502,4.6521],[-74.1544,4.6563],[-74.1587,4.6518],[-74.1593,4.6528],[-74.1646,4.6498],[-74.1565,4.6405],[-74.147,4.6492],[-74.1502,4.6521]]]}},{"type":"Feature","properties":{"b":"San Diego-Bosa","loc":"Bosa","upz":"Bosa Central","uso":"Residencial","d":-6.0,"c":58.8,"a":25.6,"w":"C","cod":"004513","estrato":2,"estrato_mean":1.98,"np":1,"p2":76.0,"g22":11.2,"src":"2026","abs":29.0},"geometry":{"type":"Polygon","coordinates":[[[-74.2123,4.6167],[-74.212,4.6175],[-74.213,4.6176],[-74.214,4.6164],[-74.2168,4.6168],[-74.2173,4.6158],[-74.2091,4.6063],[-74.206,4.6093],[-74.2031,4.6087],[-74.2026,4.6093],[-74.2063,4.612],[-74.2079,4.6118],[-74.2111,4.6134],[-74.2113,4.6147],[-74.2125,4.6156],[-74.2123,4.6167]]]}},{"type":"Feature","properties":{"b":"Siete De Agosto","loc":"Barrios Unidos","upz":"Los Alcázares","uso":"Residencial","d":-4.8,"c":36.6,"a":43.1,"w":"A","cod":"007311","estrato":3,"estrato_mean":3.0,"np":1,"p2":51.1,"g22":9.7,"src":"2026","abs":35.8},"geometry":{"type":"Polygon","coordinates":[[[-74.0698,4.6549],[-74.0679,4.6578],[-74.0717,4.6605],[-74.0743,4.656],[-74.0698,4.6549]]]}},{"type":"Feature","properties":{"b":"Santa Inés Sur Ii","loc":"San Cristóbal","upz":"San Blas","uso":"Residencial","d":-8.8,"c":61.0,"a":23.9,"w":"C","cod":"001357","estrato":2,"estrato_mean":2.0,"np":1,"p2":76.3,"g22":6.5,"src":"2026","abs":28.5},"geometry":{"type":"Polygon","coordinates":[[[-74.0867,4.5625],[-74.0868,4.5641],[-74.0876,4.5644],[-74.0907,4.5603],[-74.0889,4.5589],[-74.0872,4.5585],[-74.0865,4.5606],[-74.0867,4.5625]]]}},{"type":"Feature","properties":{"b":"Los Cerezos","loc":"Engativá","upz":"Minuto De Dios","uso":"Residencial","d":-7.5,"c":42.8,"a":35.9,"w":"C","cod":"005616","estrato":3,"estrato_mean":3.0,"np":4,"p2":59.2,"g22":10.8,"src":"2026","abs":24.9},"geometry":{"type":"Polygon","coordinates":[[[-74.095,4.7156],[-74.0977,4.7131],[-74.0965,4.7119],[-74.1035,4.7043],[-74.1009,4.703],[-74.0977,4.7071],[-74.094,4.7104],[-74.0933,4.7114],[-74.0934,4.7132],[-74.095,4.7156]]]}},{"type":"Feature","properties":{"b":"Pío Xii","loc":"Kennedy","upz":"Castilla","uso":"Residencial","d":-8.8,"c":38.2,"a":40.2,"w":"A","cod":"006505","estrato":3,"estrato_mean":3.0,"np":3,"p2":56.8,"g22":10.9,"src":"2026","abs":20.6},"geometry":{"type":"Polygon","coordinates":[[[-74.1524,4.6366],[-74.1539,4.6354],[-74.1503,4.6318],[-74.1448,4.6347],[-74.1482,4.6379],[-74.1493,4.6371],[-74.15,4.6391],[-74.1524,4.6366]]]}},{"type":"Feature","properties":{"b":"Abraham Lincoln","loc":"Tunjuelito","upz":"Tunjuelito","uso":"Residencial","d":-6.2,"c":49.2,"a":32.9,"w":"C","cod":"002507","estrato":2,"estrato_mean":2.0,"np":3,"p2":67.6,"g22":12.3,"src":"2026","abs":45.2},"geometry":{"type":"Polygon","coordinates":[[[-74.1231,4.5589],[-74.1242,4.5608],[-74.1273,4.5587],[-74.1257,4.5585],[-74.124,4.555],[-74.1214,4.555],[-74.1219,4.5571],[-74.1231,4.5589]]]}},{"type":"Feature","properties":{"b":"La Esperanza De Usme","loc":"Usme","upz":"Comuneros","uso":"Residencial","d":-3.4,"c":58.5,"a":24.9,"w":"C","cod":"002615","estrato":1,"estrato_mean":1.0,"np":1,"p2":75.1,"g22":13.2,"src":"2026","abs":38.2},"geometry":{"type":"Polygon","coordinates":[[[-74.1112,4.4955],[-74.1115,4.4965],[-74.1136,4.4949],[-74.1115,4.49],[-74.1098,4.4905],[-74.1102,4.4925],[-74.1082,4.4941],[-74.1076,4.4957],[-74.1091,4.4961],[-74.111,4.495],[-74.1112,4.4955]]]}},{"type":"Feature","properties":{"b":"San Victorino","loc":"Los Mártires","upz":"La Sabana","uso":"Comercial","d":-6.3,"c":38.7,"a":44.2,"w":"A","cod":"006105","estrato":3,"estrato_mean":2.69,"np":1,"p2":55.2,"g22":10.2,"src":"2026","abs":45.7},"geometry":{"type":"Polygon","coordinates":[[[-74.0833,4.6066],[-74.0799,4.6036],[-74.0781,4.6062],[-74.0817,4.6088],[-74.0833,4.6066]]]}},{"type":"Feature","properties":{"b":"Guiparma","loc":"Rafael Uribe Uribe","upz":"Marruecos","uso":"Residencial","d":-5.3,"c":57.3,"a":25.5,"w":"C","cod":"001429","estrato":2,"estrato_mean":2.06,"np":1,"p2":78.4,"g22":10.7,"src":"2026","abs":41.4},"geometry":{"type":"Polygon","coordinates":[[[-74.1159,4.5611],[-74.1176,4.563],[-74.1178,4.5621],[-74.1213,4.5603],[-74.1201,4.5605],[-74.1195,4.5595],[-74.1201,4.5593],[-74.1192,4.5582],[-74.1178,4.5579],[-74.1157,4.5603],[-74.1159,4.5611]]]}},{"type":"Feature","properties":{"b":"San Pablo Bosa","loc":"Bosa","upz":"Bosa Central","uso":"Residencial","d":-7.3,"c":54.8,"a":28.7,"w":"C","cod":"004524","estrato":2,"estrato_mean":2.0,"np":2,"p2":72.8,"g22":11.3,"src":"2026","abs":37.5},"geometry":{"type":"Polygon","coordinates":[[[-74.1945,4.6099],[-74.1942,4.6085],[-74.1925,4.6081],[-74.192,4.6053],[-74.1899,4.602],[-74.1905,4.5994],[-74.1881,4.601],[-74.188,4.6016],[-74.1861,4.6012],[-74.1871,4.606],[-74.189,4.6042],[-74.1917,4.6099],[-74.1945,4.6099]]]}},{"type":"Feature","properties":{"b":"El Remanso I","loc":"Bosa","upz":"Bosa Occidental","uso":"Residencial","d":-8.5,"c":55.5,"a":28.5,"w":"C","cod":"004625","estrato":2,"estrato_mean":1.99,"np":1,"p2":73.4,"g22":9.5,"src":"2026","abs":18.2},"geometry":{"type":"Polygon","coordinates":[[[-74.1983,4.6228],[-74.201,4.6229],[-74.202,4.6222],[-74.2015,4.6213],[-74.2033,4.6203],[-74.2029,4.6192],[-74.2014,4.6193],[-74.2005,4.6173],[-74.1985,4.6174],[-74.1988,4.6184],[-74.1981,4.6197],[-74.1986,4.6204],[-74.1976,4.6215],[-74.1983,4.6228]]]}},{"type":"Feature","properties":{"b":"Ginebra Ii","loc":"Usaquén","upz":"Usaquén","uso":"Comercial","d":-10.5,"c":32.9,"a":42.4,"w":"A","cod":"008425","estrato":4,"estrato_mean":3.67,"np":1,"p2":56.3,"g22":13.0,"src":"2026","abs":22.3},"geometry":{"type":"Polygon","coordinates":[[[-74.0224,4.7049],[-74.0244,4.706],[-74.0285,4.7063],[-74.0285,4.7055],[-74.0224,4.7049]]]}},{"type":"Feature","properties":{"b":"La Valvanera","loc":"Ciudad Bolívar","upz":"Ismael Perdomo","uso":"Residencial","d":-6.0,"c":51.4,"a":30.0,"w":"C","cod":"002455","estrato":2,"estrato_mean":2.0,"np":1,"p2":69.5,"g22":12.2,"src":"2026","abs":36.5},"geometry":{"type":"Polygon","coordinates":[[[-74.1659,4.5916],[-74.166,4.5887],[-74.1636,4.5893],[-74.1638,4.5914],[-74.1659,4.5916]]]}},{"type":"Feature","properties":{"b":"Santa Lucía","loc":"Rafael Uribe Uribe","upz":"Quiroga","uso":"Residencial","d":-6.4,"c":45.9,"a":35.7,"w":"C","cod":"002205","estrato":3,"estrato_mean":3.0,"np":3,"p2":64.5,"g22":12.2,"src":"2026","abs":37.1},"geometry":{"type":"Polygon","coordinates":[[[-74.1239,4.5737],[-74.123,4.5749],[-74.1216,4.5754],[-74.1242,4.5806],[-74.1278,4.5796],[-74.1256,4.5721],[-74.1273,4.5713],[-74.1277,4.5704],[-74.1299,4.5703],[-74.1268,4.5668],[-74.1239,4.5737]]]}},{"type":"Feature","properties":{"b":"Prado Veraniego Norte","loc":"Suba","upz":"Niza","uso":"Residencial","d":-6.0,"c":15.9,"a":57.7,"w":"A","cod":"009116","estrato":5,"estrato_mean":4.11,"np":1,"p2":31.1,"g22":9.2,"src":"2026","abs":14.1},"geometry":{"type":"Polygon","coordinates":[[[-74.0655,4.7239],[-74.0662,4.7242],[-74.0687,4.718],[-74.0672,4.7171],[-74.0576,4.7161],[-74.0569,4.7202],[-74.0581,4.7206],[-74.0576,4.7223],[-74.059,4.7227],[-74.0586,4.724],[-74.0617,4.7185],[-74.0617,4.7171],[-74.0619,4.7185],[-74.0604,4.7212],[-74.0655,4.7239]]]}},{"type":"Feature","properties":{"b":"El Tintal Iii","loc":"Kennedy","upz":"Tintal Norte","uso":"Residencial","d":-11.8,"c":40.6,"a":37.8,"w":"C","cod":"006533","estrato":1,"estrato_mean":1.0,"np":1,"p2":64.0,"g22":11.7,"src":"2026","abs":21.0},"geometry":{"type":"Polygon","coordinates":[[[-74.1499,4.6542],[-74.1517,4.6556],[-74.1521,4.6553],[-74.1503,4.6537],[-74.1499,4.6542]]]}},{"type":"Feature","properties":{"b":"Ciudad Kennedy Occidental","loc":"Kennedy","upz":"Kennedy Central","uso":"Residencial","d":0.3,"c":47.7,"a":34.3,"w":"C","cod":"004508","estrato":3,"estrato_mean":3.0,"np":2,"p2":60.7,"g22":11.5,"src":"2026","abs":32.8},"geometry":{"type":"Polygon","coordinates":[[[-74.166,4.621],[-74.1642,4.6182],[-74.1601,4.6206],[-74.1565,4.6246],[-74.1589,4.6267],[-74.162,4.6233],[-74.166,4.621]]]}},{"type":"Feature","properties":{"b":"La Granja","loc":"Engativá","upz":"Boyacá Real","uso":"Residencial","d":-6.3,"c":40.3,"a":38.2,"w":"C","cod":"005610","estrato":3,"estrato_mean":3.0,"np":1,"p2":58.4,"g22":11.7,"src":"2026","abs":30.2},"geometry":{"type":"Polygon","coordinates":[[[-74.0978,4.7006],[-74.1009,4.703],[-74.1029,4.7005],[-74.0957,4.6947],[-74.0932,4.6977],[-74.0978,4.7006]]]}},{"type":"Feature","properties":{"b":"Chuniza","loc":"Usme","upz":"Comuneros","uso":"Residencial","d":-6.1,"c":59.0,"a":25.3,"w":"C","cod":"002537","estrato":2,"estrato_mean":2.0,"np":2,"p2":75.7,"g22":11.7,"src":"2026","abs":34.0},"geometry":{"type":"Polygon","coordinates":[[[-74.1102,4.5038],[-74.1079,4.5019],[-74.1041,4.5056],[-74.1055,4.5067],[-74.1064,4.506],[-74.1123,4.5066],[-74.1138,4.5077],[-74.1143,4.5061],[-74.1111,4.5036],[-74.1102,4.5038]]]}},{"type":"Feature","properties":{"b":"Central De Mezclas","loc":"Ciudad Bolívar","upz":"El Mochuelo","uso":"Residencial","d":-6.8,"c":57.1,"a":27.0,"w":"C","cod":"002562","estrato":1,"estrato_mean":1.0,"np":1,"p2":76.5,"g22":12.5,"src":"2026","abs":50.0},"geometry":{"type":"Polygon","coordinates":[[[-74.1338,4.5551],[-74.1332,4.5563],[-74.1345,4.5563],[-74.1343,4.5551],[-74.1351,4.5524],[-74.1368,4.5521],[-74.1366,4.5506],[-74.1376,4.5465],[-74.1356,4.5448],[-74.1324,4.5392],[-74.1281,4.5447],[-74.13,4.5464],[-74.127,4.5473],[-74.1263,4.5462],[-74.1254,4.5474],[-74.1274,4.5496],[-74.132,4.5496],[-74.132,4.5527],[-74.1338,4.5551]]]}},{"type":"Feature","properties":{"b":"San Luis","loc":"Teusaquillo","upz":"Galerías","uso":"Residencial","d":-5.8,"c":40.3,"a":35.9,"w":"C","cod":"007202","estrato":4,"estrato_mean":3.98,"np":1,"p2":56.3,"g22":10.2,"src":"2026","abs":40.7},"geometry":{"type":"Polygon","coordinates":[[[-74.0676,4.6501],[-74.0724,4.651],[-74.0733,4.6483],[-74.0757,4.6456],[-74.0729,4.6427],[-74.0718,4.6425],[-74.0713,4.645],[-74.0686,4.6446],[-74.0676,4.6501]]]}},{"type":"Feature","properties":{"b":"Naciones Unidas","loc":"Ciudad Bolívar","upz":"Lucero","uso":"Residencial","d":-4.0,"c":63.8,"a":19.8,"w":"C","cod":"002546","estrato":1,"estrato_mean":1.0,"np":1,"p2":81.4,"g22":13.7,"src":"2026","abs":53.4},"geometry":{"type":"Polygon","coordinates":[[[-74.1475,4.5448],[-74.1486,4.5459],[-74.1499,4.5441],[-74.1516,4.5435],[-74.1519,4.5426],[-74.1511,4.5385],[-74.149,4.5389],[-74.1479,4.5369],[-74.1472,4.5373],[-74.1473,4.538],[-74.1459,4.5385],[-74.146,4.5391],[-74.1485,4.5405],[-74.1475,4.5415],[-74.148,4.5426],[-74.1466,4.5423],[-74.1464,4.5442],[-74.1476,4.5443],[-74.1475,4.5448]]]}},{"type":"Feature","properties":{"b":"San Blas Ii","loc":"San Cristóbal","upz":"San Blas","uso":"Residencial","d":-2.9,"c":63.4,"a":22.4,"w":"C","cod":"001113","estrato":1,"estrato_mean":1.49,"np":1,"p2":77.7,"g22":11.4,"src":"2026","abs":35.3},"geometry":{"type":"Polygon","coordinates":[[[-74.0779,4.5665],[-74.0789,4.5657],[-74.0786,4.5646],[-74.0798,4.5643],[-74.0798,4.5636],[-74.081,4.5638],[-74.0817,4.5658],[-74.0833,4.5662],[-74.0839,4.5646],[-74.0802,4.5597],[-74.0794,4.5597],[-74.0797,4.5578],[-74.0787,4.5566],[-74.0791,4.5582],[-74.0785,4.5602],[-74.0781,4.5594],[-74.0756,4.5603],[-74.0758,4.5609],[-74.0778,4.5615],[-74.0763,4.5634],[-74.0779,4.5665]]]}},{"type":"Feature","properties":{"b":"Lourdes","loc":"Santa Fe","upz":"Lourdes","uso":"Residencial","d":-6.5,"c":60.6,"a":21.5,"w":"C","cod":"003212","estrato":2,"estrato_mean":2.0,"np":2,"p2":79.4,"g22":12.7,"src":"2026","abs":48.5},"geometry":{"type":"Polygon","coordinates":[[[-74.0714,4.5898],[-74.0743,4.5906],[-74.0751,4.5896],[-74.0765,4.59],[-74.077,4.5891],[-74.0745,4.5866],[-74.0728,4.5867],[-74.0726,4.5875],[-74.0714,4.5866],[-74.0714,4.5898]]]}},{"type":"Feature","properties":{"b":"Diana Turbay","loc":"Rafael Uribe Uribe","upz":"Diana Turbay","uso":"Residencial","d":-4.1,"c":52.8,"a":29.1,"w":"C","cod":"001421","estrato":2,"estrato_mean":2.0,"np":1,"p2":69.8,"g22":12.9,"src":"2026","abs":37.9},"geometry":{"type":"Polygon","coordinates":[[[-74.1048,4.5468],[-74.1051,4.5483],[-74.1088,4.5495],[-74.1084,4.5508],[-74.1102,4.5511],[-74.111,4.5482],[-74.1123,4.5476],[-74.1107,4.5465],[-74.1093,4.5465],[-74.1059,4.545],[-74.1048,4.5468]]]}},{"type":"Feature","properties":{"b":"Sotavento","loc":"Ciudad Bolívar","upz":"El Tesoro","uso":"Residencial","d":-4.3,"c":57.7,"a":25.7,"w":"C","cod":"002533","estrato":2,"estrato_mean":1.77,"np":1,"p2":73.6,"g22":11.6,"src":"2026","abs":28.5},"geometry":{"type":"Polygon","coordinates":[[[-74.1393,4.5459],[-74.142,4.5456],[-74.1419,4.5446],[-74.143,4.544],[-74.1428,4.5435],[-74.1392,4.5435],[-74.1393,4.5413],[-74.1377,4.5413],[-74.1382,4.5425],[-74.1376,4.5441],[-74.1358,4.5451],[-74.1376,4.5465],[-74.1393,4.5459]]]}},{"type":"Feature","properties":{"b":"La Favorita","loc":"Los Mártires","upz":"La Sabana","uso":"Comercial","d":-5.3,"c":35.8,"a":46.7,"w":"A","cod":"006104","estrato":2,"estrato_mean":2.32,"np":1,"p2":52.7,"g22":11.6,"src":"2026","abs":50.4},"geometry":{"type":"Polygon","coordinates":[[[-74.0796,4.6098],[-74.0809,4.6082],[-74.0781,4.6062],[-74.0755,4.6101],[-74.0815,4.6147],[-74.0807,4.6109],[-74.0796,4.6098]]]}},{"type":"Feature","properties":{"b":"San Juan Bautista","loc":"Usme","upz":"Gran Yomasa","uso":"Residencial","d":-4.6,"c":59.5,"a":25.9,"w":"C","cod":"002555","estrato":2,"estrato_mean":2.0,"np":1,"p2":82.8,"g22":10.7,"src":"2026","abs":10.2},"geometry":{"type":"Polygon","coordinates":[[[-74.1181,4.5137],[-74.12,4.5157],[-74.1216,4.5159],[-74.1217,4.5126],[-74.1212,4.5115],[-74.1203,4.5132],[-74.1169,4.5133],[-74.1171,4.5144],[-74.1176,4.5137],[-74.1178,4.5147],[-74.1183,4.5146],[-74.1181,4.5137]]]}},{"type":"Feature","properties":{"b":"Quinta Ramos","loc":"San Cristóbal","upz":"Sosiego","uso":"Residencial","d":-4.4,"c":42.5,"a":38.9,"w":"C","cod":"001206","estrato":3,"estrato_mean":3.0,"np":1,"p2":58.5,"g22":11.6,"src":"2026","abs":38.7},"geometry":{"type":"Polygon","coordinates":[[[-74.0881,4.5772],[-74.0867,4.5789],[-74.0882,4.5807],[-74.0896,4.5791],[-74.0893,4.5779],[-74.0881,4.5772]]]}},{"type":"Feature","properties":{"b":"La Esperanza","loc":"Barrios Unidos","upz":"Los Alcázares","uso":"Residencial","d":-8.3,"c":46.3,"a":33.8,"w":"C","cod":"007305","estrato":3,"estrato_mean":3.0,"np":2,"p2":68.8,"g22":14.6,"src":"2026","abs":43.0},"geometry":{"type":"Polygon","coordinates":[[[-74.0646,4.6496],[-74.0631,4.6548],[-74.0657,4.6564],[-74.0668,4.6545],[-74.0676,4.6501],[-74.0646,4.6496]]]}},{"type":"Feature","properties":{"b":"Siberia Urbano","loc":"Chapinero","upz":"Pardo Rubio","uso":"Residencial","d":-5.0,"c":53.4,"a":28.8,"w":"C","cod":"008322","estrato":6,"estrato_mean":6.0,"np":1,"p2":75.0,"g22":11.4,"src":"2026","abs":24.9},"geometry":{"type":"Polygon","coordinates":[[[-74.0576,4.6306],[-74.0562,4.6302],[-74.0561,4.6318],[-74.0577,4.6323],[-74.0576,4.6306]]]}},{"type":"Feature","properties":{"b":"Tibaque Ii","loc":"Usme","upz":"La Flora","uso":"Residencial","d":-2.1,"c":60.7,"a":21.9,"w":"C","cod":"201309","estrato":1,"estrato_mean":1.0,"np":1,"p2":76.8,"g22":14.0,"src":"2026","abs":36.1},"geometry":{"type":"Polygon","coordinates":[[[-74.0831,4.5089],[-74.083,4.5103],[-74.0857,4.5098],[-74.086,4.5083],[-74.0831,4.5089]]]}},{"type":"Feature","properties":{"b":"Perdomo Alto","loc":"Ciudad Bolívar","upz":"Ismael Perdomo","uso":"Residencial","d":-6.0,"c":51.4,"a":30.0,"w":"C","cod":"002450","estrato":2,"estrato_mean":2.0,"np":1,"p2":69.5,"g22":12.2,"src":"2026","abs":36.5},"geometry":{"type":"Polygon","coordinates":[[[-74.1614,4.5895],[-74.1672,4.5885],[-74.1718,4.5866],[-74.1703,4.5851],[-74.1707,4.5844],[-74.1668,4.5856],[-74.1666,4.585],[-74.1641,4.5858],[-74.1631,4.589],[-74.1614,4.5895]]]}},{"type":"Feature","properties":{"b":"Tunal Oriental","loc":"Tunjuelito","upz":"Venecia","uso":"Residencial","d":-7.4,"c":49.2,"a":31.3,"w":"C","cod":"002401","estrato":3,"estrato_mean":3.0,"np":2,"p2":68.8,"g22":12.2,"src":"2026","abs":31.6},"geometry":{"type":"Polygon","coordinates":[[[-74.1306,4.58],[-74.141,4.5766],[-74.1398,4.5731],[-74.1306,4.5768],[-74.1289,4.5706],[-74.1277,4.5704],[-74.1273,4.5713],[-74.1261,4.5716],[-74.1256,4.5721],[-74.128,4.5805],[-74.1306,4.58]]]}},{"type":"Feature","properties":{"b":"Centenario","loc":"Rafael Uribe Uribe","upz":"Quiroga","uso":"Residencial","d":-16.7,"c":44.1,"a":38.3,"w":"C","cod":"002303","estrato":3,"estrato_mean":3.0,"np":1,"p2":68.8,"g22":8.1,"src":"2026","abs":31.5},"geometry":{"type":"Polygon","coordinates":[[[-74.1081,4.588],[-74.1106,4.5857],[-74.1097,4.5843],[-74.1052,4.5845],[-74.1081,4.588]]]}},{"type":"Feature","properties":{"b":"Tibabita Rural I","loc":"Usaquén","upz":"La Uribe","uso":"Residencial","d":-4.2,"c":56.7,"a":27.0,"w":"C","cod":"108111","estrato":1,"estrato_mean":1.0,"np":1,"p2":73.4,"g22":12.6,"src":"2026","abs":47.6},"geometry":{"type":"Polygon","coordinates":[[[-74.0188,4.765],[-74.0226,4.7645],[-74.0211,4.7615],[-74.021,4.7598],[-74.0219,4.7596],[-74.0214,4.759],[-74.022,4.7585],[-74.0209,4.7554],[-74.0188,4.7552],[-74.0171,4.7562],[-74.013,4.756],[-74.0108,4.7549],[-74.0115,4.7485],[-74.0089,4.7473],[-74.0098,4.7497],[-74.0085,4.7533],[-74.0092,4.756],[-74.0139,4.7597],[-74.0155,4.7616],[-74.016,4.7634],[-74.0176,4.7634],[-74.0172,4.7614],[-74.0178,4.7616],[-74.0184,4.7658],[-74.0188,4.765]]]}},{"type":"Feature","properties":{"b":"El Mochuelo Iii","loc":"Ciudad Bolívar","upz":"Monte Blanco","uso":"Residencial","d":-5.1,"c":67.9,"a":17.9,"w":"C","cod":"104128","estrato":1,"estrato_mean":1.0,"np":1,"p2":84.3,"g22":11.4,"src":"2026","abs":44.4},"geometry":{"type":"Polygon","coordinates":[[[-74.1511,4.5344],[-74.1547,4.5328],[-74.1564,4.5272],[-74.1585,4.5234],[-74.1532,4.5189],[-74.155,4.5182],[-74.1541,4.5177],[-74.1538,4.515],[-74.1561,4.5143],[-74.1575,4.5123],[-74.1573,4.5105],[-74.1582,4.5092],[-74.1589,4.5049],[-74.1615,4.4995],[-74.1557,4.5058],[-74.156,4.4997],[-74.1499,4.5001],[-74.1502,4.5013],[-74.1475,4.5015],[-74.1481,4.5055],[-74.1487,4.5065],[-74.1502,4.5073],[-74.1491,4.5084],[-74.1492,4.5107],[-74.1466,4.5102],[-74.1465,4.5144],[-74.1451,4.5158],[-74.1464,4.5173],[-74.1455,4.5201],[-74.1436,4.5222],[-74.1425,4.5226],[-74.141,4.5248],[-74.1405,4.5275],[-74.1423,4.5315],[-74.1422,4.5331],[-74.1449,4.5326],[-74.1449,4.5314],[-74.1459,4.531],[-74.1474,4.5317],[-74.1487,4.5309],[-74.1486,4.5314],[-74.1498,4.5316],[-74.1495,4.5332],[-74.1508,4.5328],[-74.1511,4.5344]],[[-74.1512,4.5316],[-74.1512,4.5315],[-74.1513,4.5316],[-74.1512,4.5316]],[[-74.1511,4.5316],[-74.1501,4.5316],[-74.1501,4.5307],[-74.1511,4.5316]]]}},{"type":"Feature","properties":{"b":"La Peña","loc":"Santa Fe","upz":"Lourdes","uso":"Residencial","d":-4.3,"c":66.1,"a":18.6,"w":"C","cod":"003206","estrato":2,"estrato_mean":2.0,"np":1,"p2":83.0,"g22":12.6,"src":"2026","abs":45.2},"geometry":{"type":"Polygon","coordinates":[[[-74.068,4.5891],[-74.0685,4.5893],[-74.0677,4.5879],[-74.0667,4.5877],[-74.0668,4.5859],[-74.0656,4.5835],[-74.065,4.5853],[-74.066,4.5866],[-74.0646,4.5868],[-74.068,4.5891]]]}},{"type":"Feature","properties":{"b":"Yomasa Norte Rural","loc":"Usme","upz":"Comuneros","uso":"Residencial","d":-5.6,"c":66.9,"a":20.1,"w":"C","cod":"102914","estrato":1,"estrato_mean":1.0,"np":1,"p2":82.6,"g22":10.2,"src":"2026","abs":34.0},"geometry":{"type":"Polygon","coordinates":[[[-74.1248,4.504],[-74.1253,4.5031],[-74.127,4.5023],[-74.1268,4.501],[-74.1252,4.5014],[-74.1221,4.4999],[-74.1214,4.4975],[-74.1202,4.4973],[-74.119,4.4987],[-74.1169,4.4996],[-74.1172,4.5013],[-74.1181,4.5017],[-74.1183,4.5011],[-74.1198,4.5016],[-74.1197,4.5022],[-74.1248,4.504]]]}},{"type":"Feature","properties":{"b":"La Regadera","loc":"Usme","upz":"Ciudad Usme","uso":"Residencial","d":-0.4,"c":59.8,"a":25.8,"w":"C","cod":"102808","estrato":1,"estrato_mean":1.0,"np":1,"p2":76.3,"g22":16.2,"src":"2026","abs":67.4},"geometry":{"type":"Polygon","coordinates":[[[-74.1418,4.4238],[-74.1426,4.4241],[-74.143,4.4257],[-74.1439,4.4265],[-74.1447,4.4257],[-74.1447,4.4216],[-74.1437,4.4198],[-74.1447,4.4184],[-74.1455,4.4141],[-74.1443,4.4125],[-74.1446,4.4108],[-74.1436,4.408],[-74.1447,4.4054],[-74.1439,4.4027],[-74.1444,4.4018],[-74.1428,4.399],[-74.1435,4.3977],[-74.1413,4.3924],[-74.1412,4.3897],[-74.1406,4.3886],[-74.1393,4.3883],[-74.1382,4.3858],[-74.1364,4.3846],[-74.1332,4.38],[-74.1276,4.3802],[-74.1252,4.3785],[-74.124,4.3783],[-74.1231,4.3789],[-74.1185,4.3793],[-74.1141,4.3775],[-74.1085,4.3775],[-74.1065,4.3757],[-74.1066,4.3747],[-74.1054,4.3749],[-74.1038,4.3735],[-74.101,4.3727],[-74.1008,4.3714],[-74.0995,4.3712],[-74.0964,4.3676],[-74.0958,4.3662],[-74.0961,4.3643],[-74.097,4.3636],[-74.0971,4.3621],[-74.0998,4.3573],[-74.1007,4.3568],[-74.1012,4.355],[-74.1031,4.3535],[-74.1041,4.3509],[-74.1039,4.3497],[-74.1056,4.3476],[-74.1057,4.3437],[-74.1002,4.3417],[-74.0981,4.3459],[-74.0982,4.3497],[-74.0969,4.3531],[-74.0971,4.3552],[-74.0943,4.3593],[-74.0936,4.3638],[-74.0934,4.3667],[-74.0947,4.3729],[-74.0944,4.3742],[-74.0963,4.3755],[-74.0945,4.3799],[-74.0927,4.3809],[-74.0954,4.3831],[-74.0989,4.382],[-74.1013,4.3821],[-74.103,4.3803],[-74.1043,4.3799],[-74.1087,4.3946],[-74.1137,4.3947],[-74.1144,4.3965],[-74.115,4.4064],[-74.1132,4.4098],[-74.1143,4.4126],[-74.1131,4.4164],[-74.1189,4.4178],[-74.1209,4.417],[-74.1231,4.4171],[-74.1274,4.42],[-74.1294,4.4205],[-74.131,4.4224],[-74.1358,4.4222],[-74.1369,4.4245],[-74.1379,4.4248],[-74.1418,4.4238]],[[-74.1377,4.4093],[-74.1382,4.4093],[-74.1382,4.408],[-74.1374,4.4075],[-74.1388,4.4081],[-74.1385,4.4093],[-74.1382,4.4097],[-74.1377,4.4093]]]}},{"type":"Feature","properties":{"b":"La Estrellita","loc":"Usaquén","upz":"Verbenal","uso":"Residencial","d":-5.1,"c":54.4,"a":29.1,"w":"C","cod":"208203","estrato":1,"estrato_mean":1.0,"np":1,"p2":71.5,"g22":12.0,"src":"2026","abs":32.6},"geometry":{"type":"Polygon","coordinates":[[[-74.0215,4.7602],[-74.021,4.7599],[-74.0211,4.7615],[-74.0228,4.7647],[-74.0231,4.761],[-74.0225,4.7644],[-74.0215,4.7602]]]}},{"type":"Feature","properties":{"b":"Isla Del Sol","loc":"Tunjuelito","upz":"Venecia","uso":"Residencial","d":-8.2,"c":46.3,"a":37.6,"w":"C","cod":"002411","estrato":2,"estrato_mean":2.0,"np":3,"p2":65.8,"g22":11.6,"src":"2026","abs":36.8},"geometry":{"type":"Polygon","coordinates":[[[-74.1498,4.5953],[-74.1523,4.5958],[-74.154,4.5945],[-74.1541,4.5927],[-74.1534,4.5924],[-74.152,4.5933],[-74.1516,4.592],[-74.1535,4.5918],[-74.1566,4.5902],[-74.157,4.5885],[-74.1534,4.5878],[-74.1534,4.5866],[-74.1524,4.5865],[-74.1517,4.5876],[-74.1527,4.5889],[-74.151,4.5888],[-74.1453,4.593],[-74.1454,4.5952],[-74.1498,4.5953]]]}},{"type":"Feature","properties":{"b":"Centro Industrial","loc":"Puente Aranda","upz":"Puente Aranda","uso":"Industrial","d":-8.8,"c":51.6,"a":32.0,"w":"C","cod":"006218","estrato":3,"estrato_mean":3.0,"np":1,"p2":71.0,"g22":10.6,"src":"2026","abs":65.3},"geometry":{"type":"Polygon","coordinates":[[[-74.1066,4.6364],[-74.1057,4.6357],[-74.1035,4.6382],[-74.1102,4.645],[-74.1183,4.6373],[-74.1122,4.6323],[-74.1094,4.6358],[-74.1089,4.6354],[-74.1073,4.637],[-74.1066,4.6364]]]}},{"type":"Feature","properties":{"b":"La Granja Norte","loc":"Usaquén","upz":"La Uribe","uso":"Residencial","d":-7.4,"c":25.0,"a":47.8,"w":"A","cod":"008524","estrato":2,"estrato_mean":2.0,"np":2,"p2":42.4,"g22":12.2,"src":"2026","abs":26.2},"geometry":{"type":"Polygon","coordinates":[[[-74.0307,4.7529],[-74.0316,4.753],[-74.0317,4.7482],[-74.0239,4.7469],[-74.0214,4.7478],[-74.0216,4.7494],[-74.0235,4.7496],[-74.025,4.752],[-74.0307,4.7529]]]}},{"type":"Feature","properties":{"b":"Paso Ancho","loc":"Bosa","upz":"Bosa Central","uso":"Residencial","d":-8.0,"c":58.4,"a":25.9,"w":"C","cod":"004528","estrato":2,"estrato_mean":2.0,"np":2,"p2":76.4,"g22":10.7,"src":"2026","abs":36.2},"geometry":{"type":"Polygon","coordinates":[[[-74.1894,4.6101],[-74.1894,4.611],[-74.1904,4.6112],[-74.1907,4.6134],[-74.1948,4.6128],[-74.1975,4.6132],[-74.1962,4.6121],[-74.1966,4.6118],[-74.1961,4.6103],[-74.1929,4.6095],[-74.1894,4.6101]]]}},{"type":"Feature","properties":{"b":"San Isidro Rural","loc":"Chapinero","upz":"San Isidro - Patios","uso":"Residencial","d":-5.2,"c":45.9,"a":29.5,"w":"C","cod":"208108","estrato":2,"estrato_mean":2.0,"np":1,"p2":71.4,"g22":13.4,"src":"2026","abs":37.3},"geometry":{"type":"Polygon","coordinates":[[[-74.0173,4.6638],[-74.0194,4.6648],[-74.0198,4.6657],[-74.0208,4.6638],[-74.0216,4.6639],[-74.022,4.663],[-74.0187,4.6623],[-74.0173,4.6638]]]}},{"type":"Feature","properties":{"b":"Tibaque I","loc":"San Cristóbal","upz":"San Blas","uso":"Residencial","d":-2.8,"c":67.5,"a":16.6,"w":"C","cod":"201306","estrato":1,"estrato_mean":1.0,"np":1,"p2":82.0,"g22":11.7,"src":"2026","abs":42.6},"geometry":{"type":"Polygon","coordinates":[[[-74.0756,4.5603],[-74.0755,4.5588],[-74.0742,4.558],[-74.0744,4.5605],[-74.0756,4.5603]]]}},{"type":"Feature","properties":{"b":"Tibaque Iii","loc":"San Cristóbal","upz":"San Blas","uso":"Residencial","d":-5.6,"c":58.7,"a":25.4,"w":"C","cod":"201317","estrato":2,"estrato_mean":2.0,"np":1,"p2":76.4,"g22":12.1,"src":"2026","abs":24.9},"geometry":{"type":"Polygon","coordinates":[[[-74.0742,4.5674],[-74.075,4.5667],[-74.0744,4.5619],[-74.0725,4.5656],[-74.0718,4.5637],[-74.0698,4.5644],[-74.0694,4.5636],[-74.0695,4.5645],[-74.0689,4.5641],[-74.0681,4.5645],[-74.068,4.5654],[-74.0702,4.5676],[-74.0713,4.5664],[-74.0732,4.5683],[-74.0742,4.5674]]]}},{"type":"Feature","properties":{"b":"Brazuelos Occidental Rural","loc":"Ciudad Bolívar","upz":"Monte Blanco","uso":"Residencial","d":0.9,"c":68.5,"a":18.2,"w":"C","cod":"104130","estrato":1,"estrato_mean":1.0,"np":1,"p2":79.0,"g22":11.4,"src":"2026","abs":34.8},"geometry":{"type":"Polygon","coordinates":[[[-74.1219,4.4984],[-74.1259,4.498],[-74.1274,4.495],[-74.1273,4.494],[-74.126,4.4936],[-74.1267,4.4919],[-74.1227,4.4915],[-74.123,4.4937],[-74.1222,4.4932],[-74.1215,4.4953],[-74.1229,4.4959],[-74.1229,4.4966],[-74.1248,4.4961],[-74.125,4.4968],[-74.1225,4.4975],[-74.1218,4.4979],[-74.1219,4.4984]]]}},{"type":"Feature","properties":{"b":"Los Sauces","loc":"Bosa","upz":"Bosa Occidental","uso":"Residencial","d":-5.1,"c":58.8,"a":22.4,"w":"C","cod":"004587","estrato":2,"estrato_mean":2.0,"np":1,"p2":79.1,"g22":9.7,"src":"2026","abs":23.5},"geometry":{"type":"Polygon","coordinates":[[[-74.1913,4.6195],[-74.1916,4.6185],[-74.193,4.6181],[-74.1935,4.6166],[-74.1916,4.6171],[-74.192,4.6147],[-74.1914,4.6143],[-74.1888,4.6155],[-74.1897,4.6176],[-74.1888,4.6181],[-74.1891,4.619],[-74.1901,4.6183],[-74.1913,4.6195]]]}},{"type":"Feature","properties":{"b":"San Benito","loc":"Usme","upz":"Ciudad Usme","uso":"Residencial","d":-0.4,"c":59.8,"a":25.8,"w":"C","cod":"102909","estrato":1,"estrato_mean":1.0,"np":1,"p2":76.3,"g22":16.2,"src":"2026","abs":67.4},"geometry":{"type":"Polygon","coordinates":[[[-74.1117,4.3347],[-74.1129,4.3309],[-74.1125,4.3291],[-74.1139,4.3274],[-74.1147,4.3277],[-74.1156,4.3253],[-74.1168,4.3246],[-74.1163,4.3235],[-74.1145,4.3228],[-74.1152,4.3206],[-74.1135,4.3191],[-74.1126,4.3197],[-74.1124,4.3253],[-74.1111,4.3272],[-74.1094,4.3267],[-74.1062,4.3278],[-74.1054,4.3292],[-74.1041,4.3337],[-74.1052,4.3362],[-74.1076,4.3389],[-74.106,4.3409],[-74.1068,4.3435],[-74.1053,4.3466],[-74.1054,4.3481],[-74.1039,4.3497],[-74.1041,4.3509],[-74.1031,4.3535],[-74.1012,4.355],[-74.1007,4.3568],[-74.0998,4.3573],[-74.0971,4.3621],[-74.097,4.3636],[-74.0961,4.3643],[-74.0958,4.3662],[-74.0965,4.3676],[-74.0995,4.3712],[-74.1008,4.3714],[-74.101,4.3727],[-74.1038,4.3735],[-74.1054,4.3749],[-74.1066,4.3747],[-74.1065,4.3757],[-74.1085,4.3775],[-74.1141,4.3775],[-74.1185,4.3793],[-74.1231,4.3789],[-74.124,4.3783],[-74.1252,4.3785],[-74.1276,4.3802],[-74.1332,4.38],[-74.1364,4.3846],[-74.1382,4.3858],[-74.1384,4.3835],[-74.1402,4.3825],[-74.1404,4.3814],[-74.1397,4.3785],[-74.1382,4.3776],[-74.1382,4.3758],[-74.1353,4.3732],[-74.1357,4.3721],[-74.135,4.3694],[-74.1354,4.3679],[-74.1348,4.3671],[-74.1348,4.3651],[-74.1326,4.3607],[-74.1322,4.3601],[-74.1264,4.3591],[-74.1237,4.3578],[-74.1253,4.3535],[-74.1226,4.3538],[-74.1178,4.3512],[-74.1176,4.35],[-74.1166,4.3486],[-74.1158,4.3485],[-74.115,4.3464],[-74.1135,4.3448],[-74.1112,4.3393],[-74.1105,4.3362],[-74.1117,4.3347]]]}},{"type":"Feature","properties":{"b":"Cedro Narváez","loc":"Usaquén","upz":"Los Cedros","uso":"Residencial","d":-4.7,"c":12.2,"a":62.4,"w":"A","cod":"008511","estrato":5,"estrato_mean":4.64,"np":1,"p2":25.6,"g22":8.7,"src":"2026","abs":23.2},"geometry":{"type":"Polygon","coordinates":[[[-74.0325,4.7214],[-74.0413,4.7253],[-74.0413,4.7238],[-74.0285,4.7177],[-74.0275,4.7194],[-74.0325,4.7214]]]}},{"type":"Feature","properties":{"b":"La Libertad","loc":"Bosa","upz":"Bosa Occidental","uso":"Residencial","d":-6.9,"c":59.3,"a":24.7,"w":"C","cod":"004593","estrato":2,"estrato_mean":2.0,"np":1,"p2":76.4,"g22":10.2,"src":"2026","abs":27.4},"geometry":{"type":"Polygon","coordinates":[[[-74.1888,4.6313],[-74.1927,4.6296],[-74.1916,4.626],[-74.1883,4.6273],[-74.1893,4.6295],[-74.1878,4.6302],[-74.1888,4.6313]]]}},{"type":"Feature","properties":{"b":"Simón Bolívar","loc":"Barrios Unidos","upz":"Doce De Octubre","uso":"Residencial","d":-6.3,"c":36.9,"a":42.2,"w":"A","cod":"005205","estrato":3,"estrato_mean":3.0,"np":1,"p2":54.7,"g22":11.6,"src":"2026","abs":36.5},"geometry":{"type":"Polygon","coordinates":[[[-74.0833,4.6779],[-74.08,4.6752],[-74.0767,4.6795],[-74.0776,4.6811],[-74.0773,4.6817],[-74.0778,4.6823],[-74.0808,4.6783],[-74.0818,4.6791],[-74.0833,4.6779]]]}},{"type":"Feature","properties":{"b":"San Francisco","loc":"Puente Aranda","upz":"San Rafael","uso":"Residencial","d":-5.7,"c":36.6,"a":42.0,"w":"A","cod":"004206","estrato":3,"estrato_mean":3.0,"np":2,"p2":50.4,"g22":10.6,"src":"2026","abs":28.0},"geometry":{"type":"Polygon","coordinates":[[[-74.1066,4.6229],[-74.1071,4.6271],[-74.1131,4.6186],[-74.1146,4.6151],[-74.1059,4.6186],[-74.1066,4.6229]]]}},{"type":"Feature","properties":{"b":"San Felipe","loc":"Barrios Unidos","upz":"Los Alcázares","uso":"Residencial","d":-4.7,"c":49.5,"a":33.0,"w":"C","cod":"007403","estrato":3,"estrato_mean":3.0,"np":1,"p2":44.5,"g22":10.8,"src":"2026","abs":41.8},"geometry":{"type":"Polygon","coordinates":[[[-74.0619,4.6594],[-74.0611,4.6641],[-74.0649,4.6665],[-74.0671,4.663],[-74.0619,4.6594]]]}},{"type":"Feature","properties":{"b":"La Primavera I","loc":"Ciudad Bolívar","upz":"Ismael Perdomo","uso":"Residencial","d":-6.5,"c":60.9,"a":23.7,"w":"C","cod":"002443","estrato":2,"estrato_mean":2.0,"np":1,"p2":76.6,"g22":9.3,"src":"2026","abs":26.5},"geometry":{"type":"Polygon","coordinates":[[[-74.1735,4.5893],[-74.1721,4.5918],[-74.177,4.5919],[-74.1735,4.5893]]]}},{"type":"Feature","properties":{"b":"Bolivia","loc":"Engativá","upz":"Bolivia","uso":"Residencial","d":-5.2,"c":31.1,"a":44.5,"w":"A","cod":"005622","estrato":3,"estrato_mean":3.0,"np":1,"p2":49.2,"g22":12.9,"src":"2026","abs":23.5},"geometry":{"type":"Polygon","coordinates":[[[-74.1151,4.7132],[-74.1104,4.721],[-74.1111,4.7215],[-74.114,4.7197],[-74.1154,4.7205],[-74.1179,4.7172],[-74.1151,4.7132]]]}},{"type":"Feature","properties":{"b":"San José De Bavaria","loc":"Suba","upz":"San José De Bavaria","uso":"Residencial","d":-3.6,"c":21.3,"a":55.2,"w":"A","cod":"009113","estrato":5,"estrato_mean":4.97,"np":2,"p2":33.8,"g22":9.8,"src":"2026","abs":25.1},"geometry":{"type":"Polygon","coordinates":[[[-74.0616,4.7713],[-74.0627,4.7722],[-74.0632,4.7711],[-74.0643,4.7715],[-74.0675,4.7694],[-74.0671,4.7688],[-74.0715,4.7633],[-74.0724,4.7613],[-74.0689,4.7625],[-74.0594,4.7555],[-74.0578,4.7575],[-74.059,4.7585],[-74.0563,4.7623],[-74.0558,4.7619],[-74.0568,4.7605],[-74.0534,4.758],[-74.0497,4.7628],[-74.0616,4.7713]]]}},{"type":"Feature","properties":{"b":"Fiscala Alta","loc":"Usme","upz":"Parque Entrenubes","uso":"Residencial","d":-5.7,"c":68.5,"a":18.2,"w":"C","cod":"002602","estrato":1,"estrato_mean":1.17,"np":1,"p2":84.7,"g22":10.6,"src":"2026","abs":38.7},"geometry":{"type":"Polygon","coordinates":[[[-74.1075,4.5249],[-74.1072,4.5245],[-74.1059,4.5255],[-74.1044,4.5239],[-74.1052,4.5229],[-74.1026,4.5202],[-74.1024,4.5211],[-74.0999,4.5211],[-74.0985,4.5253],[-74.0975,4.5235],[-74.0967,4.5232],[-74.0964,4.5212],[-74.096,4.5216],[-74.0963,4.52],[-74.0948,4.5205],[-74.095,4.5178],[-74.094,4.5179],[-74.0933,4.5233],[-74.0944,4.5266],[-74.0948,4.5263],[-74.0954,4.5299],[-74.0979,4.5288],[-74.0977,4.5281],[-74.0983,4.528],[-74.099,4.5292],[-74.1001,4.5287],[-74.1011,4.5294],[-74.1016,4.5288],[-74.105,4.5328],[-74.1074,4.5336],[-74.1076,4.5328],[-74.1069,4.5323],[-74.1074,4.5318],[-74.1087,4.5328],[-74.1096,4.5322],[-74.109,4.5315],[-74.1107,4.5304],[-74.1076,4.5282],[-74.1082,4.5283],[-74.108,4.5261],[-74.1093,4.5261],[-74.1087,4.5244],[-74.1075,4.5249]]]}},{"type":"Feature","properties":{"b":"Gustavo Restrepo","loc":"Rafael Uribe Uribe","upz":"San José","uso":"Residencial","d":-8.4,"c":44.6,"a":35.0,"w":"C","cod":"001402","estrato":3,"estrato_mean":2.94,"np":2,"p2":62.5,"g22":11.0,"src":"2026","abs":31.3},"geometry":{"type":"Polygon","coordinates":[[[-74.1022,4.5754],[-74.1068,4.5792],[-74.115,4.5767],[-74.1126,4.5742],[-74.1119,4.575],[-74.1104,4.5738],[-74.1098,4.5745],[-74.1083,4.5733],[-74.1052,4.5748],[-74.1036,4.5736],[-74.1029,4.5745],[-74.1017,4.5739],[-74.1013,4.5745],[-74.1022,4.5754]]]}},{"type":"Feature","properties":{"b":"El Nevado Ii","loc":"Usme","upz":"Parque Entrenubes","uso":"Residencial","d":-3.7,"c":68.5,"a":18.1,"w":"C","cod":"002629","estrato":1,"estrato_mean":1.0,"np":1,"p2":81.0,"g22":8.8,"src":"2026","abs":38.4},"geometry":{"type":"Polygon","coordinates":[[[-74.1054,4.5249],[-74.1061,4.5257],[-74.1072,4.5245],[-74.1077,4.5251],[-74.1088,4.5245],[-74.1091,4.5235],[-74.106,4.5182],[-74.1052,4.5187],[-74.1024,4.5186],[-74.1026,4.5202],[-74.1052,4.5229],[-74.1044,4.5239],[-74.1054,4.5249]]]}},{"type":"Feature","properties":{"b":"Hospital San Carlos","loc":"Rafael Uribe Uribe","upz":"San José","uso":"Residencial","d":-5.5,"c":58.4,"a":24.4,"w":"C","cod":"001403","estrato":2,"estrato_mean":2.28,"np":2,"p2":76.2,"g22":13.0,"src":"2026","abs":45.7},"geometry":{"type":"Polygon","coordinates":[[[-74.102,4.5739],[-74.1029,4.5745],[-74.1036,4.5736],[-74.1052,4.5748],[-74.1083,4.5733],[-74.1098,4.5745],[-74.1104,4.5738],[-74.1119,4.575],[-74.1126,4.5742],[-74.1149,4.5761],[-74.114,4.5722],[-74.1114,4.5732],[-74.1096,4.569],[-74.1071,4.5659],[-74.1068,4.5675],[-74.102,4.5739]]]}},{"type":"Feature","properties":{"b":"Pastrana","loc":"Kennedy","upz":"Kennedy Central","uso":"Residencial","d":-5.5,"c":44.9,"a":35.7,"w":"C","cod":"004525","estrato":3,"estrato_mean":3.0,"np":4,"p2":61.0,"g22":11.4,"src":"2026","abs":32.9},"geometry":{"type":"Polygon","coordinates":[[[-74.1666,4.6217],[-74.1676,4.6212],[-74.1672,4.6203],[-74.169,4.6187],[-74.1673,4.6163],[-74.1712,4.6135],[-74.1646,4.6148],[-74.1644,4.6144],[-74.1626,4.6151],[-74.1666,4.6217]]]}},{"type":"Feature","properties":{"b":"Jardín Botánico","loc":"Engativá","upz":"Jardín Botánico","uso":"Residencial","d":-7.2,"c":29.8,"a":46.1,"w":"A","cod":"005506","estrato":3,"estrato_mean":2.67,"np":2,"p2":46.3,"g22":9.9,"src":"2026","abs":36.4},"geometry":{"type":"Polygon","coordinates":[[[-74.1063,4.6581],[-74.1034,4.6536],[-74.0937,4.666],[-74.1011,4.6708],[-74.1094,4.6631],[-74.1063,4.6581]]]}},{"type":"Feature","properties":{"b":"Villa Del Mar","loc":"Engativá","upz":"Engativá","uso":"Residencial","d":-6.3,"c":43.5,"a":37.5,"w":"C","cod":"005680","estrato":2,"estrato_mean":2.06,"np":1,"p2":60.8,"g22":11.0,"src":"2026","abs":28.5},"geometry":{"type":"Polygon","coordinates":[[[-74.1241,4.7046],[-74.125,4.7029],[-74.1235,4.702],[-74.1242,4.7011],[-74.1234,4.6992],[-74.1264,4.6963],[-74.1242,4.6946],[-74.1232,4.6978],[-74.1227,4.6975],[-74.1181,4.7031],[-74.1241,4.7046]]]}},{"type":"Feature","properties":{"b":"La Campiña","loc":"Kennedy","upz":"Carvajal","uso":"Comercial","d":-6.2,"c":44.6,"a":36.0,"w":"C","cod":"004506","estrato":3,"estrato_mean":3.0,"np":2,"p2":62.0,"g22":11.3,"src":"2026","abs":27.7},"geometry":{"type":"Polygon","coordinates":[[[-74.1444,4.6118],[-74.1458,4.6106],[-74.1466,4.6113],[-74.1481,4.6098],[-74.1457,4.6063],[-74.1467,4.6021],[-74.1431,4.6036],[-74.1421,4.6063],[-74.1436,4.6071],[-74.1438,4.6086],[-74.1424,4.6101],[-74.1444,4.6118]]]}},{"type":"Feature","properties":{"b":"Belalcázar","loc":"Teusaquillo","upz":"Galerías","uso":"Residencial","d":-5.3,"c":43.3,"a":31.3,"w":"C","cod":"007206","estrato":4,"estrato_mean":4.0,"np":2,"p2":61.0,"g22":11.2,"src":"2026","abs":34.0},"geometry":{"type":"Polygon","coordinates":[[[-74.0788,4.6441],[-74.0795,4.6347],[-74.0754,4.6339],[-74.0765,4.6361],[-74.0765,4.6375],[-74.0775,4.6387],[-74.0775,4.6438],[-74.0788,4.6441]]]}},{"type":"Feature","properties":{"b":"Quiroga Sur","loc":"Rafael Uribe Uribe","upz":"Quiroga","uso":"Residencial","d":-6.8,"c":48.1,"a":31.6,"w":"C","cod":"002204","estrato":3,"estrato_mean":3.0,"np":2,"p2":65.2,"g22":12.2,"src":"2026","abs":35.2},"geometry":{"type":"Polygon","coordinates":[[[-74.1216,4.5754],[-74.1174,4.5763],[-74.1188,4.5816],[-74.1238,4.5798],[-74.1216,4.5754]]]}},{"type":"Feature","properties":{"b":"Charco Urbano","loc":"Fontibón","upz":"Fontibón San Pablo","uso":"Residencial","d":-1.0,"c":52.5,"a":31.6,"w":"C","cod":"006411","estrato":2,"estrato_mean":2.0,"np":1,"p2":66.2,"g22":12.7,"src":"2026","abs":39.5},"geometry":{"type":"Polygon","coordinates":[[[-74.1699,4.6962],[-74.1677,4.698],[-74.1681,4.6984],[-74.1699,4.6962]]]}},{"type":"Feature","properties":{"b":"Industrial Centenario","loc":"Puente Aranda","upz":"Zona Industrial","uso":"Industrial","d":-10.7,"c":52.7,"a":34.2,"w":"C","cod":"006205","estrato":3,"estrato_mean":3.0,"np":1,"p2":71.4,"g22":8.0,"src":"2026","abs":40.4},"geometry":{"type":"Polygon","coordinates":[[[-74.0914,4.6256],[-74.0997,4.6265],[-74.1003,4.6253],[-74.0983,4.6235],[-74.1001,4.6215],[-74.0996,4.6211],[-74.0923,4.624],[-74.0892,4.6233],[-74.0914,4.6256]]]}},{"type":"Feature","properties":{"b":"Brasilia","loc":"Bosa","upz":"Bosa Occidental","uso":"Residencial","d":-6.2,"c":48.1,"a":32.7,"w":"C","cod":"004604","estrato":2,"estrato_mean":2.0,"np":1,"p2":66.4,"g22":12.2,"src":"2026","abs":33.0},"geometry":{"type":"Polygon","coordinates":[[[-74.1843,4.6254],[-74.1777,4.6297],[-74.1786,4.6317],[-74.1864,4.628],[-74.1843,4.6254]]]}},{"type":"Feature","properties":{"b":"El Madrigal","loc":"Engativá","upz":"Garcés Navas","uso":"Residencial","d":-8.2,"c":37.1,"a":40.6,"w":"A","cod":"005635","estrato":3,"estrato_mean":3.0,"np":1,"p2":56.8,"g22":11.6,"src":"2026","abs":27.5},"geometry":{"type":"Polygon","coordinates":[[[-74.1102,4.708],[-74.1139,4.7117],[-74.1161,4.7065],[-74.1116,4.7043],[-74.1095,4.7073],[-74.1102,4.708]]]}},{"type":"Feature","properties":{"b":"Santa Catalina","loc":"Kennedy","upz":"Timiza","uso":"Residencial","d":-2.6,"c":44.4,"a":38.3,"w":"C","cod":"004584","estrato":3,"estrato_mean":3.0,"np":2,"p2":62.7,"g22":12.9,"src":"2026","abs":34.8},"geometry":{"type":"Polygon","coordinates":[[[-74.1557,4.6073],[-74.1581,4.6062],[-74.1492,4.6026],[-74.1481,4.606],[-74.1497,4.6058],[-74.152,4.6072],[-74.1557,4.6073]]]}},{"type":"Feature","properties":{"b":"Villa Mayor","loc":"Rafael Uribe Uribe","upz":"Quiroga","uso":"Residencial","d":-8.8,"c":32.1,"a":47.5,"w":"A","cod":"002311","estrato":3,"estrato_mean":3.0,"np":1,"p2":51.2,"g22":10.2,"src":"2026","abs":30.1},"geometry":{"type":"Polygon","coordinates":[[[-74.1273,4.5872],[-74.1231,4.589],[-74.1283,4.5926],[-74.1284,4.5867],[-74.1273,4.5872]]]}},{"type":"Feature","properties":{"b":"La Estradita","loc":"Engativá","upz":"Las Ferias","uso":"Residencial","d":-3.8,"c":39.4,"a":37.5,"w":"C","cod":"005504","estrato":3,"estrato_mean":3.0,"np":1,"p2":55.0,"g22":11.8,"src":"2026","abs":29.0},"geometry":{"type":"Polygon","coordinates":[[[-74.0927,4.6753],[-74.093,4.6756],[-74.0949,4.6732],[-74.0955,4.6736],[-74.096,4.6728],[-74.093,4.6704],[-74.0924,4.6707],[-74.0909,4.6696],[-74.0892,4.6719],[-74.0927,4.6753]]]}},{"type":"Feature","properties":{"b":"Bochica","loc":"Engativá","upz":"Minuto De Dios","uso":"Residencial","d":-7.3,"c":38.6,"a":40.0,"w":"A","cod":"005632","estrato":2,"estrato_mean":2.22,"np":1,"p2":57.7,"g22":11.8,"src":"2026","abs":27.3},"geometry":{"type":"Polygon","coordinates":[[[-74.1075,4.7138],[-74.1101,4.708],[-74.1095,4.7073],[-74.1029,4.7118],[-74.1067,4.7155],[-74.1075,4.7138]]]}},{"type":"Feature","properties":{"b":"Madelena","loc":"Ciudad Bolívar","upz":"Arborizadora","uso":"Residencial","d":-8.8,"c":53.2,"a":27.1,"w":"C","cod":"002415","estrato":3,"estrato_mean":3.0,"np":1,"p2":73.5,"g22":11.6,"src":"2026","abs":29.7},"geometry":{"type":"Polygon","coordinates":[[[-74.1523,4.5958],[-74.1547,4.5965],[-74.1581,4.5962],[-74.1577,4.5926],[-74.1616,4.5922],[-74.1612,4.5878],[-74.1588,4.5863],[-74.1572,4.5872],[-74.1578,4.5891],[-74.1566,4.5902],[-74.1535,4.5918],[-74.1517,4.5918],[-74.1519,4.5933],[-74.1534,4.5924],[-74.1544,4.5933],[-74.154,4.5945],[-74.1523,4.5958]]]}},{"type":"Feature","properties":{"b":"Ricaurte","loc":"Los Mártires","upz":"La Sabana","uso":"Comercial","d":-5.7,"c":39.1,"a":43.7,"w":"A","cod":"004101","estrato":3,"estrato_mean":3.0,"np":3,"p2":55.3,"g22":10.8,"src":"2026","abs":41.4},"geometry":{"type":"Polygon","coordinates":[[[-74.0954,4.6045],[-74.0931,4.6029],[-74.0878,4.6106],[-74.0919,4.6142],[-74.098,4.6066],[-74.0954,4.6045]]]}},{"type":"Feature","properties":{"b":"Mónaco","loc":"Suba","upz":"La Alhambra","uso":"Residencial","d":-2.9,"c":11.7,"a":61.2,"w":"A","cod":"009111","estrato":5,"estrato_mean":5.0,"np":2,"p2":20.9,"g22":7.7,"src":"2026","abs":24.4},"geometry":{"type":"Polygon","coordinates":[[[-74.0667,4.7048],[-74.0709,4.7053],[-74.0705,4.7013],[-74.0667,4.7024],[-74.0643,4.6979],[-74.0594,4.6963],[-74.0571,4.6964],[-74.0555,4.6972],[-74.0546,4.7029],[-74.0623,4.7039],[-74.0649,4.705],[-74.0654,4.7034],[-74.0665,4.7038],[-74.066,4.7048],[-74.0667,4.7048]]]}},{"type":"Feature","properties":{"b":"Usaquén","loc":"Usaquén","upz":"Usaquén","uso":"Comercial","d":-4.1,"c":15.8,"a":55.6,"w":"A","cod":"008407","estrato":6,"estrato_mean":4.61,"np":3,"p2":28.8,"g22":8.8,"src":"2026","abs":40.4},"geometry":{"type":"Polygon","coordinates":[[[-74.0287,4.6965],[-74.0304,4.698],[-74.0308,4.6977],[-74.0329,4.6943],[-74.0341,4.6908],[-74.0265,4.6879],[-74.0268,4.6913],[-74.0261,4.6908],[-74.0258,4.6924],[-74.0264,4.6934],[-74.0244,4.6933],[-74.0252,4.6952],[-74.0244,4.6956],[-74.026,4.6953],[-74.0274,4.6969],[-74.0278,4.6964],[-74.0287,4.6965]]]}},{"type":"Feature","properties":{"b":"Altos De Suba","loc":"Suba","upz":"Casa Blanca Suba","uso":"Residencial","d":-3.0,"c":37.6,"a":43.3,"w":"A","cod":"009260","estrato":6,"estrato_mean":6.0,"np":1,"p2":54.1,"g22":13.4,"src":"2026","abs":36.5},"geometry":{"type":"Polygon","coordinates":[[[-74.074,4.7338],[-74.0742,4.7345],[-74.0783,4.7337],[-74.077,4.7327],[-74.0753,4.7328],[-74.0749,4.7321],[-74.074,4.7338]]]}},{"type":"Feature","properties":{"b":"Cooperativa De Sub-Oficiales","loc":"Kennedy","upz":"Bavaria","uso":"Residencial","d":-3.4,"c":30.5,"a":45.4,"w":"A","cod":"006501","estrato":3,"estrato_mean":3.0,"np":1,"p2":45.7,"g22":11.8,"src":"2026","abs":39.9},"geometry":{"type":"Polygon","coordinates":[[[-74.1303,4.645],[-74.1308,4.6458],[-74.1352,4.6404],[-74.1368,4.6368],[-74.1375,4.633],[-74.1341,4.6327],[-74.1277,4.6381],[-74.1305,4.6428],[-74.1293,4.6435],[-74.1303,4.645]]]}},{"type":"Feature","properties":{"b":"Santa Ana","loc":"Usaquén","upz":"Usaquén","uso":"Comercial","d":-3.4,"c":9.3,"a":60.9,"w":"A","cod":"008408","estrato":6,"estrato_mean":6.0,"np":1,"p2":18.6,"g22":5.9,"src":"2026","abs":28.4},"geometry":{"type":"Polygon","coordinates":[[[-74.0294,4.6891],[-74.0341,4.6908],[-74.035,4.6869],[-74.0338,4.6867],[-74.033,4.685],[-74.0318,4.685],[-74.031,4.6839],[-74.0273,4.6822],[-74.0265,4.6831],[-74.0272,4.6836],[-74.0248,4.6864],[-74.0252,4.6865],[-74.0249,4.6877],[-74.0294,4.6891]]]}},{"type":"Feature","properties":{"b":"Batallón Caldas","loc":"Puente Aranda","upz":"Puente Aranda","uso":"Industrial","d":-10.4,"c":36.8,"a":43.6,"w":"A","cod":"006207","estrato":3,"estrato_mean":3.0,"np":1,"p2":57.8,"g22":10.7,"src":"2026","abs":41.6},"geometry":{"type":"Polygon","coordinates":[[[-74.1027,4.6274],[-74.0997,4.6314],[-74.1021,4.6338],[-74.1067,4.6274],[-74.1028,4.6269],[-74.1027,4.6274]]]}},{"type":"Feature","properties":{"b":"Rincón De Santa Inés","loc":"Suba","upz":"Suba","uso":"Residencial","d":-5.9,"c":41.8,"a":36.4,"w":"C","cod":"009217","estrato":3,"estrato_mean":3.0,"np":1,"p2":63.0,"g22":12.2,"src":"2026","abs":12.5},"geometry":{"type":"Polygon","coordinates":[[[-74.1037,4.7522],[-74.0988,4.7601],[-74.0989,4.7606],[-74.1044,4.7619],[-74.1038,4.7598],[-74.1054,4.7534],[-74.104,4.7518],[-74.1037,4.7522]]]}},{"type":"Feature","properties":{"b":"Roma","loc":"Kennedy","upz":"Timiza","uso":"Residencial","d":-5.9,"c":49.7,"a":32.0,"w":"C","cod":"004534","estrato":3,"estrato_mean":3.0,"np":3,"p2":65.8,"g22":11.3,"src":"2026","abs":31.9},"geometry":{"type":"Polygon","coordinates":[[[-74.1745,4.6143],[-74.1771,4.6124],[-74.1758,4.6105],[-74.1754,4.6108],[-74.1735,4.6067],[-74.1703,4.6089],[-74.1713,4.6103],[-74.17,4.6113],[-74.1745,4.6143]]]}},{"type":"Feature","properties":{"b":"Los Rosales","loc":"Chapinero","upz":"El Refugio","uso":"Residencial","d":-4.8,"c":6.5,"a":54.0,"w":"A","cod":"008304","estrato":6,"estrato_mean":6.0,"np":1,"p2":17.1,"g22":5.8,"src":"2026","abs":11.7},"geometry":{"type":"Polygon","coordinates":[[[-74.0458,4.6645],[-74.0473,4.6645],[-74.0523,4.6594],[-74.0502,4.6588],[-74.0499,4.6556],[-74.0496,4.6562],[-74.0479,4.6553],[-74.0471,4.6569],[-74.0467,4.6594],[-74.0471,4.6598],[-74.0465,4.6609],[-74.0456,4.6603],[-74.0448,4.6622],[-74.045,4.6641],[-74.0458,4.6645]]]}},{"type":"Feature","properties":{"b":"Porciúncula","loc":"Chapinero","upz":"Chicó Lago","uso":"Comercial","d":-2.7,"c":28.5,"a":44.3,"w":"A","cod":"008306","estrato":4,"estrato_mean":4.1,"np":2,"p2":40.6,"g22":9.0,"src":"2026","abs":34.7},"geometry":{"type":"Polygon","coordinates":[[[-74.0554,4.655],[-74.0529,4.6588],[-74.0611,4.6641],[-74.0619,4.6594],[-74.0554,4.655]]]}},{"type":"Feature","properties":{"b":"La Fiscala Norte","loc":"Usme","upz":"Danubio","uso":"Residencial","d":-4.0,"c":60.4,"a":23.3,"w":"C","cod":"002597","estrato":1,"estrato_mean":1.0,"np":1,"p2":78.1,"g22":13.6,"src":"2026","abs":37.3},"geometry":{"type":"Polygon","coordinates":[[[-74.1092,4.5399],[-74.1098,4.5399],[-74.1084,4.5393],[-74.1105,4.539],[-74.1088,4.539],[-74.1099,4.5374],[-74.1116,4.538],[-74.114,4.5371],[-74.114,4.5379],[-74.1162,4.5374],[-74.1166,4.5363],[-74.1132,4.5361],[-74.1128,4.5351],[-74.1116,4.5345],[-74.1101,4.535],[-74.1089,4.5346],[-74.1079,4.5396],[-74.1092,4.5399]]]}},{"type":"Feature","properties":{"b":"La Requilina Rural Iii","loc":"Usme","upz":"Ciudad Usme","uso":"Residencial","d":-5.1,"c":62.7,"a":23.5,"w":"C","cod":"102913","estrato":1,"estrato_mean":1.0,"np":1,"p2":78.5,"g22":12.1,"src":"2026","abs":33.8},"geometry":{"type":"Polygon","coordinates":[[[-74.1174,4.4807],[-74.1202,4.4826],[-74.1221,4.4774],[-74.1211,4.4761],[-74.1224,4.4751],[-74.1222,4.474],[-74.1203,4.4754],[-74.1207,4.4758],[-74.1202,4.4765],[-74.1192,4.4757],[-74.1176,4.4757],[-74.1171,4.4766],[-74.1179,4.4787],[-74.1174,4.4807]]]}},{"type":"Feature","properties":{"b":"Los Soches","loc":"Usme","upz":"La Flora","uso":"Residencial","d":-2.1,"c":66.3,"a":18.0,"w":"C","cod":"001344","estrato":1,"estrato_mean":1.0,"np":1,"p2":81.4,"g22":13.0,"src":"2026","abs":43.9},"geometry":{"type":"Polygon","coordinates":[[[-74.086,4.501],[-74.0864,4.502],[-74.0889,4.501],[-74.0913,4.4993],[-74.0901,4.4979],[-74.0884,4.4983],[-74.0876,4.4986],[-74.0876,4.5004],[-74.086,4.501]]]}},{"type":"Feature","properties":{"b":"Bellavista","loc":"Ciudad Bolívar","upz":"Jerusalén","uso":"Residencial","d":-5.9,"c":51.6,"a":30.1,"w":"C","cod":"002436","estrato":1,"estrato_mean":1.0,"np":1,"p2":70.3,"g22":12.7,"src":"2026","abs":39.5},"geometry":{"type":"Polygon","coordinates":[[[-74.1596,4.5786],[-74.1633,4.5761],[-74.1599,4.5717],[-74.1591,4.5723],[-74.1588,4.5744],[-74.1595,4.576],[-74.1585,4.5774],[-74.1596,4.5786]]]}},{"type":"Feature","properties":{"b":"Capellanía","loc":"Fontibón","upz":"Modelia","uso":"Residencial","d":-5.0,"c":24.2,"a":52.8,"w":"A","cod":"006302","estrato":4,"estrato_mean":4.0,"np":1,"p2":38.6,"g22":9.3,"src":"2026","abs":31.0},"geometry":{"type":"Polygon","coordinates":[[[-74.1198,4.6661],[-74.1232,4.6631],[-74.1237,4.6636],[-74.1262,4.6615],[-74.1207,4.6559],[-74.1159,4.6616],[-74.1198,4.6661]]]}},{"type":"Feature","properties":{"b":"Puerta Al Llano De Usme","loc":"Usme","upz":"Alfonso López","uso":"Residencial","d":-2.6,"c":65.2,"a":21.0,"w":"C","cod":"002618","estrato":1,"estrato_mean":1.0,"np":1,"p2":78.6,"g22":10.8,"src":"2026","abs":40.0},"geometry":{"type":"Polygon","coordinates":[[[-74.0996,4.4877],[-74.1001,4.4891],[-74.1008,4.4889],[-74.1021,4.4906],[-74.1027,4.4886],[-74.1041,4.488],[-74.1064,4.4883],[-74.1069,4.4875],[-74.1005,4.4852],[-74.0993,4.4859],[-74.0996,4.4877]]]}},{"type":"Feature","properties":{"b":"Country Club","loc":"Usaquén","upz":"Country Club","uso":"Residencial","d":-2.9,"c":11.8,"a":56.9,"w":"A","cod":"008402","estrato":5,"estrato_mean":5.0,"np":1,"p2":23.2,"g22":8.5,"src":"2026","abs":11.6},"geometry":{"type":"Polygon","coordinates":[[[-74.0434,4.7164],[-74.0471,4.7177],[-74.0483,4.7097],[-74.0358,4.7077],[-74.0352,4.7089],[-74.0351,4.7135],[-74.0434,4.7164]]]}},{"type":"Feature","properties":{"b":"Alquería La Fragua","loc":"Kennedy","upz":"Carvajal","uso":"Comercial","d":-5.7,"c":43.0,"a":39.1,"w":"C","cod":"004543","estrato":2,"estrato_mean":2.0,"np":2,"p2":60.3,"g22":11.8,"src":"2026","abs":33.3},"geometry":{"type":"Polygon","coordinates":[[[-74.1365,4.6057],[-74.1367,4.6061],[-74.1398,4.6049],[-74.1369,4.5991],[-74.136,4.5985],[-74.134,4.6014],[-74.1365,4.6057]]]}},{"type":"Feature","properties":{"b":"Cerro Colorado","loc":"Ciudad Bolívar","upz":"Jerusalén","uso":"Residencial","d":-8.6,"c":59.4,"a":21.5,"w":"C","cod":"002575","estrato":1,"estrato_mean":1.0,"np":1,"p2":77.3,"g22":9.3,"src":"2026","abs":48.9},"geometry":{"type":"Polygon","coordinates":[[[-74.1564,4.5648],[-74.1611,4.5668],[-74.1634,4.5659],[-74.1634,4.5654],[-74.1613,4.5644],[-74.1628,4.5616],[-74.1609,4.5601],[-74.16,4.5605],[-74.1581,4.5561],[-74.1568,4.5572],[-74.1555,4.557],[-74.1522,4.5589],[-74.1514,4.5599],[-74.1538,4.5627],[-74.156,4.5636],[-74.1557,4.5642],[-74.1564,4.5648]]]}},{"type":"Feature","properties":{"b":"Las Mercedes Suba","loc":"Suba","upz":"Suba","uso":"Residencial","d":-5.9,"c":47.4,"a":33.0,"w":"C","cod":"009239","estrato":2,"estrato_mean":2.0,"np":1,"p2":65.7,"g22":12.3,"src":"2026","abs":25.6},"geometry":{"type":"Polygon","coordinates":[[[-74.0829,4.7591],[-74.0834,4.7598],[-74.0847,4.7579],[-74.0818,4.7576],[-74.0805,4.7584],[-74.0828,4.7583],[-74.0829,4.7591]]]}},{"type":"Feature","properties":{"b":"Villa Alsacia","loc":"Kennedy","upz":"Bavaria","uso":"Residencial","d":-11.0,"c":32.0,"a":44.4,"w":"A","cod":"006512","estrato":4,"estrato_mean":3.88,"np":1,"p2":54.1,"g22":11.2,"src":"2026","abs":21.3},"geometry":{"type":"Polygon","coordinates":[[[-74.1242,4.6453],[-74.1267,4.6492],[-74.1308,4.6458],[-74.1293,4.6435],[-74.1305,4.6428],[-74.1277,4.6381],[-74.1244,4.6418],[-74.1236,4.6407],[-74.1231,4.6409],[-74.1242,4.6453]]]}},{"type":"Feature","properties":{"b":"San José V Sector","loc":"Suba","upz":"Britalia","uso":"Residencial","d":-7.1,"c":20.9,"a":53.6,"w":"A","cod":"009134","estrato":2,"estrato_mean":2.0,"np":1,"p2":38.1,"g22":10.2,"src":"2026","abs":20.2},"geometry":{"type":"Polygon","coordinates":[[[-74.058,4.7542],[-74.0662,4.7607],[-74.0662,4.7555],[-74.0574,4.7537],[-74.058,4.7542]]]}},{"type":"Feature","properties":{"b":"Tihuaque Rural","loc":"Usme","upz":"La Flora","uso":"Residencial","d":-2.1,"c":66.3,"a":18.0,"w":"C","cod":"101307","estrato":1,"estrato_mean":1.0,"np":1,"p2":81.4,"g22":13.0,"src":"2026","abs":43.9},"geometry":{"type":"Polygon","coordinates":[[[-74.0762,4.5035],[-74.0775,4.5063],[-74.0805,4.5032],[-74.0818,4.503],[-74.0788,4.5034],[-74.0786,4.5025],[-74.0857,4.5],[-74.0847,4.4984],[-74.0826,4.4987],[-74.0812,4.5],[-74.0769,4.5015],[-74.0772,4.5019],[-74.0756,4.5025],[-74.0762,4.5035]]]}},{"type":"Feature","properties":{"b":"Paraíso Quiba","loc":"Ciudad Bolívar","upz":"Lucero","uso":"Residencial","d":-5.2,"c":63.0,"a":23.3,"w":"C","cod":"002565","estrato":1,"estrato_mean":1.0,"np":2,"p2":80.9,"g22":12.2,"src":"2026","abs":40.4},"geometry":{"type":"Polygon","coordinates":[[[-74.1585,4.5552],[-74.1593,4.5556],[-74.1647,4.5513],[-74.1661,4.5501],[-74.1657,4.5493],[-74.1615,4.5487],[-74.1603,4.5504],[-74.1585,4.5552]]]}},{"type":"Feature","properties":{"b":"Bravo Páez","loc":"Rafael Uribe Uribe","upz":"Quiroga","uso":"Residencial","d":-6.3,"c":48.3,"a":33.8,"w":"C","cod":"002306","estrato":3,"estrato_mean":3.0,"np":2,"p2":65.5,"g22":11.8,"src":"2026","abs":39.7},"geometry":{"type":"Polygon","coordinates":[[[-74.1195,4.5886],[-74.1209,4.5894],[-74.1231,4.589],[-74.122,4.5873],[-74.1215,4.5849],[-74.1188,4.5816],[-74.1195,4.5886]]]}},{"type":"Feature","properties":{"b":"El Mochuelo Ii Rural","loc":"Ciudad Bolívar","upz":"Monte Blanco","uso":"Residencial","d":-4.9,"c":56.0,"a":27.4,"w":"C","cod":"104136","estrato":1,"estrato_mean":1.0,"np":1,"p2":73.4,"g22":12.6,"src":"2026","abs":34.2},"geometry":{"type":"Polygon","coordinates":[[[-74.1276,4.533],[-74.1284,4.5322],[-74.1295,4.5343],[-74.1349,4.5328],[-74.1342,4.5312],[-74.1345,4.5284],[-74.1333,4.5271],[-74.1328,4.5242],[-74.1318,4.5166],[-74.1317,4.5099],[-74.1308,4.5108],[-74.1269,4.5116],[-74.1257,4.5148],[-74.1261,4.5188],[-74.1255,4.5203],[-74.1293,4.5244],[-74.1268,4.5255],[-74.1276,4.533]]]}},{"type":"Feature","properties":{"b":"Bella Flor","loc":"Ciudad Bolívar","upz":"Lucero","uso":"Residencial","d":-4.8,"c":65.8,"a":19.3,"w":"C","cod":"002580","estrato":1,"estrato_mean":1.0,"np":1,"p2":82.9,"g22":12.2,"src":"2026","abs":49.9},"geometry":{"type":"Polygon","coordinates":[[[-74.1592,4.5468],[-74.1612,4.5469],[-74.1636,4.5449],[-74.1624,4.544],[-74.1596,4.5438],[-74.1596,4.5448],[-74.1585,4.5455],[-74.1592,4.5468]]]}},{"type":"Feature","properties":{"b":"Bella Flor Sur","loc":"Ciudad Bolívar","upz":"Lucero","uso":"Residencial","d":-4.8,"c":65.8,"a":19.3,"w":"C","cod":"002582","estrato":1,"estrato_mean":1.0,"np":1,"p2":82.9,"g22":12.2,"src":"2026","abs":49.9},"geometry":{"type":"MultiPolygon","coordinates":[[[[-74.1542,4.5526],[-74.1554,4.5525],[-74.1573,4.5512],[-74.1575,4.5502],[-74.1569,4.5496],[-74.1581,4.5482],[-74.1585,4.5463],[-74.1583,4.546],[-74.1577,4.5465],[-74.157,4.5454],[-74.1561,4.5461],[-74.1557,4.5451],[-74.1568,4.5441],[-74.1565,4.5432],[-74.1583,4.5404],[-74.1567,4.5388],[-74.1554,4.539],[-74.1563,4.5421],[-74.1556,4.5421],[-74.1553,4.5432],[-74.1559,4.5472],[-74.1568,4.5485],[-74.1542,4.5504],[-74.1542,4.5526]]],[[[-74.1582,4.5378],[-74.1575,4.538],[-74.158,4.539],[-74.1598,4.539],[-74.1593,4.5377],[-74.1582,4.5378]]],[[[-74.1619,4.5441],[-74.1626,4.5436],[-74.162,4.5435],[-74.1624,4.543],[-74.1634,4.5426],[-74.1622,4.5424],[-74.1614,4.5435],[-74.1589,4.5432],[-74.1583,4.5436],[-74.1619,4.5441]]]]}},{"type":"Feature","properties":{"b":"Iberia","loc":"Suba","upz":"Niza","uso":"Residencial","d":-6.0,"c":19.6,"a":48.3,"w":"A","cod":"009115","estrato":5,"estrato_mean":4.83,"np":1,"p2":37.4,"g22":11.9,"src":"2026","abs":30.5},"geometry":{"type":"Polygon","coordinates":[[[-74.0656,4.7242],[-74.0644,4.7282],[-74.0749,4.7319],[-74.0747,4.7262],[-74.0715,4.7258],[-74.0675,4.7239],[-74.067,4.7222],[-74.0662,4.7242],[-74.0656,4.7242]]]}},{"type":"Feature","properties":{"b":"Interindustrial","loc":"Fontibón","upz":"Granjas De Techo","uso":"Industrial","d":-6.5,"c":34.0,"a":43.2,"w":"A","cod":"006527","estrato":2,"estrato_mean":2.19,"np":1,"p2":57.2,"g22":11.8,"src":"2026","abs":8.6},"geometry":{"type":"Polygon","coordinates":[[[-74.1268,4.6491],[-74.1323,4.6552],[-74.1346,4.6531],[-74.1319,4.6488],[-74.1295,4.6488],[-74.1283,4.6479],[-74.1268,4.6491]]]}},{"type":"Feature","properties":{"b":"Niza Sur","loc":"Suba","upz":"Niza","uso":"Residencial","d":-7.3,"c":19.2,"a":51.0,"w":"A","cod":"009109","estrato":5,"estrato_mean":5.0,"np":1,"p2":37.3,"g22":10.8,"src":"2026","abs":21.5},"geometry":{"type":"Polygon","coordinates":[[[-74.0719,4.71],[-74.0721,4.711],[-74.0802,4.7097],[-74.082,4.7066],[-74.0817,4.7045],[-74.0756,4.7021],[-74.0706,4.7021],[-74.0719,4.71]]]}},{"type":"Feature","properties":{"b":"San Agustín","loc":"Rafael Uribe Uribe","upz":"Diana Turbay","uso":"Residencial","d":-5.8,"c":57.0,"a":30.0,"w":"C","cod":"001416","estrato":2,"estrato_mean":2.0,"np":1,"p2":69.8,"g22":12.9,"src":"2026","abs":27.1},"geometry":{"type":"Polygon","coordinates":[[[-74.1037,4.5464],[-74.1062,4.5515],[-74.106,4.5527],[-74.107,4.5536],[-74.1086,4.5529],[-74.1113,4.5532],[-74.1114,4.5516],[-74.1122,4.5519],[-74.1139,4.5504],[-74.1134,4.5497],[-74.1149,4.5493],[-74.1122,4.5467],[-74.1123,4.5476],[-74.111,4.5482],[-74.1102,4.5511],[-74.1084,4.5508],[-74.1088,4.5495],[-74.1051,4.5483],[-74.1045,4.5459],[-74.1037,4.5464]]]}},{"type":"Feature","properties":{"b":"Osorio Xxiii","loc":"Bosa","upz":"El Porvenir","uso":"Residencial","d":-5.7,"c":56.3,"a":26.9,"w":"C","cod":"105223","estrato":2,"estrato_mean":2.0,"np":1,"p2":68.5,"g22":10.4,"src":"2026","abs":21.5},"geometry":{"type":"Polygon","coordinates":[[[-74.1889,4.6456],[-74.1872,4.6462],[-74.1875,4.6469],[-74.1861,4.6475],[-74.1837,4.6525],[-74.187,4.6514],[-74.1923,4.655],[-74.1942,4.6549],[-74.1955,4.652],[-74.1915,4.6439],[-74.1903,4.6447],[-74.1917,4.6462],[-74.1908,4.6475],[-74.1889,4.6456]]]}},{"type":"Feature","properties":{"b":"Santa Rita De Suba","loc":"Suba","upz":"Tibabuyes","uso":"Residencial","d":-3.9,"c":53.8,"a":31.8,"w":"C","cod":"009255","estrato":2,"estrato_mean":2.0,"np":2,"p2":68.4,"g22":11.3,"src":"2026","abs":34.7},"geometry":{"type":"Polygon","coordinates":[[[-74.1246,4.75],[-74.1271,4.7505],[-74.1272,4.7496],[-74.1255,4.7493],[-74.125,4.7475],[-74.127,4.7459],[-74.1301,4.7457],[-74.1308,4.7418],[-74.1214,4.7449],[-74.1229,4.7445],[-74.1246,4.75]]]}},{"type":"Feature","properties":{"b":"La María","loc":"San Cristóbal","upz":"Sosiego","uso":"Residencial","d":-6.4,"c":48.9,"a":31.3,"w":"C","cod":"001109","estrato":3,"estrato_mean":2.9,"np":1,"p2":66.6,"g22":11.2,"src":"2026","abs":53.3},"geometry":{"type":"Polygon","coordinates":[[[-74.0824,4.5787],[-74.0829,4.5791],[-74.084,4.5777],[-74.0832,4.5771],[-74.0841,4.5777],[-74.0846,4.577],[-74.0773,4.5718],[-74.0792,4.5739],[-74.0809,4.5783],[-74.0819,4.579],[-74.0821,4.5781],[-74.0824,4.5787]]]}},{"type":"Feature","properties":{"b":"San Isidro","loc":"Chapinero","upz":"San Isidro - Patios","uso":"Residencial","d":-5.2,"c":45.9,"a":29.5,"w":"C","cod":"208111","estrato":6,"estrato_mean":6.0,"np":1,"p2":71.4,"g22":13.4,"src":"2026","abs":37.3},"geometry":{"type":"Polygon","coordinates":[[[-74.0183,4.6685],[-74.017,4.6699],[-74.0177,4.6712],[-74.0188,4.6701],[-74.0183,4.6685]]]}},{"type":"Feature","properties":{"b":"El Triángulo I","loc":"San Cristóbal","upz":"San Blas","uso":"Residencial","d":-5.6,"c":58.7,"a":25.4,"w":"C","cod":"001121","estrato":2,"estrato_mean":2.0,"np":1,"p2":76.4,"g22":12.1,"src":"2026","abs":24.9},"geometry":{"type":"Polygon","coordinates":[[[-74.0753,4.566],[-74.0754,4.5675],[-74.0763,4.5677],[-74.0758,4.5668],[-74.0763,4.5663],[-74.0755,4.5649],[-74.0749,4.5654],[-74.0753,4.566]]]}},{"type":"Feature","properties":{"b":"Las Guacamayas Iv","loc":"San Cristóbal","upz":"La Gloria","uso":"Residencial","d":-4.4,"c":59.6,"a":24.6,"w":"C","cod":"001353","estrato":2,"estrato_mean":2.0,"np":1,"p2":77.1,"g22":13.1,"src":"2026","abs":41.9},"geometry":{"type":"Polygon","coordinates":[[[-74.102,4.5591],[-74.1024,4.5591],[-74.1007,4.5551],[-74.0994,4.5537],[-74.1002,4.5566],[-74.0998,4.5575],[-74.102,4.5591]]]}},{"type":"Feature","properties":{"b":"Chapinerito","loc":"Usme","upz":"Alfonso López","uso":"Residencial","d":-5.2,"c":55.8,"a":26.9,"w":"C","cod":"002610","estrato":1,"estrato_mean":1.0,"np":1,"p2":72.9,"g22":11.8,"src":"2026","abs":37.0},"geometry":{"type":"Polygon","coordinates":[[[-74.1034,4.5054],[-74.1044,4.5057],[-74.1053,4.5026],[-74.1021,4.5036],[-74.1034,4.5054]]]}},{"type":"Feature","properties":{"b":"Chicó Norte Iii Sector","loc":"Chapinero","upz":"Chicó Lago","uso":"Comercial","d":-4.9,"c":15.2,"a":60.0,"w":"A","cod":"008315","estrato":6,"estrato_mean":5.82,"np":2,"p2":28.3,"g22":7.1,"src":"2026","abs":61.8},"geometry":{"type":"Polygon","coordinates":[[[-74.0559,4.6872],[-74.0572,4.6874],[-74.0585,4.679],[-74.0547,4.6812],[-74.0507,4.6793],[-74.0499,4.6809],[-74.0523,4.6821],[-74.0499,4.681],[-74.048,4.6849],[-74.0559,4.6872]]]}},{"type":"Feature","properties":{"b":"Argelia Ii","loc":"Bosa","upz":"Bosa Central","uso":"Residencial","d":3.3,"c":61.0,"a":25.0,"w":"C","cod":"004583","estrato":2,"estrato_mean":2.0,"np":1,"p2":70.9,"g22":13.2,"src":"2026","abs":30.0},"geometry":{"type":"Polygon","coordinates":[[[-74.1866,4.6121],[-74.1854,4.6134],[-74.1823,4.6136],[-74.1818,4.6141],[-74.1821,4.6149],[-74.1841,4.6159],[-74.1859,4.6153],[-74.186,4.6141],[-74.1872,4.6136],[-74.1866,4.6121]]]}},{"type":"Feature","properties":{"b":"El Mochuelo Iv","loc":"Ciudad Bolívar","upz":"El Tesoro","uso":"Residencial","d":-2.6,"c":68.2,"a":17.7,"w":"C","cod":"104127","estrato":1,"estrato_mean":1.0,"np":1,"p2":83.9,"g22":13.1,"src":"2026","abs":48.7},"geometry":{"type":"Polygon","coordinates":[[[-74.1537,4.5384],[-74.1549,4.5387],[-74.1546,4.5339],[-74.1514,4.5354],[-74.151,4.5342],[-74.1496,4.5348],[-74.1513,4.537],[-74.1516,4.5386],[-74.1537,4.5384]]]}},{"type":"Feature","properties":{"b":"Centro Usme Rural Ii","loc":"Usme","upz":"Ciudad Usme","uso":"Residencial","d":-4.3,"c":67.2,"a":18.5,"w":"C","cod":"102603","estrato":1,"estrato_mean":1.0,"np":1,"p2":81.4,"g22":9.9,"src":"2026","abs":36.1},"geometry":{"type":"Polygon","coordinates":[[[-74.1238,4.4683],[-74.1244,4.4685],[-74.1233,4.4657],[-74.1238,4.4683]]]}},{"type":"Feature","properties":{"b":"Bosque De Pinos","loc":"Usaquén","upz":"San Cristóbal Norte","uso":"Residencial","d":-4.9,"c":49.5,"a":32.6,"w":"C","cod":"008520","estrato":1,"estrato_mean":1.55,"np":1,"p2":50.5,"g22":11.6,"src":"2026","abs":45.4},"geometry":{"type":"Polygon","coordinates":[[[-74.0161,4.7295],[-74.0149,4.7299],[-74.0137,4.7294],[-74.0132,4.7302],[-74.0123,4.7299],[-74.0114,4.7311],[-74.0153,4.7323],[-74.0198,4.7355],[-74.0184,4.7373],[-74.0214,4.7382],[-74.0215,4.7396],[-74.0187,4.7395],[-74.0217,4.7402],[-74.0217,4.7396],[-74.0227,4.7398],[-74.023,4.7374],[-74.0243,4.7358],[-74.0243,4.7334],[-74.0206,4.7323],[-74.0205,4.7327],[-74.0161,4.7295]]]}},{"type":"Feature","properties":{"b":"Las Delicias Del Carmen Ii Sector","loc":"Usaquén","upz":"Usaquén","uso":"Comercial","d":-10.5,"c":32.9,"a":42.4,"w":"A","cod":"208129","estrato":3,"estrato_mean":3.0,"np":1,"p2":56.3,"g22":13.0,"src":"2026","abs":22.3},"geometry":{"type":"Polygon","coordinates":[[[-74.0241,4.7036],[-74.0247,4.7037],[-74.024,4.7028],[-74.0231,4.7027],[-74.0241,4.7036]]]}},{"type":"Feature","properties":{"b":"Campo Verde","loc":"Bosa","upz":"Tintal Sur","uso":"Residencial","d":-3.6,"c":57.6,"a":25.1,"w":"C","cod":"205322","estrato":2,"estrato_mean":2.0,"np":2,"p2":73.4,"g22":12.0,"src":"2026","abs":25.3},"geometry":{"type":"Polygon","coordinates":[[[-74.2051,4.6246],[-74.2067,4.6287],[-74.2072,4.6292],[-74.2082,4.6287],[-74.209,4.6306],[-74.2142,4.6287],[-74.2133,4.6266],[-74.214,4.6264],[-74.2132,4.624],[-74.2137,4.6238],[-74.2129,4.6178],[-74.2134,4.6174],[-74.2121,4.6176],[-74.2127,4.6192],[-74.2112,4.6198],[-74.2113,4.6219],[-74.2087,4.623],[-74.2084,4.6209],[-74.2076,4.621],[-74.2071,4.6217],[-74.2078,4.6233],[-74.2086,4.623],[-74.2051,4.6246]]]}},{"type":"Feature","properties":{"b":"Bellavista","loc":"Chapinero","upz":"El Refugio","uso":"Residencial","d":-2.8,"c":16.5,"a":49.3,"w":"A","cod":"008305","estrato":6,"estrato_mean":6.0,"np":1,"p2":28.2,"g22":8.9,"src":"2026","abs":19.6},"geometry":{"type":"Polygon","coordinates":[[[-74.0482,4.6497],[-74.0479,4.6511],[-74.0489,4.6535],[-74.0477,4.6552],[-74.0496,4.6562],[-74.0499,4.6556],[-74.0502,4.6588],[-74.0523,4.6594],[-74.0553,4.6552],[-74.0529,4.654],[-74.0533,4.6532],[-74.0511,4.6518],[-74.0504,4.6528],[-74.0485,4.6511],[-74.0482,4.6497]]]}},{"type":"Feature","properties":{"b":"Boita","loc":"Kennedy","upz":"Timiza","uso":"Residencial","d":-7.6,"c":44.7,"a":35.2,"w":"C","cod":"004516","estrato":3,"estrato_mean":3.0,"np":2,"p2":64.2,"g22":11.7,"src":"2026","abs":31.3},"geometry":{"type":"Polygon","coordinates":[[[-74.1581,4.6062],[-74.1589,4.6052],[-74.1587,4.6036],[-74.1573,4.604],[-74.1536,4.6012],[-74.1522,4.6008],[-74.1516,4.6021],[-74.1497,4.6028],[-74.1581,4.6062]]]}},{"type":"Feature","properties":{"b":"Nicolás De Federmán","loc":"Teusaquillo","upz":"La Esmeralda","uso":"Residencial","d":-6.1,"c":27.5,"a":45.5,"w":"A","cod":"005106","estrato":5,"estrato_mean":4.88,"np":2,"p2":39.9,"g22":9.3,"src":"2026","abs":24.9},"geometry":{"type":"Polygon","coordinates":[[[-74.0845,4.6512],[-74.0862,4.6469],[-74.0796,4.6415],[-74.079,4.6417],[-74.0787,4.6452],[-74.0812,4.646],[-74.0807,4.6525],[-74.0836,4.6534],[-74.0845,4.6512]]]}},{"type":"Feature","properties":{"b":"Sierra Morena Ii","loc":"Ciudad Bolívar","upz":"Ismael Perdomo","uso":"Residencial","d":-4.7,"c":59.7,"a":24.7,"w":"C","cod":"002444","estrato":1,"estrato_mean":1.0,"np":1,"p2":76.0,"g22":11.6,"src":"2026","abs":37.6},"geometry":{"type":"Polygon","coordinates":[[[-74.1693,4.5789],[-74.1708,4.5794],[-74.1692,4.5782],[-74.1688,4.5766],[-74.1664,4.5738],[-74.1668,4.573],[-74.165,4.5747],[-74.1678,4.5787],[-74.1693,4.5789]]]}},{"type":"Feature","properties":{"b":"Serranías","loc":"Usme","upz":"Comuneros","uso":"Residencial","d":-6.3,"c":62.3,"a":22.7,"w":"C","cod":"002542","estrato":1,"estrato_mean":1.0,"np":1,"p2":80.1,"g22":11.5,"src":"2026","abs":41.4},"geometry":{"type":"Polygon","coordinates":[[[-74.1152,4.5003],[-74.116,4.5003],[-74.1137,4.4974],[-74.112,4.5006],[-74.1152,4.5003]]]}},{"type":"Feature","properties":{"b":"Bellavista Sur","loc":"San Cristóbal","upz":"San Blas","uso":"Residencial","d":-6.1,"c":55.7,"a":25.3,"w":"C","cod":"001313","estrato":2,"estrato_mean":2.0,"np":1,"p2":74.9,"g22":13.1,"src":"2026","abs":33.9},"geometry":{"type":"Polygon","coordinates":[[[-74.0892,4.5536],[-74.0907,4.5485],[-74.0883,4.5477],[-74.0878,4.5504],[-74.0866,4.55],[-74.0863,4.5516],[-74.0874,4.5517],[-74.0881,4.5536],[-74.0892,4.5536]]]}},{"type":"Feature","properties":{"b":"Eduardo Santos","loc":"Los Mártires","upz":"Santa Isabel","uso":"Residencial","d":-9.3,"c":39.3,"a":41.4,"w":"A","cod":"004105","estrato":3,"estrato_mean":3.0,"np":2,"p2":57.2,"g22":9.8,"src":"2026","abs":37.3},"geometry":{"type":"Polygon","coordinates":[[[-74.0952,4.5938],[-74.0889,4.5919],[-74.0847,4.5971],[-74.0923,4.5976],[-74.0947,4.5954],[-74.0952,4.5938]]]}},{"type":"Feature","properties":{"b":"El Progreso","loc":"Los Mártires","upz":"Santa Isabel","uso":"Residencial","d":-6.8,"c":32.1,"a":49.7,"w":"A","cod":"004111","estrato":3,"estrato_mean":3.0,"np":1,"p2":48.1,"g22":9.2,"src":"2026","abs":42.3},"geometry":{"type":"Polygon","coordinates":[[[-74.0923,4.5976],[-74.0916,4.5974],[-74.0894,4.6002],[-74.0954,4.6045],[-74.0968,4.6027],[-74.0944,4.6009],[-74.095,4.5994],[-74.0923,4.5976]]]}},{"type":"Feature","properties":{"b":"El Salitre","loc":"Teusaquillo","upz":"Parque Simón Bolívar - Can","uso":"Dotacional","d":-6.9,"c":24.3,"a":48.4,"w":"A","cod":"005110","estrato":4,"estrato_mean":4.0,"np":1,"p2":40.6,"g22":9.4,"src":"2026","abs":34.5},"geometry":{"type":"Polygon","coordinates":[[[-74.0995,4.6474],[-74.0931,4.6519],[-74.1005,4.6572],[-74.1034,4.6536],[-74.0995,4.6474]]]}},{"type":"Feature","properties":{"b":"El Minuto De María","loc":"Ciudad Bolívar","upz":"El Tesoro","uso":"Residencial","d":-6.1,"c":61.9,"a":23.0,"w":"C","cod":"002564","estrato":1,"estrato_mean":1.0,"np":1,"p2":79.1,"g22":11.1,"src":"2026","abs":48.3},"geometry":{"type":"Polygon","coordinates":[[[-74.1398,4.5376],[-74.1455,4.5367],[-74.1456,4.5348],[-74.1442,4.5347],[-74.1443,4.5356],[-74.143,4.5355],[-74.1427,4.5361],[-74.1409,4.5344],[-74.1412,4.534],[-74.1391,4.5367],[-74.1398,4.5376]]]}},{"type":"Feature","properties":{"b":"Mochuelo Alto Rural","loc":"Ciudad Bolívar","upz":"Monte Blanco","uso":"Residencial","d":-10.2,"c":65.3,"a":19.0,"w":"C","cod":"104131","estrato":1,"estrato_mean":1.0,"np":1,"p2":86.3,"g22":10.8,"src":"2026","abs":56.7},"geometry":{"type":"Polygon","coordinates":[[[-74.1235,4.4916],[-74.1267,4.4919],[-74.126,4.4936],[-74.1273,4.494],[-74.1286,4.4913],[-74.1301,4.4929],[-74.1319,4.4915],[-74.1363,4.493],[-74.1371,4.4913],[-74.1376,4.4875],[-74.1383,4.4887],[-74.14,4.4895],[-74.1423,4.4888],[-74.1448,4.4894],[-74.1439,4.4912],[-74.1418,4.491],[-74.1419,4.4928],[-74.1412,4.4935],[-74.142,4.4943],[-74.1424,4.4935],[-74.1476,4.4932],[-74.1478,4.4954],[-74.1464,4.4954],[-74.1463,4.496],[-74.1475,4.496],[-74.1478,4.4999],[-74.1396,4.5042],[-74.1383,4.5068],[-74.1362,4.5081],[-74.1365,4.5089],[-74.1374,4.5079],[-74.1414,4.5067],[-74.1447,4.5028],[-74.1478,4.5024],[-74.1475,4.5015],[-74.1502,4.5013],[-74.1499,4.5001],[-74.156,4.4997],[-74.1557,4.5058],[-74.1615,4.4995],[-74.1653,4.4905],[-74.1654,4.4874],[-74.1679,4.4839],[-74.1695,4.4757],[-74.1713,4.4733],[-74.1747,4.4718],[-74.1745,4.4711],[-74.173,4.469],[-74.1712,4.4681],[-74.1666,4.4686],[-74.1575,4.466],[-74.1513,4.463],[-74.1501,4.4631],[-74.1489,4.4622],[-74.1433,4.4615],[-74.1416,4.46],[-74.1402,4.4572],[-74.1393,4.4583],[-74.1384,4.4626],[-74.1373,4.4636],[-74.1381,4.4655],[-74.1367,4.4657],[-74.1362,4.4679],[-74.1347,4.4685],[-74.1323,4.4728],[-74.1306,4.4746],[-74.1303,4.4762],[-74.1288,4.4749],[-74.1281,4.475],[-74.1271,4.4769],[-74.1242,4.4788],[-74.1231,4.4814],[-74.1216,4.4828],[-74.1215,4.4841],[-74.1206,4.4847],[-74.1213,4.4881],[-74.1202,4.4907],[-74.1227,4.4907],[-74.1236,4.4911],[-74.1235,4.4916]],[[-74.1479,4.4887],[-74.1477,4.4876],[-74.1487,4.4876],[-74.1484,4.4903],[-74.1479,4.4887]]]}},{"type":"Feature","properties":{"b":"La Salle","loc":"Chapinero","upz":"Pardo Rubio","uso":"Residencial","d":-10.9,"c":36.1,"a":28.8,"w":"C","cod":"008206","estrato":4,"estrato_mean":3.77,"np":1,"p2":62.2,"g22":15.2,"src":"2026","abs":20.8},"geometry":{"type":"Polygon","coordinates":[[[-74.0562,4.6438],[-74.0566,4.6449],[-74.0603,4.6468],[-74.0616,4.6442],[-74.059,4.6434],[-74.0586,4.6426],[-74.0576,4.643],[-74.0557,4.6422],[-74.0562,4.6438]]]}},{"type":"Feature","properties":{"b":"Tihuaque","loc":"Usme","upz":"La Flora","uso":"Residencial","d":-2.1,"c":66.3,"a":18.0,"w":"C","cod":"001340","estrato":1,"estrato_mean":1.0,"np":1,"p2":81.4,"g22":13.0,"src":"2026","abs":43.9},"geometry":{"type":"Polygon","coordinates":[[[-74.0857,4.5],[-74.0786,4.5025],[-74.0788,4.5034],[-74.0818,4.503],[-74.0805,4.5032],[-74.0829,4.5034],[-74.085,4.5027],[-74.0863,4.5018],[-74.0857,4.5]]]}},{"type":"Feature","properties":{"b":"Granada Norte","loc":"Suba","upz":"Britalia","uso":"Residencial","d":-3.2,"c":20.6,"a":56.4,"w":"A","cod":"009101","estrato":3,"estrato_mean":3.0,"np":1,"p2":32.2,"g22":8.3,"src":"2026","abs":28.1},"geometry":{"type":"Polygon","coordinates":[[[-74.0467,4.7514],[-74.0534,4.7529],[-74.0539,4.7491],[-74.047,4.7479],[-74.0467,4.7514]]]}},{"type":"Feature","properties":{"b":"Hipotecho Sur","loc":"Kennedy","upz":"Américas","uso":"Residencial","d":-6.6,"c":41.6,"a":39.7,"w":"C","cod":"004551","estrato":2,"estrato_mean":2.05,"np":2,"p2":58.7,"g22":12.2,"src":"2026","abs":30.2},"geometry":{"type":"Polygon","coordinates":[[[-74.1223,4.6289],[-74.1261,4.6293],[-74.1265,4.6246],[-74.1298,4.625],[-74.1299,4.6237],[-74.1307,4.6238],[-74.1308,4.6225],[-74.1292,4.6219],[-74.1296,4.618],[-74.1262,4.6182],[-74.1223,4.6289]]]}},{"type":"Feature","properties":{"b":"Juan José Rondón","loc":"Ciudad Bolívar","upz":"San Francisco","uso":"Residencial","d":-4.9,"c":62.1,"a":23.2,"w":"C","cod":"002557","estrato":1,"estrato_mean":1.0,"np":1,"p2":79.2,"g22":12.3,"src":"2026","abs":39.0},"geometry":{"type":"Polygon","coordinates":[[[-74.1523,4.5655],[-74.1533,4.5661],[-74.1565,4.5651],[-74.1557,4.5642],[-74.156,4.5636],[-74.1538,4.5627],[-74.1514,4.5599],[-74.1517,4.5613],[-74.1502,4.5614],[-74.1498,4.5621],[-74.1504,4.5634],[-74.1513,4.5632],[-74.1523,4.5655]]]}},{"type":"Feature","properties":{"b":"México","loc":"Ciudad Bolívar","upz":"Lucero","uso":"Residencial","d":-10.2,"c":54.0,"a":33.3,"w":"C","cod":"002516","estrato":2,"estrato_mean":2.0,"np":1,"p2":76.0,"g22":11.8,"src":"2026","abs":43.5},"geometry":{"type":"Polygon","coordinates":[[[-74.135,4.5567],[-74.135,4.556],[-74.1381,4.5568],[-74.1368,4.5521],[-74.1351,4.5524],[-74.1342,4.5557],[-74.135,4.5567]]]}},{"type":"Feature","properties":{"b":"Páramo I Rural","loc":"Chapinero","upz":"El Refugio","uso":"Residencial","d":-3.8,"c":6.7,"a":57.6,"w":"A","cod":"101110","estrato":6,"estrato_mean":6.0,"np":1,"p2":17.4,"g22":6.9,"src":"2026","abs":19.7},"geometry":{"type":"Polygon","coordinates":[[[-74.0377,4.6685],[-74.0362,4.6719],[-74.039,4.6725],[-74.0399,4.6686],[-74.0379,4.6679],[-74.0377,4.6685]]]}},{"type":"Feature","properties":{"b":"Las Nieves","loc":"Santa Fe","upz":"Las Nieves","uso":"Comercial","d":-10.1,"c":49.9,"a":27.7,"w":"C","cod":"003102","estrato":3,"estrato_mean":3.0,"np":3,"p2":67.3,"g22":10.2,"src":"2026","abs":35.8},"geometry":{"type":"Polygon","coordinates":[[[-74.0738,4.6069],[-74.0683,4.6031],[-74.0664,4.6065],[-74.0661,4.6087],[-74.0709,4.612],[-74.0738,4.6069]]]}},{"type":"Feature","properties":{"b":"Verbenal San Antonio","loc":"Usaquén","upz":"Verbenal","uso":"Residencial","d":-8.5,"c":36.6,"a":41.0,"w":"A","cod":"008537","estrato":3,"estrato_mean":2.86,"np":2,"p2":55.5,"g22":10.7,"src":"2026","abs":23.1},"geometry":{"type":"Polygon","coordinates":[[[-74.0374,4.7662],[-74.0374,4.7603],[-74.0314,4.7603],[-74.0312,4.766],[-74.0343,4.7667],[-74.0374,4.7662]]]}},{"type":"Feature","properties":{"b":"La Chucua","loc":"Suba","upz":"El Rincón","uso":"Residencial","d":-3.3,"c":47.3,"a":33.8,"w":"C","cod":"009221","estrato":3,"estrato_mean":3.0,"np":1,"p2":61.8,"g22":11.3,"src":"2026","abs":26.6},"geometry":{"type":"Polygon","coordinates":[[[-74.0912,4.7366],[-74.0902,4.7388],[-74.0942,4.7402],[-74.0954,4.738],[-74.0946,4.7377],[-74.0952,4.7347],[-74.0918,4.7335],[-74.0914,4.736],[-74.0907,4.7365],[-74.0912,4.7366]]]}},{"type":"Feature","properties":{"b":"Desarrollo Brazuelos I","loc":"Usme","upz":"Comuneros","uso":"Residencial","d":-4.3,"c":64.0,"a":21.5,"w":"C","cod":"002556","estrato":1,"estrato_mean":1.06,"np":2,"p2":80.0,"g22":11.5,"src":"2026","abs":39.8},"geometry":{"type":"Polygon","coordinates":[[[-74.1184,4.495],[-74.118,4.4963],[-74.116,4.4959],[-74.114,4.4974],[-74.1151,4.4996],[-74.1172,4.5012],[-74.1169,4.4996],[-74.119,4.4987],[-74.1202,4.4973],[-74.1214,4.4975],[-74.1213,4.4956],[-74.1201,4.4955],[-74.1201,4.4949],[-74.1184,4.495]]]}},{"type":"Feature","properties":{"b":"Arborizadora Alta","loc":"Ciudad Bolívar","upz":"Jerusalén","uso":"Residencial","d":-3.8,"c":63.3,"a":21.2,"w":"C","cod":"002568","estrato":1,"estrato_mean":1.0,"np":1,"p2":78.9,"g22":11.8,"src":"2026","abs":38.9},"geometry":{"type":"Polygon","coordinates":[[[-74.1614,4.5669],[-74.1625,4.5684],[-74.1654,4.5675],[-74.1654,4.5664],[-74.1646,4.5654],[-74.1648,4.5618],[-74.164,4.5626],[-74.1639,4.5619],[-74.1628,4.5615],[-74.1613,4.5644],[-74.1634,4.5654],[-74.1634,4.5659],[-74.1614,4.5669]]]}},{"type":"Feature","properties":{"b":"Acevedo Tejada","loc":"Teusaquillo","upz":"Quinta Paredes","uso":"Residencial","d":0.2,"c":44.3,"a":33.2,"w":"C","cod":"005107","estrato":3,"estrato_mean":3.45,"np":3,"p2":54.8,"g22":9.6,"src":"2026","abs":35.1},"geometry":{"type":"Polygon","coordinates":[[[-74.0811,4.6272],[-74.08,4.6295],[-74.0796,4.6332],[-74.0807,4.6334],[-74.0812,4.6326],[-74.0824,4.6326],[-74.0829,4.6319],[-74.0839,4.6323],[-74.0841,4.6318],[-74.0811,4.6272]]]}},{"type":"Feature","properties":{"b":"Ginebra","loc":"Usaquén","upz":"Usaquén","uso":"Comercial","d":-7.4,"c":13.7,"a":56.7,"w":"A","cod":"008405","estrato":6,"estrato_mean":6.0,"np":1,"p2":29.9,"g22":8.8,"src":"2026","abs":20.6},"geometry":{"type":"Polygon","coordinates":[[[-74.0242,4.7115],[-74.0292,4.7118],[-74.0286,4.7083],[-74.0269,4.7094],[-74.0247,4.7092],[-74.0242,4.7115]]]}},{"type":"Feature","properties":{"b":"La Pampa","loc":"Kennedy","upz":"Castilla","uso":"Residencial","d":-6.5,"c":44.4,"a":37.9,"w":"C","cod":"006511","estrato":2,"estrato_mean":2.0,"np":1,"p2":57.2,"g22":11.8,"src":"2026","abs":34.2},"geometry":{"type":"Polygon","coordinates":[[[-74.1361,4.6516],[-74.1409,4.6534],[-74.1412,4.6525],[-74.137,4.6507],[-74.1361,4.6516]]]}},{"type":"Feature","properties":{"b":"La Fiscala","loc":"Usme","upz":"Danubio","uso":"Residencial","d":-4.0,"c":60.4,"a":23.3,"w":"C","cod":"002590","estrato":1,"estrato_mean":1.0,"np":1,"p2":78.1,"g22":13.6,"src":"2026","abs":37.3},"geometry":{"type":"Polygon","coordinates":[[[-74.1085,4.5342],[-74.1116,4.5346],[-74.1121,4.5318],[-74.1129,4.5312],[-74.115,4.5316],[-74.1152,4.5301],[-74.1138,4.5302],[-74.1137,4.5309],[-74.1107,4.5304],[-74.109,4.5315],[-74.1096,4.5322],[-74.1087,4.5328],[-74.1074,4.5318],[-74.1069,4.5323],[-74.1076,4.5328],[-74.1074,4.5336],[-74.1085,4.5342]]]}},{"type":"Feature","properties":{"b":"Area Artillería","loc":"Tunjuelito","upz":"Tunjuelito","uso":"Residencial","d":-7.3,"c":47.5,"a":34.5,"w":"C","cod":"002512","estrato":2,"estrato_mean":2.0,"np":1,"p2":67.5,"g22":12.7,"src":"2026","abs":48.6},"geometry":{"type":"Polygon","coordinates":[[[-74.1283,4.5494],[-74.1269,4.5494],[-74.1254,4.5472],[-74.1263,4.5462],[-74.127,4.5473],[-74.1293,4.5469],[-74.13,4.5462],[-74.1294,4.5455],[-74.1282,4.545],[-74.1267,4.5455],[-74.1258,4.5446],[-74.1239,4.5445],[-74.1211,4.5455],[-74.1214,4.555],[-74.124,4.555],[-74.1258,4.5585],[-74.1304,4.5588],[-74.132,4.5594],[-74.1327,4.5573],[-74.1353,4.5571],[-74.1345,4.5563],[-74.1332,4.5563],[-74.1338,4.5551],[-74.132,4.5527],[-74.132,4.5496],[-74.1283,4.5494]]]}},{"type":"Feature","properties":{"b":"Julio Florez","loc":"Suba","upz":"La Floresta","uso":"Residencial","d":-8.3,"c":19.7,"a":52.2,"w":"A","cod":"005403","estrato":4,"estrato_mean":3.71,"np":2,"p2":37.1,"g22":10.3,"src":"2026","abs":19.2},"geometry":{"type":"Polygon","coordinates":[[[-74.0712,4.6896],[-74.0688,4.6961],[-74.0696,4.6984],[-74.0826,4.6883],[-74.0793,4.6838],[-74.0712,4.6896]]]}},{"type":"Feature","properties":{"b":"El Guavio","loc":"Santa Fe","upz":"Lourdes","uso":"Residencial","d":-5.1,"c":71.5,"a":12.5,"w":"C","cod":"003205","estrato":2,"estrato_mean":2.0,"np":1,"p2":82.1,"g22":11.4,"src":"2026","abs":63.7},"geometry":{"type":"Polygon","coordinates":[[[-74.0706,4.5914],[-74.0714,4.5898],[-74.0714,4.5866],[-74.0683,4.5894],[-74.0706,4.5914]]]}},{"type":"Feature","properties":{"b":"Altos Del Zipa","loc":"San Cristóbal","upz":"San Blas","uso":"Residencial","d":-6.6,"c":67.5,"a":19.1,"w":"C","cod":"001342","estrato":2,"estrato_mean":2.0,"np":1,"p2":85.5,"g22":11.4,"src":"2026","abs":27.4},"geometry":{"type":"Polygon","coordinates":[[[-74.0808,4.5528],[-74.0822,4.5533],[-74.0819,4.5537],[-74.083,4.5532],[-74.0819,4.5529],[-74.0823,4.5521],[-74.081,4.5511],[-74.0817,4.5501],[-74.0806,4.5496],[-74.081,4.5471],[-74.0835,4.5471],[-74.0836,4.5463],[-74.0759,4.5461],[-74.0756,4.5493],[-74.0808,4.5528]]]}},{"type":"Feature","properties":{"b":"Quintas Del Sur","loc":"Ciudad Bolívar","upz":"Lucero","uso":"Residencial","d":-4.3,"c":57.7,"a":25.7,"w":"C","cod":"002532","estrato":2,"estrato_mean":2.0,"np":1,"p2":73.6,"g22":11.6,"src":"2026","abs":28.5},"geometry":{"type":"Polygon","coordinates":[[[-74.1395,4.5471],[-74.1424,4.5465],[-74.142,4.5456],[-74.1382,4.5461],[-74.1372,4.5477],[-74.1395,4.5471]]]}},{"type":"Feature","properties":{"b":"La Camelia","loc":"Puente Aranda","upz":"Ciudad Montes","uso":"Residencial","d":-7.5,"c":37.2,"a":40.6,"w":"A","cod":"004309","estrato":3,"estrato_mean":3.0,"np":2,"p2":54.9,"g22":11.4,"src":"2026","abs":26.5},"geometry":{"type":"Polygon","coordinates":[[[-74.1151,4.6137],[-74.1146,4.6148],[-74.122,4.6119],[-74.1193,4.6067],[-74.1151,4.6137]]]}},{"type":"Feature","properties":{"b":"Bosa","loc":"Bosa","upz":"Bosa Central","uso":"Residencial","d":-6.5,"c":56.2,"a":27.2,"w":"C","cod":"004522","estrato":2,"estrato_mean":2.0,"np":5,"p2":73.5,"g22":11.4,"src":"2026","abs":41.7},"geometry":{"type":"Polygon","coordinates":[[[-74.1813,4.6133],[-74.1818,4.6141],[-74.1832,4.6132],[-74.1854,4.6134],[-74.1866,4.6121],[-74.1859,4.6109],[-74.1866,4.6103],[-74.185,4.608],[-74.1842,4.6083],[-74.1819,4.6043],[-74.1801,4.6053],[-74.1807,4.6068],[-74.1815,4.6066],[-74.1816,4.6073],[-74.1808,4.6076],[-74.1812,4.6086],[-74.1785,4.6111],[-74.1801,4.6129],[-74.1813,4.6133]]]}},{"type":"Feature","properties":{"b":"El Hato","loc":"Usme","upz":"Ciudad Usme","uso":"Residencial","d":-12.0,"c":64.6,"a":22.3,"w":"C","cod":"102112","estrato":1,"estrato_mean":1.0,"np":1,"p2":87.9,"g22":11.3,"src":"2026","abs":80.0},"geometry":{"type":"Polygon","coordinates":[[[-74.1517,4.3872],[-74.1554,4.3893],[-74.1569,4.389],[-74.1587,4.39],[-74.1611,4.3888],[-74.1627,4.3895],[-74.1646,4.3875],[-74.1658,4.3877],[-74.1675,4.3843],[-74.1687,4.3839],[-74.1777,4.3886],[-74.1805,4.386],[-74.1804,4.3842],[-74.1818,4.3831],[-74.1813,4.3812],[-74.1828,4.3767],[-74.1803,4.3751],[-74.1821,4.3725],[-74.1824,4.3688],[-74.1834,4.3695],[-74.1853,4.3666],[-74.1863,4.3634],[-74.1807,4.3634],[-74.1784,4.3661],[-74.1783,4.3677],[-74.1759,4.3692],[-74.1767,4.3701],[-74.1757,4.372],[-74.1675,4.3698],[-74.164,4.367],[-74.1592,4.3651],[-74.1587,4.37],[-74.1576,4.3707],[-74.1571,4.3728],[-74.1575,4.3767],[-74.1568,4.3811],[-74.1537,4.387],[-74.1523,4.3862],[-74.1517,4.3872]]]}},{"type":"Feature","properties":{"b":"San Luis Altos Del Cabo Rural Ii","loc":"Chapinero","upz":"San Isidro - Patios","uso":"Residencial","d":-3.9,"c":54.1,"a":26.6,"w":"C","cod":"208125","estrato":6,"estrato_mean":6.0,"np":1,"p2":71.4,"g22":13.4,"src":"2026","abs":37.1},"geometry":{"type":"Polygon","coordinates":[[[-74.0233,4.6749],[-74.0239,4.6753],[-74.0246,4.6744],[-74.0259,4.6717],[-74.0251,4.6711],[-74.0257,4.6704],[-74.0261,4.6709],[-74.0271,4.6693],[-74.0255,4.6671],[-74.0236,4.6663],[-74.0227,4.665],[-74.0184,4.6683],[-74.0188,4.6701],[-74.0177,4.6712],[-74.0206,4.6732],[-74.0219,4.6724],[-74.0233,4.6749]]]}},{"type":"Feature","properties":{"b":"San Felipe De Usme Rural","loc":"Usme","upz":"Gran Yomasa","uso":"Residencial","d":-5.5,"c":67.7,"a":19.3,"w":"C","cod":"202404","estrato":1,"estrato_mean":1.0,"np":1,"p2":82.9,"g22":9.7,"src":"2026","abs":43.6},"geometry":{"type":"Polygon","coordinates":[[[-74.096,4.5],[-74.0962,4.5016],[-74.0967,4.5016],[-74.0965,4.5001],[-74.096,4.5]]]}},{"type":"Feature","properties":{"b":"Bosque De Pinos I","loc":"Usaquén","upz":"Los Cedros","uso":"Residencial","d":-9.5,"c":14.5,"a":56.2,"w":"A","cod":"008536","estrato":6,"estrato_mean":6.0,"np":1,"p2":33.7,"g22":9.7,"src":"2026","abs":15.8},"geometry":{"type":"Polygon","coordinates":[[[-74.0225,4.722],[-74.0258,4.7239],[-74.0263,4.7212],[-74.0287,4.7171],[-74.0288,4.7147],[-74.0242,4.7146],[-74.0242,4.7133],[-74.0236,4.7133],[-74.0238,4.7151],[-74.0217,4.7151],[-74.0225,4.7163],[-74.022,4.7166],[-74.0228,4.7169],[-74.0219,4.7178],[-74.0231,4.7183],[-74.0235,4.7193],[-74.0225,4.722]]]}},{"type":"Feature","properties":{"b":"La Cabaña","loc":"Usme","upz":"Gran Yomasa","uso":"Residencial","d":-4.3,"c":65.4,"a":20.6,"w":"C","cod":"002527","estrato":2,"estrato_mean":1.74,"np":2,"p2":79.7,"g22":9.8,"src":"2026","abs":37.5},"geometry":{"type":"Polygon","coordinates":[[[-74.1101,4.5146],[-74.1108,4.5145],[-74.11,4.5138],[-74.1102,4.5129],[-74.1091,4.5124],[-74.1089,4.5092],[-74.1062,4.5092],[-74.1066,4.512],[-74.1058,4.5119],[-74.1057,4.5139],[-74.1068,4.514],[-74.1068,4.5121],[-74.1075,4.5121],[-74.1079,4.5136],[-74.1101,4.5146]]]}},{"type":"Feature","properties":{"b":"Cataluña","loc":"Chapinero","upz":"Chapinero","uso":"Comercial","d":-5.3,"c":41.2,"a":27.7,"w":"C","cod":"008111","estrato":4,"estrato_mean":4.0,"np":1,"p2":64.6,"g22":12.4,"src":"2026","abs":22.4},"geometry":{"type":"Polygon","coordinates":[[[-74.0623,4.63],[-74.0619,4.6311],[-74.0642,4.6314],[-74.0656,4.6266],[-74.0614,4.6255],[-74.0604,4.6278],[-74.0623,4.6281],[-74.0623,4.63]]]}},{"type":"Feature","properties":{"b":"Villas Del Progreso","loc":"Bosa","upz":"Bosa Occidental","uso":"Residencial","d":-3.2,"c":64.6,"a":22.5,"w":"C","cod":"004567","estrato":2,"estrato_mean":2.0,"np":1,"p2":78.7,"g22":11.0,"src":"2026","abs":29.2},"geometry":{"type":"Polygon","coordinates":[[[-74.1996,4.6267],[-74.2042,4.6249],[-74.2021,4.621],[-74.2015,4.6213],[-74.202,4.6222],[-74.2006,4.6229],[-74.2011,4.6242],[-74.1991,4.6251],[-74.1996,4.6267]]]}},{"type":"Feature","properties":{"b":"Aures Ii","loc":"Suba","upz":"El Rincón","uso":"Residencial","d":-5.1,"c":50.5,"a":32.7,"w":"C","cod":"009206","estrato":2,"estrato_mean":2.0,"np":1,"p2":66.8,"g22":11.2,"src":"2026","abs":28.2},"geometry":{"type":"Polygon","coordinates":[[[-74.0998,4.7358],[-74.1037,4.7376],[-74.1055,4.735],[-74.1032,4.734],[-74.1036,4.7333],[-74.103,4.7298],[-74.1024,4.7308],[-74.1008,4.73],[-74.0998,4.7358]]]}},{"type":"Feature","properties":{"b":"Duitama","loc":"Usme","upz":"Danubio","uso":"Residencial","d":-5.2,"c":64.6,"a":23.2,"w":"C","cod":"002550","estrato":2,"estrato_mean":2.0,"np":1,"p2":77.1,"g22":12.6,"src":"2026","abs":48.5},"geometry":{"type":"Polygon","coordinates":[[[-74.1134,4.5278],[-74.1149,4.528],[-74.1136,4.5261],[-74.1134,4.5278]]]}},{"type":"Feature","properties":{"b":"Los Olivares","loc":"Usme","upz":"Gran Yomasa","uso":"Residencial","d":-3.7,"c":68.5,"a":18.1,"w":"C","cod":"002604","estrato":1,"estrato_mean":1.0,"np":1,"p2":81.0,"g22":8.8,"src":"2026","abs":38.4},"geometry":{"type":"Polygon","coordinates":[[[-74.1024,4.5186],[-74.1052,4.5187],[-74.1086,4.5151],[-74.1098,4.5159],[-74.1107,4.5153],[-74.1079,4.5136],[-74.1075,4.5121],[-74.1068,4.5121],[-74.1068,4.514],[-74.1057,4.5139],[-74.1057,4.5117],[-74.1028,4.5128],[-74.1008,4.5139],[-74.1008,4.515],[-74.1021,4.5144],[-74.1024,4.5186]]]}},{"type":"Feature","properties":{"b":"Santa Bibiana","loc":"Usaquén","upz":"Santa Bárbara","uso":"Comercial","d":-3.9,"c":7.8,"a":58.0,"w":"A","cod":"008412","estrato":6,"estrato_mean":6.0,"np":1,"p2":20.3,"g22":8.6,"src":"2026","abs":14.4},"geometry":{"type":"Polygon","coordinates":[[[-74.0459,4.6905],[-74.0509,4.6927],[-74.0561,4.6937],[-74.0572,4.6874],[-74.048,4.6849],[-74.0474,4.6879],[-74.0459,4.6905]]]}},{"type":"Feature","properties":{"b":"Bosque De Los Alpes","loc":"San Cristóbal","upz":"San Blas","uso":"Residencial","d":-6.1,"c":55.7,"a":25.3,"w":"C","cod":"001339","estrato":2,"estrato_mean":2.0,"np":1,"p2":74.9,"g22":13.1,"src":"2026","abs":33.9},"geometry":{"type":"Polygon","coordinates":[[[-74.0812,4.5514],[-74.0822,4.552],[-74.0836,4.5514],[-74.0829,4.5509],[-74.0836,4.5495],[-74.0866,4.55],[-74.086,4.549],[-74.0841,4.5484],[-74.0835,4.5471],[-74.081,4.5471],[-74.0806,4.5498],[-74.0817,4.5501],[-74.0812,4.5514]]]}},{"type":"Feature","properties":{"b":"Granjas De Santa Sofía","loc":"Rafael Uribe Uribe","upz":"Marco Fidel Suárez","uso":"Residencial","d":-4.2,"c":67.5,"a":19.2,"w":"C","cod":"001425","estrato":2,"estrato_mean":2.0,"np":1,"p2":83.4,"g22":11.8,"src":"2026","abs":34.5},"geometry":{"type":"Polygon","coordinates":[[[-74.1097,4.5692],[-74.1103,4.5716],[-74.1118,4.5735],[-74.1135,4.5724],[-74.1132,4.5703],[-74.1147,4.5699],[-74.1142,4.5689],[-74.1097,4.5692]]]}},{"type":"Feature","properties":{"b":"Class","loc":"Kennedy","upz":"Gran Britalia","uso":"Residencial","d":-6.5,"c":54.4,"a":28.2,"w":"C","cod":"004535","estrato":2,"estrato_mean":2.0,"np":1,"p2":73.4,"g22":12.4,"src":"2026","abs":45.7},"geometry":{"type":"Polygon","coordinates":[[[-74.176,4.616],[-74.1767,4.6155],[-74.1782,4.6168],[-74.1802,4.6149],[-74.182,4.6144],[-74.1812,4.613],[-74.1801,4.6129],[-74.1785,4.6112],[-74.1747,4.6145],[-74.176,4.616]]]}},{"type":"Feature","properties":{"b":"El Refugio","loc":"Chapinero","upz":"El Refugio","uso":"Residencial","d":-1.4,"c":6.7,"a":56.8,"w":"A","cod":"008303","estrato":6,"estrato_mean":6.0,"np":1,"p2":14.3,"g22":6.2,"src":"2026","abs":24.9},"geometry":{"type":"Polygon","coordinates":[[[-74.0428,4.6731],[-74.0473,4.6645],[-74.0453,4.6642],[-74.0436,4.6647],[-74.0427,4.6643],[-74.0423,4.6664],[-74.0432,4.6684],[-74.04,4.6688],[-74.0412,4.6696],[-74.0415,4.6714],[-74.0428,4.6731]]]}},{"type":"Feature","properties":{"b":"Chicalá","loc":"Bosa","upz":"Bosa Occidental","uso":"Residencial","d":-7.1,"c":57.2,"a":25.7,"w":"C","cod":"004605","estrato":2,"estrato_mean":2.0,"np":1,"p2":76.3,"g22":12.1,"src":"2026","abs":26.5},"geometry":{"type":"Polygon","coordinates":[[[-74.1802,4.6273],[-74.181,4.6267],[-74.1814,4.6272],[-74.1843,4.6254],[-74.1816,4.6222],[-74.1805,4.6231],[-74.1772,4.6236],[-74.1786,4.6249],[-74.1791,4.6244],[-74.1804,4.6259],[-74.1796,4.6265],[-74.1802,4.6273]]]}},{"type":"Feature","properties":{"b":"Antonia Santos","loc":"Bosa","upz":"Bosa Central","uso":"Residencial","d":-7.1,"c":52.9,"a":30.3,"w":"C","cod":"004570","estrato":2,"estrato_mean":2.0,"np":1,"p2":72.1,"g22":12.1,"src":"2026","abs":46.8},"geometry":{"type":"Polygon","coordinates":[[[-74.1885,4.6127],[-74.1905,4.614],[-74.1907,4.6135],[-74.1904,4.6112],[-74.1894,4.611],[-74.189,4.6078],[-74.1877,4.6099],[-74.1859,4.6109],[-74.1872,4.6136],[-74.1885,4.6127]]]}},{"type":"Feature","properties":{"b":"El Corzo I","loc":"Bosa","upz":"El Porvenir","uso":"Residencial","d":-5.7,"c":56.3,"a":26.9,"w":"C","cod":"004643","estrato":2,"estrato_mean":2.0,"np":1,"p2":68.6,"g22":12.4,"src":"2026","abs":21.5},"geometry":{"type":"Polygon","coordinates":[[[-74.1959,4.6461],[-74.1969,4.648],[-74.1983,4.6473],[-74.1943,4.6405],[-74.192,4.6416],[-74.1906,4.6387],[-74.1885,4.6397],[-74.1934,4.6478],[-74.1959,4.6461]]]}},{"type":"Feature","properties":{"b":"Casablanca","loc":"Kennedy","upz":"Kennedy Central","uso":"Residencial","d":7.2,"c":50.3,"a":33.1,"w":"C","cod":"004537","estrato":3,"estrato_mean":3.0,"np":1,"p2":53.5,"g22":10.5,"src":"2026","abs":20.5},"geometry":{"type":"Polygon","coordinates":[[[-74.1728,4.6132],[-74.1712,4.6135],[-74.1673,4.6163],[-74.169,4.6187],[-74.1747,4.6145],[-74.1728,4.6132]]]}},{"type":"Feature","properties":{"b":"El Mirador","loc":"Ciudad Bolívar","upz":"Lucero","uso":"Residencial","d":-5.6,"c":58.9,"a":24.3,"w":"C","cod":"002570","estrato":1,"estrato_mean":1.0,"np":1,"p2":77.6,"g22":13.1,"src":"2026","abs":43.4},"geometry":{"type":"Polygon","coordinates":[[[-74.1569,4.5496],[-74.1575,4.5502],[-74.1573,4.5512],[-74.1542,4.5526],[-74.1537,4.5543],[-74.1514,4.5551],[-74.1509,4.5578],[-74.1521,4.5578],[-74.1521,4.5589],[-74.1555,4.557],[-74.1568,4.5572],[-74.1584,4.556],[-74.1603,4.5504],[-74.1615,4.5487],[-74.1585,4.5477],[-74.1592,4.5468],[-74.1584,4.5456],[-74.1581,4.5482],[-74.1569,4.5496]]]}},{"type":"Feature","properties":{"b":"Salazar Usme","loc":"Usme","upz":"Gran Yomasa","uso":"Residencial","d":-6.8,"c":55.0,"a":28.4,"w":"C","cod":"002572","estrato":2,"estrato_mean":2.0,"np":1,"p2":73.7,"g22":11.8,"src":"2026","abs":41.0},"geometry":{"type":"Polygon","coordinates":[[[-74.1143,4.5193],[-74.114,4.5184],[-74.1148,4.5182],[-74.1139,4.5176],[-74.1128,4.5186],[-74.1143,4.5193]]]}},{"type":"Feature","properties":{"b":"Niza Norte","loc":"Suba","upz":"Niza","uso":"Residencial","d":-7.0,"c":19.2,"a":51.4,"w":"A","cod":"009123","estrato":5,"estrato_mean":5.0,"np":3,"p2":36.9,"g22":10.4,"src":"2026","abs":22.9},"geometry":{"type":"Polygon","coordinates":[[[-74.0799,4.71],[-74.0721,4.711],[-74.0739,4.7185],[-74.0749,4.7203],[-74.0768,4.7151],[-74.0799,4.71]]]}},{"type":"Feature","properties":{"b":"Tibabuyes Ii","loc":"Suba","upz":"Tibabuyes","uso":"Residencial","d":-2.6,"c":47.5,"a":33.4,"w":"C","cod":"009248","estrato":2,"estrato_mean":2.21,"np":3,"p2":63.0,"g22":12.6,"src":"2026","abs":23.2},"geometry":{"type":"Polygon","coordinates":[[[-74.1141,4.7606],[-74.1164,4.7617],[-74.1173,4.7612],[-74.1181,4.7616],[-74.1205,4.7605],[-74.121,4.7595],[-74.1198,4.7541],[-74.1192,4.7539],[-74.1207,4.754],[-74.1209,4.7532],[-74.1131,4.752],[-74.1123,4.7532],[-74.1111,4.7527],[-74.1091,4.7572],[-74.1078,4.7578],[-74.109,4.7593],[-74.111,4.7587],[-74.1141,4.7606]]]}},{"type":"Feature","properties":{"b":"Santa Librada","loc":"Usme","upz":"Gran Yomasa","uso":"Residencial","d":-5.2,"c":62.1,"a":23.9,"w":"C","cod":"002526","estrato":2,"estrato_mean":2.0,"np":2,"p2":77.9,"g22":11.4,"src":"2026","abs":39.5},"geometry":{"type":"Polygon","coordinates":[[[-74.1175,4.5198],[-74.1184,4.5198],[-74.1183,4.5188],[-74.1176,4.5186],[-74.1204,4.5188],[-74.1204,4.5195],[-74.1224,4.52],[-74.1216,4.5159],[-74.12,4.5157],[-74.1181,4.5136],[-74.1183,4.5146],[-74.1178,4.5147],[-74.1176,4.5137],[-74.1171,4.5144],[-74.1169,4.5133],[-74.1182,4.5134],[-74.1156,4.513],[-74.1176,4.5181],[-74.1175,4.5198]]]}},{"type":"Feature","properties":{"b":"Chicó Norte","loc":"Chapinero","upz":"Chicó Lago","uso":"Comercial","d":-3.6,"c":8.3,"a":57.2,"w":"A","cod":"008307","estrato":6,"estrato_mean":6.0,"np":2,"p2":18.6,"g22":6.7,"src":"2026","abs":24.2},"geometry":{"type":"Polygon","coordinates":[[[-74.0505,4.6813],[-74.0523,4.6821],[-74.0499,4.6809],[-74.0507,4.6793],[-74.0547,4.6812],[-74.0585,4.679],[-74.0438,4.6714],[-74.0404,4.676],[-74.0505,4.6813]]]}},{"type":"Feature","properties":{"b":"Montes","loc":"Puente Aranda","upz":"Ciudad Montes","uso":"Residencial","d":-6.7,"c":34.2,"a":44.5,"w":"A","cod":"004204","estrato":3,"estrato_mean":3.0,"np":3,"p2":50.7,"g22":10.0,"src":"2026","abs":28.1},"geometry":{"type":"Polygon","coordinates":[[[-74.1129,4.6137],[-74.1146,4.6148],[-74.1185,4.6077],[-74.1152,4.606],[-74.1123,4.6096],[-74.1131,4.6104],[-74.1113,4.6124],[-74.1129,4.6137]]]}},{"type":"Feature","properties":{"b":"Belén Fontibón","loc":"Fontibón","upz":"Fontibón","uso":"Residencial","d":-4.5,"c":43.9,"a":35.9,"w":"C","cod":"006409","estrato":3,"estrato_mean":3.0,"np":2,"p2":60.9,"g22":12.4,"src":"2026","abs":31.5},"geometry":{"type":"Polygon","coordinates":[[[-74.1506,4.6866],[-74.1557,4.6831],[-74.1535,4.681],[-74.1499,4.684],[-74.1505,4.683],[-74.1489,4.6811],[-74.1508,4.679],[-74.1491,4.6767],[-74.1447,4.6805],[-74.1506,4.6866]]]}},{"type":"Feature","properties":{"b":"Villa Anny Ii","loc":"Bosa","upz":"Bosa Central","uso":"Residencial","d":-5.8,"c":62.2,"a":24.5,"w":"C","cod":"004599","estrato":2,"estrato_mean":2.0,"np":1,"p2":77.0,"g22":8.9,"src":"2026","abs":45.0},"geometry":{"type":"Polygon","coordinates":[[[-74.1983,4.6014],[-74.1984,4.6024],[-74.2002,4.6028],[-74.1998,4.6],[-74.198,4.5996],[-74.1983,4.6014]]]}},{"type":"Feature","properties":{"b":"El Refugio I","loc":"Usme","upz":"Alfonso López","uso":"Residencial","d":-2.6,"c":65.2,"a":21.0,"w":"C","cod":"002617","estrato":1,"estrato_mean":1.0,"np":1,"p2":78.6,"g22":10.8,"src":"2026","abs":40.0},"geometry":{"type":"Polygon","coordinates":[[[-74.0967,4.4899],[-74.097,4.4911],[-74.1001,4.4891],[-74.0993,4.4878],[-74.0993,4.4859],[-74.0985,4.4874],[-74.0962,4.4882],[-74.0967,4.4899]]]}},{"type":"Feature","properties":{"b":"Santa Viviana","loc":"Ciudad Bolívar","upz":"Ismael Perdomo","uso":"Residencial","d":-4.5,"c":57.5,"a":27.3,"w":"C","cod":"002442","estrato":1,"estrato_mean":1.0,"np":1,"p2":74.2,"g22":12.1,"src":"2026","abs":42.7},"geometry":{"type":"Polygon","coordinates":[[[-74.1728,4.5779],[-74.1723,4.5786],[-74.1735,4.5794],[-74.1778,4.5778],[-74.1751,4.575],[-74.1718,4.575],[-74.1715,4.5757],[-74.1703,4.5754],[-74.1723,4.5771],[-74.173,4.577],[-74.1728,4.5779]]]}},{"type":"Feature","properties":{"b":"La Camelia Ii","loc":"Puente Aranda","upz":"San Rafael","uso":"Residencial","d":-8.6,"c":41.1,"a":37.3,"w":"C","cod":"004317","estrato":3,"estrato_mean":3.0,"np":1,"p2":61.1,"g22":11.4,"src":"2026","abs":23.1},"geometry":{"type":"Polygon","coordinates":[[[-74.1223,4.613],[-74.1221,4.6122],[-74.1146,4.6151],[-74.1156,4.616],[-74.1223,4.613]]]}},{"type":"Feature","properties":{"b":"La Libertad","loc":"Barrios Unidos","upz":"Doce De Octubre","uso":"Residencial","d":-6.6,"c":44.7,"a":35.5,"w":"C","cod":"005206","estrato":3,"estrato_mean":3.0,"np":1,"p2":65.0,"g22":13.6,"src":"2026","abs":25.4},"geometry":{"type":"Polygon","coordinates":[[[-74.0758,4.6737],[-74.0767,4.6795],[-74.0797,4.6757],[-74.0776,4.6741],[-74.0772,4.6746],[-74.0758,4.6737]]]}},{"type":"Feature","properties":{"b":"Tocaimita Sur","loc":"Usme","upz":"Ciudad Usme","uso":"Residencial","d":-2.1,"c":66.3,"a":18.0,"w":"C","cod":"102412","estrato":1,"estrato_mean":1.0,"np":1,"p2":81.4,"g22":13.0,"src":"2026","abs":43.9},"geometry":{"type":"Polygon","coordinates":[[[-74.0902,4.4979],[-74.091,4.4989],[-74.0936,4.4949],[-74.0925,4.4939],[-74.0903,4.494],[-74.0894,4.4972],[-74.0886,4.4974],[-74.0881,4.4984],[-74.0902,4.4979]]]}},{"type":"Feature","properties":{"b":"Villa Luz","loc":"Engativá","upz":"Santa Cecilia","uso":"Residencial","d":-6.8,"c":35.7,"a":41.9,"w":"A","cod":"005614","estrato":3,"estrato_mean":3.0,"np":2,"p2":53.8,"g22":11.2,"src":"2026","abs":20.3},"geometry":{"type":"Polygon","coordinates":[[[-74.104,4.6841],[-74.1036,4.6846],[-74.109,4.6898],[-74.1117,4.6815],[-74.1091,4.6792],[-74.1067,4.6823],[-74.1057,4.6815],[-74.1049,4.6825],[-74.1055,4.683],[-74.104,4.6841]]]}},{"type":"Feature","properties":{"b":"Gran Granada","loc":"Engativá","upz":"Garcés Navas","uso":"Residencial","d":-10.3,"c":33.0,"a":41.8,"w":"A","cod":"005654","estrato":3,"estrato_mean":3.0,"np":1,"p2":55.4,"g22":12.1,"src":"2026","abs":22.1},"geometry":{"type":"Polygon","coordinates":[[[-74.122,4.7208],[-74.1233,4.7225],[-74.125,4.722],[-74.127,4.7198],[-74.1266,4.7185],[-74.1291,4.7159],[-74.122,4.7208]]]}},{"type":"Feature","properties":{"b":"Ferrocaja Fontibón","loc":"Fontibón","upz":"Modelia","uso":"Residencial","d":-5.8,"c":35.9,"a":43.0,"w":"A","cod":"006405","estrato":3,"estrato_mean":3.2,"np":1,"p2":57.2,"g22":12.2,"src":"2026","abs":29.4},"geometry":{"type":"Polygon","coordinates":[[[-74.1326,4.6798],[-74.1393,4.6749],[-74.132,4.6676],[-74.1338,4.6659],[-74.1316,4.6646],[-74.1215,4.6774],[-74.132,4.6727],[-74.1325,4.6733],[-74.131,4.6747],[-74.1321,4.6763],[-74.1326,4.6798]]]}},{"type":"Feature","properties":{"b":"Zona Franca","loc":"Fontibón","upz":"Zona Franca","uso":"Industrial","d":-7.0,"c":47.0,"a":33.0,"w":"C","cod":"006520","estrato":2,"estrato_mean":2.0,"np":1,"p2":66.5,"g22":12.6,"src":"2026","abs":26.5},"geometry":{"type":"Polygon","coordinates":[[[-74.1565,4.6775],[-74.1624,4.6748],[-74.1633,4.6717],[-74.1643,4.6704],[-74.1662,4.6729],[-74.1683,4.6722],[-74.168,4.6713],[-74.1652,4.6702],[-74.1599,4.6696],[-74.1585,4.6685],[-74.1531,4.6737],[-74.1543,4.6775],[-74.1552,4.6767],[-74.1565,4.6775]]]}},{"type":"Feature","properties":{"b":"Las Ferias","loc":"Engativá","upz":"Las Ferias","uso":"Residencial","d":-5.0,"c":39.6,"a":38.4,"w":"C","cod":"005404","estrato":3,"estrato_mean":3.0,"np":2,"p2":55.2,"g22":10.9,"src":"2026","abs":33.9},"geometry":{"type":"Polygon","coordinates":[[[-74.0795,4.684],[-74.0826,4.6883],[-74.0873,4.6845],[-74.0893,4.6815],[-74.086,4.6776],[-74.0844,4.6796],[-74.0856,4.6811],[-74.082,4.684],[-74.0808,4.6826],[-74.0795,4.684]]]}},{"type":"Feature","properties":{"b":"Timiza A","loc":"Kennedy","upz":"Timiza","uso":"Residencial","d":-5.8,"c":41.1,"a":39.4,"w":"C","cod":"004518","estrato":3,"estrato_mean":3.0,"np":3,"p2":56.4,"g22":10.8,"src":"2026","abs":24.2},"geometry":{"type":"Polygon","coordinates":[[[-74.15,4.6126],[-74.1509,4.614],[-74.1529,4.6124],[-74.1558,4.6124],[-74.1591,4.6097],[-74.1573,4.6066],[-74.1565,4.6073],[-74.152,4.6072],[-74.1497,4.6058],[-74.1484,4.6058],[-74.1483,4.6066],[-74.1465,4.6075],[-74.15,4.6126]]]}},{"type":"Feature","properties":{"b":"Las Brisas","loc":"Ciudad Bolívar","upz":"Jerusalén","uso":"Residencial","d":-6.1,"c":54.6,"a":29.1,"w":"C","cod":"002430","estrato":1,"estrato_mean":1.0,"np":1,"p2":73.2,"g22":12.5,"src":"2026","abs":39.8},"geometry":{"type":"Polygon","coordinates":[[[-74.1677,4.5686],[-74.1676,4.5674],[-74.1639,4.5683],[-74.1641,4.5709],[-74.1646,4.5709],[-74.1638,4.5734],[-74.1643,4.5753],[-74.1691,4.5711],[-74.1678,4.5698],[-74.1677,4.5686]]]}},{"type":"Feature","properties":{"b":"Bello Horizonte","loc":"San Cristóbal","upz":"20 De Julio","uso":"Residencial","d":-6.3,"c":56.3,"a":25.9,"w":"C","cod":"001304","estrato":2,"estrato_mean":2.0,"np":1,"p2":75.6,"g22":13.1,"src":"2026","abs":37.9},"geometry":{"type":"Polygon","coordinates":[[[-74.0894,4.5626],[-74.0926,4.564],[-74.0943,4.5656],[-74.0961,4.5622],[-74.0969,4.5621],[-74.0936,4.5582],[-74.0924,4.5579],[-74.0894,4.5626]]]}},{"type":"Feature","properties":{"b":"San Blas","loc":"San Cristóbal","upz":"San Blas","uso":"Residencial","d":-5.9,"c":55.4,"a":25.9,"w":"C","cod":"001106","estrato":2,"estrato_mean":2.0,"np":1,"p2":73.2,"g22":11.9,"src":"2026","abs":37.0},"geometry":{"type":"Polygon","coordinates":[[[-74.0823,4.5704],[-74.0852,4.5702],[-74.0847,4.5699],[-74.0859,4.5686],[-74.0842,4.5669],[-74.0839,4.5646],[-74.0833,4.5662],[-74.0817,4.5658],[-74.0814,4.5667],[-74.0833,4.5686],[-74.0823,4.5704]]]}},{"type":"Feature","properties":{"b":"Centro Usme","loc":"Usme","upz":"Ciudad Usme","uso":"Residencial","d":-4.3,"c":67.2,"a":18.5,"w":"C","cod":"202601","estrato":2,"estrato_mean":2.0,"np":1,"p2":81.4,"g22":9.9,"src":"2026","abs":36.1},"geometry":{"type":"Polygon","coordinates":[[[-74.1273,4.4722],[-74.1275,4.4729],[-74.1286,4.4727],[-74.131,4.4716],[-74.1311,4.471],[-74.1284,4.4681],[-74.1285,4.4664],[-74.1263,4.4672],[-74.1254,4.4686],[-74.1256,4.4694],[-74.1249,4.4694],[-74.1271,4.4694],[-74.1284,4.4718],[-74.1278,4.4721],[-74.1272,4.4709],[-74.1273,4.4722]]]}},{"type":"Feature","properties":{"b":"La Pradera","loc":"Puente Aranda","upz":"San Rafael","uso":"Residencial","d":-6.3,"c":36.9,"a":42.3,"w":"A","cod":"004305","estrato":3,"estrato_mean":3.0,"np":2,"p2":53.8,"g22":10.8,"src":"2026","abs":30.0},"geometry":{"type":"Polygon","coordinates":[[[-74.1217,4.6217],[-74.1179,4.6285],[-74.1223,4.6289],[-74.1242,4.6242],[-74.1217,4.6217]]]}},{"type":"Feature","properties":{"b":"Portales Del Norte","loc":"Suba","upz":"Britalia","uso":"Residencial","d":-7.7,"c":23.3,"a":52.2,"w":"A","cod":"009135","estrato":3,"estrato_mean":3.17,"np":2,"p2":41.1,"g22":9.4,"src":"2026","abs":18.4},"geometry":{"type":"Polygon","coordinates":[[[-74.0674,4.7513],[-74.0688,4.7479],[-74.0598,4.7466],[-74.0581,4.7539],[-74.0657,4.7555],[-74.0674,4.7513]]]}},{"type":"Feature","properties":{"b":"Casa Blanca Suba I","loc":"Suba","upz":"Casa Blanca Suba","uso":"Residencial","d":-3.0,"c":37.6,"a":43.3,"w":"A","cod":"009258","estrato":2,"estrato_mean":2.15,"np":1,"p2":54.1,"g22":13.4,"src":"2026","abs":36.5},"geometry":{"type":"Polygon","coordinates":[[[-74.0735,4.7394],[-74.0757,4.7401],[-74.0766,4.7374],[-74.0754,4.737],[-74.0753,4.7363],[-74.074,4.7362],[-74.0743,4.7376],[-74.0735,4.7394]]]}},{"type":"Feature","properties":{"b":"Curubital","loc":"Usme","upz":"Ciudad Usme","uso":"Residencial","d":-12.0,"c":64.6,"a":22.3,"w":"C","cod":"102911","estrato":1,"estrato_mean":1.0,"np":1,"p2":87.9,"g22":11.3,"src":"2026","abs":80.0},"geometry":{"type":"Polygon","coordinates":[[[-74.1412,4.3351],[-74.1387,4.334],[-74.1373,4.3343],[-74.1335,4.3317],[-74.1316,4.3355],[-74.1337,4.3372],[-74.1351,4.3394],[-74.1385,4.3402],[-74.1385,4.3425],[-74.1365,4.3465],[-74.138,4.348],[-74.1389,4.3502],[-74.1389,4.3539],[-74.1406,4.355],[-74.1419,4.3548],[-74.1427,4.3523],[-74.1418,4.35],[-74.1423,4.3453],[-74.1415,4.3423],[-74.1401,4.3402],[-74.1413,4.338],[-74.1412,4.3351]]]}},{"type":"Feature","properties":{"b":"Santa Cecilia","loc":"Suba","upz":"Tibabuyes","uso":"Residencial","d":-2.3,"c":57.5,"a":26.5,"w":"C","cod":"009256","estrato":2,"estrato_mean":2.0,"np":1,"p2":71.5,"g22":11.8,"src":"2026","abs":42.4},"geometry":{"type":"Polygon","coordinates":[[[-74.1253,4.7431],[-74.1253,4.7437],[-74.1309,4.7417],[-74.1315,4.7401],[-74.1296,4.7393],[-74.129,4.7376],[-74.1277,4.7378],[-74.1276,4.7395],[-74.1249,4.7408],[-74.1239,4.7406],[-74.1253,4.7431]]]}},{"type":"Feature","properties":{"b":"Ciudad Hayuelos","loc":"Fontibón","upz":"Granjas De Techo","uso":"Industrial","d":-8.4,"c":26.2,"a":48.8,"w":"A","cod":"006320","estrato":4,"estrato_mean":4.0,"np":4,"p2":46.0,"g22":11.4,"src":"2026","abs":18.2},"geometry":{"type":"Polygon","coordinates":[[[-74.1261,4.6615],[-74.1304,4.6659],[-74.1334,4.6623],[-74.134,4.6628],[-74.137,4.6605],[-74.1267,4.6492],[-74.1207,4.6559],[-74.1261,4.6615]]]}},{"type":"Feature","properties":{"b":"Juan Xxiii","loc":"Chapinero","upz":"Pardo Rubio","uso":"Residencial","d":-2.8,"c":16.5,"a":49.3,"w":"A","cod":"008211","estrato":2,"estrato_mean":2.0,"np":1,"p2":28.2,"g22":8.9,"src":"2026","abs":19.6},"geometry":{"type":"Polygon","coordinates":[[[-74.0549,4.647],[-74.0537,4.6462],[-74.0535,4.6478],[-74.0549,4.647]]]}},{"type":"Feature","properties":{"b":"Rincón De Galicia","loc":"Ciudad Bolívar","upz":"Ismael Perdomo","uso":"Residencial","d":-5.7,"c":61.8,"a":27.5,"w":"C","cod":"002424","estrato":1,"estrato_mean":1.02,"np":1,"p2":74.7,"g22":11.1,"src":"2026","abs":21.2},"geometry":{"type":"Polygon","coordinates":[[[-74.1718,4.5873],[-74.1721,4.5885],[-74.1767,4.5884],[-74.1765,4.5868],[-74.1728,4.5866],[-74.1718,4.5873]]]}},{"type":"Feature","properties":{"b":"Victoria Norte","loc":"Suba","upz":"El Prado","uso":"Residencial","d":-9.5,"c":20.4,"a":50.6,"w":"A","cod":"009104","estrato":4,"estrato_mean":4.0,"np":1,"p2":41.6,"g22":11.7,"src":"2026","abs":12.5},"geometry":{"type":"Polygon","coordinates":[[[-74.0581,4.7343],[-74.06,4.7346],[-74.0604,4.7328],[-74.0596,4.7312],[-74.0525,4.73],[-74.0522,4.7294],[-74.0501,4.7296],[-74.0495,4.733],[-74.0541,4.7338],[-74.0541,4.7343],[-74.0581,4.7343]]]}},{"type":"Feature","properties":{"b":"Juan Rey Sur","loc":"Usme","upz":"La Flora","uso":"Residencial","d":-2.1,"c":60.7,"a":21.9,"w":"C","cod":"001347","estrato":1,"estrato_mean":1.0,"np":1,"p2":76.8,"g22":14.0,"src":"2026","abs":36.1},"geometry":{"type":"Polygon","coordinates":[[[-74.0878,4.5167],[-74.0901,4.5174],[-74.0951,4.5172],[-74.095,4.5138],[-74.0891,4.5147],[-74.0892,4.5161],[-74.0878,4.5167]]]}},{"type":"Feature","properties":{"b":"Antiguo Country","loc":"Chapinero","upz":"Chicó Lago","uso":"Comercial","d":-3.6,"c":11.9,"a":56.5,"w":"A","cod":"008314","estrato":5,"estrato_mean":5.0,"np":1,"p2":22.4,"g22":6.9,"src":"2026","abs":32.0},"geometry":{"type":"Polygon","coordinates":[[[-74.0601,4.6696],[-74.0566,4.6674],[-74.0538,4.673],[-74.059,4.6759],[-74.0601,4.6696]]]}},{"type":"Feature","properties":{"b":"La Asunción","loc":"Puente Aranda","upz":"Ciudad Montes","uso":"Residencial","d":-6.7,"c":32.9,"a":47.4,"w":"A","cod":"004203","estrato":3,"estrato_mean":3.0,"np":2,"p2":48.7,"g22":10.2,"src":"2026","abs":29.7},"geometry":{"type":"Polygon","coordinates":[[[-74.1044,4.6059],[-74.1082,4.6023],[-74.1049,4.5999],[-74.1006,4.6034],[-74.1044,4.6059]]]}},{"type":"Feature","properties":{"b":"La Independencia","loc":"Bosa","upz":"Bosa Occidental","uso":"Residencial","d":-2.8,"c":57.9,"a":27.4,"w":"C","cod":"004641","estrato":2,"estrato_mean":2.0,"np":1,"p2":74.5,"g22":13.8,"src":"2026","abs":35.5},"geometry":{"type":"Polygon","coordinates":[[[-74.1946,4.6191],[-74.1937,4.6189],[-74.1934,4.6208],[-74.1965,4.624],[-74.1984,4.6231],[-74.1976,4.6215],[-74.1986,4.6204],[-74.1976,4.6195],[-74.198,4.6185],[-74.1963,4.6174],[-74.1946,4.6191]]]}},{"type":"Feature","properties":{"b":"Villas De Alcalá","loc":"Engativá","upz":"Garcés Navas","uso":"Residencial","d":-6.3,"c":35.2,"a":43.4,"w":"A","cod":"005668","estrato":2,"estrato_mean":2.08,"np":1,"p2":53.0,"g22":11.5,"src":"2026","abs":32.2},"geometry":{"type":"Polygon","coordinates":[[[-74.1359,4.7218],[-74.1354,4.72],[-74.1306,4.7169],[-74.1318,4.7148],[-74.1314,4.7138],[-74.1303,4.7134],[-74.13,4.7126],[-74.1296,4.7129],[-74.1292,4.7112],[-74.1284,4.7109],[-74.1265,4.7119],[-74.1288,4.7136],[-74.1274,4.7147],[-74.1291,4.7159],[-74.1266,4.7185],[-74.127,4.7198],[-74.1285,4.7206],[-74.133,4.7207],[-74.1359,4.7218]]]}},{"type":"Feature","properties":{"b":"Las Mercedes","loc":"San Cristóbal","upz":"San Blas","uso":"Residencial","d":-2.9,"c":63.4,"a":22.4,"w":"C","cod":"001107","estrato":2,"estrato_mean":2.0,"np":1,"p2":77.7,"g22":11.4,"src":"2026","abs":35.3},"geometry":{"type":"Polygon","coordinates":[[[-74.0802,4.5684],[-74.0823,4.5704],[-74.0833,4.5686],[-74.0814,4.5667],[-74.0817,4.5649],[-74.0806,4.5634],[-74.0798,4.5636],[-74.0798,4.5644],[-74.0786,4.5646],[-74.0789,4.5657],[-74.0779,4.5671],[-74.0802,4.5684]]]}},{"type":"Feature","properties":{"b":"Policarpa","loc":"Antonio Nariño","upz":"Ciudad Jardín","uso":"Residencial","d":-7.2,"c":53.3,"a":33.6,"w":"C","cod":"001211","estrato":2,"estrato_mean":2.0,"np":1,"p2":70.2,"g22":9.7,"src":"2026","abs":37.2},"geometry":{"type":"Polygon","coordinates":[[[-74.0867,4.5876],[-74.0893,4.5892],[-74.091,4.5871],[-74.088,4.5847],[-74.0864,4.587],[-74.0867,4.5876]]]}},{"type":"Feature","properties":{"b":"Florida","loc":"Los Mártires","upz":"La Sabana","uso":"Comercial","d":-18.9,"c":52.2,"a":26.7,"w":"C","cod":"006101","estrato":3,"estrato_mean":3.0,"np":2,"p2":79.7,"g22":9.3,"src":"2026","abs":23.6},"geometry":{"type":"Polygon","coordinates":[[[-74.0811,4.6272],[-74.0829,4.6253],[-74.0897,4.626],[-74.0891,4.6249],[-74.0805,4.6241],[-74.0812,4.6228],[-74.0796,4.6202],[-74.0773,4.6217],[-74.0811,4.6272]]]}},{"type":"Feature","properties":{"b":"Juan Pablo Ii","loc":"Ciudad Bolívar","upz":"Lucero","uso":"Residencial","d":-6.1,"c":62.0,"a":23.2,"w":"C","cod":"002552","estrato":1,"estrato_mean":1.0,"np":1,"p2":80.2,"g22":12.2,"src":"2026","abs":40.2},"geometry":{"type":"Polygon","coordinates":[[[-74.1491,4.557],[-74.1499,4.5576],[-74.1498,4.5589],[-74.1505,4.5584],[-74.1514,4.5551],[-74.1523,4.5544],[-74.1515,4.5512],[-74.1504,4.5501],[-74.1485,4.551],[-74.1489,4.5524],[-74.1479,4.5528],[-74.1484,4.5575],[-74.1491,4.557]]]}},{"type":"Feature","properties":{"b":"Las Ferias Occidental","loc":"Engativá","upz":"Las Ferias","uso":"Residencial","d":-6.7,"c":34.4,"a":41.6,"w":"A","cod":"005405","estrato":3,"estrato_mean":3.0,"np":2,"p2":51.5,"g22":10.7,"src":"2026","abs":25.2},"geometry":{"type":"Polygon","coordinates":[[[-74.0857,4.6921],[-74.0915,4.684],[-74.0893,4.6815],[-74.0873,4.6845],[-74.0826,4.6883],[-74.0857,4.6921]]]}},{"type":"Feature","properties":{"b":"Villa Del Cerro","loc":"San Cristóbal","upz":"Los Libertadores","uso":"Residencial","d":-5.7,"c":52.9,"a":28.1,"w":"C","cod":"001356","estrato":2,"estrato_mean":2.0,"np":1,"p2":71.2,"g22":12.7,"src":"2026","abs":32.5},"geometry":{"type":"Polygon","coordinates":[[[-74.095,4.5457],[-74.096,4.5462],[-74.0977,4.5451],[-74.0957,4.5429],[-74.0949,4.5438],[-74.0924,4.5424],[-74.092,4.5435],[-74.095,4.5457]]]}},{"type":"Feature","properties":{"b":"Cementerio Jardines Apogeo","loc":"Bosa","upz":"Apogeo","uso":"Residencial","d":-5.8,"c":50.7,"a":31.8,"w":"C","cod":"004529","estrato":2,"estrato_mean":2.0,"np":3,"p2":68.6,"g22":12.2,"src":"2026","abs":35.8},"geometry":{"type":"Polygon","coordinates":[[[-74.1737,4.6032],[-74.1762,4.6041],[-74.1778,4.6018],[-74.1792,4.6021],[-74.1774,4.5971],[-74.1676,4.5962],[-74.1674,4.5974],[-74.1685,4.5977],[-74.1648,4.6057],[-74.1686,4.6043],[-74.1694,4.6033],[-74.1737,4.6032]]]}},{"type":"Feature","properties":{"b":"La Aurora","loc":"Barrios Unidos","upz":"Los Alcázares","uso":"Residencial","d":-3.3,"c":44.5,"a":37.9,"w":"C","cod":"007407","estrato":3,"estrato_mean":3.0,"np":1,"p2":60.7,"g22":12.9,"src":"2026","abs":52.1},"geometry":{"type":"Polygon","coordinates":[[[-74.066,4.6648],[-74.0648,4.6667],[-74.0685,4.6692],[-74.07,4.6673],[-74.066,4.6648]]]}},{"type":"Feature","properties":{"b":"Timiza B","loc":"Kennedy","upz":"Timiza","uso":"Residencial","d":-9.2,"c":44.8,"a":34.3,"w":"C","cod":"004530","estrato":3,"estrato_mean":3.0,"np":1,"p2":65.6,"g22":11.6,"src":"2026","abs":33.0},"geometry":{"type":"Polygon","coordinates":[[[-74.1588,4.6129],[-74.1625,4.6116],[-74.1619,4.6084],[-74.1581,4.6062],[-74.1573,4.6066],[-74.1591,4.6097],[-74.1558,4.6124],[-74.1537,4.6122],[-74.1518,4.6132],[-74.1546,4.6148],[-74.1567,4.6144],[-74.1588,4.6129]]]}},{"type":"Feature","properties":{"b":"Siberia Urbano","loc":"Chapinero","upz":"Pardo Rubio","uso":"Residencial","d":-5.0,"c":53.4,"a":28.8,"w":"C","cod":"008221","estrato":1,"estrato_mean":1.0,"np":1,"p2":75.0,"g22":11.4,"src":"2026","abs":24.9},"geometry":{"type":"Polygon","coordinates":[[[-74.0582,4.631],[-74.0576,4.6306],[-74.0573,4.6312],[-74.0578,4.632],[-74.0582,4.631]]]}},{"type":"Feature","properties":{"b":"Sena","loc":"Antonio Nariño","upz":"Restrepo","uso":"Comercial","d":-4.2,"c":39.5,"a":41.6,"w":"A","cod":"002106","estrato":3,"estrato_mean":3.0,"np":1,"p2":54.0,"g22":10.4,"src":"2026","abs":33.7},"geometry":{"type":"Polygon","coordinates":[[[-74.113,4.5963],[-74.1134,4.596],[-74.1125,4.5944],[-74.107,4.5984],[-74.1087,4.5983],[-74.113,4.5963]]]}},{"type":"Feature","properties":{"b":"La Comuna","loc":"Usme","upz":"Alfonso López","uso":"Residencial","d":-4.5,"c":64.5,"a":21.2,"w":"C","cod":"002612","estrato":1,"estrato_mean":1.0,"np":1,"p2":82.9,"g22":9.7,"src":"2026","abs":31.6},"geometry":{"type":"Polygon","coordinates":[[[-74.0986,4.5],[-74.1007,4.5017],[-74.1009,4.5026],[-74.1024,4.5035],[-74.1032,4.4988],[-74.0988,4.4981],[-74.0986,4.5]]]}},{"type":"Feature","properties":{"b":"La Patria","loc":"Barrios Unidos","upz":"Los Andes","uso":"Residencial","d":-7.7,"c":27.0,"a":43.9,"w":"A","cod":"005305","estrato":3,"estrato_mean":3.35,"np":1,"p2":46.4,"g22":11.8,"src":"2026","abs":27.0},"geometry":{"type":"Polygon","coordinates":[[[-74.0683,4.6746],[-74.0674,4.6739],[-74.0612,4.6777],[-74.0618,4.6783],[-74.0657,4.6789],[-74.0683,4.6746]]]}},{"type":"Feature","properties":{"b":"Juan Xxiii","loc":"Barrios Unidos","upz":"Los Alcázares","uso":"Residencial","d":-5.4,"c":28.2,"a":51.0,"w":"A","cod":"007402","estrato":3,"estrato_mean":3.0,"np":1,"p2":44.5,"g22":10.8,"src":"2026","abs":40.4},"geometry":{"type":"Polygon","coordinates":[[[-74.0612,4.6642],[-74.0608,4.6657],[-74.0647,4.6706],[-74.0665,4.6678],[-74.0612,4.6642]]]}},{"type":"Feature","properties":{"b":"La Gloria Occidental","loc":"San Cristóbal","upz":"La Gloria","uso":"Residencial","d":0.5,"c":68.2,"a":19.2,"w":"C","cod":"001311","estrato":2,"estrato_mean":2.0,"np":1,"p2":78.7,"g22":10.9,"src":"2026","abs":43.3},"geometry":{"type":"Polygon","coordinates":[[[-74.0926,4.5493],[-74.0948,4.5496],[-74.0965,4.5486],[-74.0997,4.5493],[-74.101,4.5487],[-74.1003,4.5475],[-74.0978,4.5473],[-74.095,4.5457],[-74.0938,4.5482],[-74.0926,4.5493]]]}},{"type":"Feature","properties":{"b":"Los Álamos","loc":"Engativá","upz":"Álamos","uso":"Industrial","d":-5.7,"c":38.8,"a":36.4,"w":"C","cod":"005626","estrato":3,"estrato_mean":3.0,"np":1,"p2":55.6,"g22":10.4,"src":"2026","abs":23.7},"geometry":{"type":"Polygon","coordinates":[[[-74.1177,4.6948],[-74.1205,4.6922],[-74.1222,4.6932],[-74.123,4.6921],[-74.1218,4.6912],[-74.1228,4.69],[-74.1239,4.6908],[-74.1247,4.6898],[-74.1238,4.6892],[-74.1266,4.6863],[-74.1218,4.6822],[-74.1196,4.6789],[-74.1147,4.6836],[-74.1117,4.6815],[-74.1091,4.6897],[-74.1177,4.6948]]]}},{"type":"Feature","properties":{"b":"El Rincón","loc":"Suba","upz":"El Rincón","uso":"Residencial","d":-4.9,"c":48.7,"a":32.9,"w":"C","cod":"009202","estrato":2,"estrato_mean":2.0,"np":3,"p2":64.0,"g22":11.7,"src":"2026","abs":32.6},"geometry":{"type":"Polygon","coordinates":[[[-74.0893,4.7261],[-74.0947,4.7249],[-74.0954,4.7252],[-74.0961,4.7244],[-74.0935,4.7228],[-74.0941,4.722],[-74.0933,4.7215],[-74.0925,4.7224],[-74.0901,4.7204],[-74.0888,4.7259],[-74.0893,4.7261]]]}},{"type":"Feature","properties":{"b":"Patio Bonito Iii","loc":"Kennedy","upz":"Patio Bonito","uso":"Residencial","d":-4.4,"c":54.6,"a":29.0,"w":"C","cod":"004566","estrato":2,"estrato_mean":2.0,"np":1,"p2":71.0,"g22":12.1,"src":"2026","abs":26.2},"geometry":{"type":"Polygon","coordinates":[[[-74.1586,4.6427],[-74.1605,4.6451],[-74.1637,4.6423],[-74.1626,4.641],[-74.1612,4.6425],[-74.1601,4.6413],[-74.1586,4.6427]]]}},{"type":"Feature","properties":{"b":"El Mochuelo","loc":"Ciudad Bolívar","upz":"El Tesoro","uso":"Residencial","d":-8.5,"c":58.5,"a":23.7,"w":"C","cod":"002584","estrato":1,"estrato_mean":1.0,"np":1,"p2":79.8,"g22":12.7,"src":"2026","abs":44.8},"geometry":{"type":"Polygon","coordinates":[[[-74.1371,4.5394],[-74.1384,4.5393],[-74.1396,4.5361],[-74.1376,4.535],[-74.1359,4.5375],[-74.1338,4.5363],[-74.1331,4.5375],[-74.1335,4.5382],[-74.1346,4.5387],[-74.1352,4.5383],[-74.1371,4.5394]]]}},{"type":"Feature","properties":{"b":"El Portal Urbano","loc":"Usme","upz":"Alfonso López","uso":"Residencial","d":-4.9,"c":55.4,"a":26.5,"w":"C","cod":"002642","estrato":1,"estrato_mean":1.0,"np":1,"p2":72.6,"g22":12.3,"src":"2026","abs":35.9},"geometry":{"type":"Polygon","coordinates":[[[-74.1,4.496],[-74.1008,4.4956],[-74.1014,4.4933],[-74.1004,4.4928],[-74.1,4.496]]]}},{"type":"Feature","properties":{"b":"San Javier","loc":"San Cristóbal","upz":"Sosiego","uso":"Residencial","d":-13.2,"c":50.6,"a":30.8,"w":"C","cod":"001110","estrato":3,"estrato_mean":3.0,"np":1,"p2":72.6,"g22":8.9,"src":"2026","abs":23.3},"geometry":{"type":"Polygon","coordinates":[[[-74.0841,4.5815],[-74.0847,4.5819],[-74.0858,4.5803],[-74.0838,4.578],[-74.0829,4.5791],[-74.085,4.5804],[-74.0841,4.5815]]]}},{"type":"Feature","properties":{"b":"Samper Mendoza","loc":"Los Mártires","upz":"La Sabana","uso":"Comercial","d":-8.4,"c":42.1,"a":39.4,"w":"C","cod":"006108","estrato":3,"estrato_mean":3.0,"np":2,"p2":60.2,"g22":10.8,"src":"2026","abs":47.9},"geometry":{"type":"Polygon","coordinates":[[[-74.0823,4.616],[-74.0792,4.6194],[-74.0812,4.6228],[-74.0842,4.6181],[-74.0823,4.616]]]}},{"type":"Feature","properties":{"b":"Engativá Zona Urbana","loc":"Engativá","upz":"Engativá","uso":"Residencial","d":-5.4,"c":42.6,"a":37.0,"w":"C","cod":"005636","estrato":2,"estrato_mean":2.0,"np":1,"p2":60.6,"g22":12.6,"src":"2026","abs":35.1},"geometry":{"type":"Polygon","coordinates":[[[-74.1437,4.7177],[-74.1438,4.714],[-74.1429,4.7147],[-74.1397,4.7106],[-74.1363,4.7107],[-74.137,4.7127],[-74.1393,4.7153],[-74.1406,4.7178],[-74.1419,4.7174],[-74.1425,4.7182],[-74.1437,4.7177]]]}},{"type":"Feature","properties":{"b":"Suba Cerros","loc":"Suba","upz":"Suba","uso":"Residencial","d":-5.6,"c":43.7,"a":34.8,"w":"C","cod":"009231","estrato":2,"estrato_mean":2.72,"np":1,"p2":54.1,"g22":13.4,"src":"2026","abs":27.3},"geometry":{"type":"Polygon","coordinates":[[[-74.0735,4.7496],[-74.0736,4.7491],[-74.075,4.7492],[-74.075,4.7485],[-74.0758,4.748],[-74.076,4.7505],[-74.0773,4.7513],[-74.0814,4.7484],[-74.0809,4.7478],[-74.0813,4.7467],[-74.0791,4.7457],[-74.0816,4.7421],[-74.081,4.7416],[-74.0813,4.7392],[-74.0801,4.7376],[-74.0786,4.7375],[-74.0785,4.7364],[-74.0776,4.7374],[-74.0768,4.7368],[-74.0783,4.7337],[-74.0751,4.7342],[-74.0739,4.7353],[-74.074,4.7362],[-74.0753,4.7363],[-74.0754,4.737],[-74.0766,4.7374],[-74.0757,4.7401],[-74.0735,4.7394],[-74.0724,4.7417],[-74.0715,4.7467],[-74.0735,4.7496]]]}},{"type":"Feature","properties":{"b":"El Bosque Sur Oriental","loc":"Usme","upz":"Ciudad Usme","uso":"Residencial","d":-2.6,"c":65.2,"a":21.0,"w":"C","cod":"102309","estrato":1,"estrato_mean":1.0,"np":1,"p2":78.6,"g22":10.8,"src":"2026","abs":40.0},"geometry":{"type":"Polygon","coordinates":[[[-74.0748,4.4808],[-74.0751,4.4845],[-74.0802,4.4859],[-74.0793,4.4836],[-74.0796,4.4807],[-74.0827,4.4818],[-74.085,4.481],[-74.0846,4.4784],[-74.0839,4.4779],[-74.0841,4.4754],[-74.0834,4.4748],[-74.0838,4.4734],[-74.0822,4.4731],[-74.0813,4.4743],[-74.0804,4.4743],[-74.0802,4.4752],[-74.0795,4.4755],[-74.0792,4.475],[-74.0794,4.4734],[-74.0788,4.4724],[-74.0804,4.4712],[-74.0789,4.4695],[-74.0794,4.4661],[-74.0768,4.4636],[-74.0757,4.468],[-74.0767,4.4727],[-74.0753,4.4765],[-74.0748,4.4808]]]}},{"type":"Feature","properties":{"b":"La Merced","loc":"Santa Fe","upz":"Sagrado Corazón","uso":"Residencial","d":-6.5,"c":48.3,"a":27.7,"w":"C","cod":"008103","estrato":3,"estrato_mean":3.25,"np":1,"p2":65.4,"g22":10.6,"src":"2026","abs":39.9},"geometry":{"type":"Polygon","coordinates":[[[-74.0648,4.6216],[-74.0649,4.6226],[-74.0665,4.6232],[-74.0677,4.6199],[-74.0657,4.6188],[-74.0648,4.6207],[-74.0633,4.6208],[-74.0648,4.6216]]]}},{"type":"Feature","properties":{"b":"Casablanca Suba Ii","loc":"Suba","upz":"Guaymaral","uso":"Residencial","d":-1.6,"c":7.7,"a":68.5,"w":"A","cod":"107111","estrato":2,"estrato_mean":2.0,"np":1,"p2":14.8,"g22":5.5,"src":"2026","abs":30.3},"geometry":{"type":"Polygon","coordinates":[[[-74.0495,4.835],[-74.0501,4.835],[-74.0488,4.8305],[-74.0497,4.8304],[-74.0524,4.8328],[-74.0535,4.8329],[-74.054,4.8309],[-74.0558,4.8289],[-74.0579,4.829],[-74.0584,4.826],[-74.0593,4.8261],[-74.0608,4.8177],[-74.0585,4.8153],[-74.0576,4.8219],[-74.0556,4.8218],[-74.056,4.8186],[-74.0539,4.8183],[-74.0528,4.8269],[-74.05,4.8251],[-74.0491,4.8286],[-74.0466,4.8278],[-74.0466,4.8298],[-74.0446,4.831],[-74.0439,4.833],[-74.0449,4.8307],[-74.046,4.8299],[-74.0471,4.8303],[-74.0495,4.835]]]}},{"type":"Feature","properties":{"b":"Galicia","loc":"Ciudad Bolívar","upz":"Ismael Perdomo","uso":"Residencial","d":-7.0,"c":56.6,"a":26.5,"w":"C","cod":"002427","estrato":2,"estrato_mean":2.03,"np":1,"p2":74.7,"g22":11.1,"src":"2026","abs":35.3},"geometry":{"type":"Polygon","coordinates":[[[-74.1697,4.5957],[-74.1735,4.5893],[-74.173,4.5885],[-74.1721,4.5885],[-74.1721,4.5875],[-74.1713,4.587],[-74.1691,4.5877],[-74.1689,4.5955],[-74.1697,4.5957]]]}},{"type":"Feature","properties":{"b":"Osorio Iv","loc":"Kennedy","upz":"Calandaima","uso":"Residencial","d":-6.8,"c":54.7,"a":28.4,"w":"C","cod":"205227","estrato":2,"estrato_mean":2.0,"np":1,"p2":72.5,"g22":10.9,"src":"2026","abs":25.2},"geometry":{"type":"Polygon","coordinates":[[[-74.1709,4.657],[-74.1719,4.6571],[-74.1744,4.6552],[-74.1728,4.6535],[-74.1684,4.6541],[-74.1709,4.657]]]}},{"type":"Feature","properties":{"b":"Lagunitas","loc":"Ciudad Bolívar","upz":"Monte Blanco","uso":"Residencial","d":-5.1,"c":67.9,"a":17.9,"w":"C","cod":"204304","estrato":1,"estrato_mean":1.0,"np":1,"p2":84.3,"g22":11.4,"src":"2026","abs":44.4},"geometry":{"type":"Polygon","coordinates":[[[-74.1454,4.5073],[-74.1448,4.5079],[-74.146,4.5072],[-74.1473,4.5075],[-74.1473,4.5059],[-74.1482,4.506],[-74.1476,4.5036],[-74.1454,4.5041],[-74.1459,4.5063],[-74.1454,4.5073]]]}},{"type":"Feature","properties":{"b":"Bolonia I","loc":"Usme","upz":"Parque Entrenubes","uso":"Residencial","d":-6.9,"c":64.3,"a":19.5,"w":"C","cod":"002626","estrato":1,"estrato_mean":1.43,"np":1,"p2":80.0,"g22":8.9,"src":"2026","abs":36.8},"geometry":{"type":"Polygon","coordinates":[[[-74.0967,4.5232],[-74.0975,4.5235],[-74.0985,4.5253],[-74.0999,4.5211],[-74.1024,4.5211],[-74.1025,4.516],[-74.1021,4.5144],[-74.1008,4.515],[-74.1008,4.5139],[-74.1028,4.5128],[-74.1028,4.5102],[-74.0994,4.5105],[-74.0994,4.5097],[-74.0983,4.5094],[-74.0942,4.5105],[-74.0952,4.517],[-74.094,4.5179],[-74.095,4.5178],[-74.0948,4.5205],[-74.0963,4.52],[-74.096,4.5216],[-74.0964,4.5212],[-74.0967,4.5232]]]}},{"type":"Feature","properties":{"b":"La Gaitana Oriental","loc":"Suba","upz":"Tibabuyes","uso":"Residencial","d":-1.7,"c":58.3,"a":26.5,"w":"C","cod":"009262","estrato":2,"estrato_mean":2.0,"np":1,"p2":71.5,"g22":11.5,"src":"2026","abs":37.5},"geometry":{"type":"Polygon","coordinates":[[[-74.1055,4.7442],[-74.1066,4.7447],[-74.1069,4.7442],[-74.1071,4.7412],[-74.1066,4.7407],[-74.1076,4.7393],[-74.1044,4.7379],[-74.1055,4.7442]]]}},{"type":"Feature","properties":{"b":"Once De Noviembre","loc":"Barrios Unidos","upz":"Los Alcázares","uso":"Residencial","d":-3.3,"c":44.5,"a":37.9,"w":"C","cod":"007405","estrato":3,"estrato_mean":3.0,"np":1,"p2":60.7,"g22":12.9,"src":"2026","abs":52.1},"geometry":{"type":"Polygon","coordinates":[[[-74.071,4.666],[-74.0685,4.6692],[-74.0707,4.6708],[-74.0734,4.6677],[-74.071,4.666]]]}},{"type":"Feature","properties":{"b":"Visión De Oriente","loc":"Kennedy","upz":"Castilla","uso":"Residencial","d":-4.7,"c":40.6,"a":40.0,"w":"C","cod":"006503","estrato":3,"estrato_mean":3.0,"np":1,"p2":57.2,"g22":11.8,"src":"2026","abs":26.9},"geometry":{"type":"Polygon","coordinates":[[[-74.1331,4.6508],[-74.1346,4.653],[-74.137,4.6507],[-74.1335,4.6493],[-74.1327,4.65],[-74.1331,4.6508]]]}},{"type":"Feature","properties":{"b":"Las Orquídeas","loc":"Usaquén","upz":"Toberín","uso":"Industrial","d":-5.6,"c":25.4,"a":50.4,"w":"A","cod":"008516","estrato":3,"estrato_mean":3.0,"np":1,"p2":41.2,"g22":10.1,"src":"2026","abs":29.2},"geometry":{"type":"Polygon","coordinates":[[[-74.0371,4.7413],[-74.0365,4.7428],[-74.0474,4.7454],[-74.048,4.7419],[-74.0377,4.7396],[-74.0371,4.7413]]]}},{"type":"Feature","properties":{"b":"Pasquillita","loc":"Ciudad Bolívar","upz":"Ciudad Usme","uso":"Residencial","d":-0.4,"c":59.8,"a":25.8,"w":"C","cod":"104102","estrato":1,"estrato_mean":1.0,"np":1,"p2":76.3,"g22":16.2,"src":"2026","abs":67.4},"geometry":{"type":"Polygon","coordinates":[[[-74.1613,4.4096],[-74.1586,4.4073],[-74.1571,4.4096],[-74.1573,4.4124],[-74.1559,4.4156],[-74.1484,4.4162],[-74.1493,4.4154],[-74.1498,4.4132],[-74.148,4.4145],[-74.145,4.4153],[-74.1447,4.4184],[-74.1437,4.4198],[-74.1447,4.4216],[-74.1448,4.4255],[-74.1437,4.4269],[-74.1432,4.4305],[-74.1439,4.4328],[-74.1422,4.434],[-74.1432,4.435],[-74.1431,4.4397],[-74.1444,4.4403],[-74.147,4.4399],[-74.1492,4.4377],[-74.1509,4.4322],[-74.1517,4.4317],[-74.1522,4.4322],[-74.1523,4.4314],[-74.1558,4.429],[-74.1599,4.428],[-74.1612,4.4267],[-74.1658,4.4251],[-74.1684,4.422],[-74.1735,4.4208],[-74.1751,4.4178],[-74.175,4.4165],[-74.1722,4.4152],[-74.1701,4.4131],[-74.1639,4.411],[-74.1634,4.4102],[-74.1622,4.4106],[-74.1613,4.4096]]]}},{"type":"Feature","properties":{"b":"Centro Administrativo Occ.","loc":"Teusaquillo","upz":"Parque Simón Bolívar - Can","uso":"Dotacional","d":-4.1,"c":38.1,"a":33.9,"w":"C","cod":"005109","estrato":4,"estrato_mean":4.0,"np":2,"p2":48.1,"g22":10.2,"src":"2026","abs":19.9},"geometry":{"type":"Polygon","coordinates":[[[-74.0905,4.6424],[-74.0955,4.6502],[-74.0995,4.6474],[-74.0924,4.6364],[-74.089,4.6399],[-74.0905,4.6424]]]}},{"type":"Feature","properties":{"b":"Los Cedros Oriental","loc":"Usaquén","upz":"Los Cedros","uso":"Residencial","d":-3.7,"c":18.1,"a":53.2,"w":"A","cod":"008509","estrato":4,"estrato_mean":4.0,"np":1,"p2":33.7,"g22":9.7,"src":"2026","abs":7.4},"geometry":{"type":"Polygon","coordinates":[[[-74.0323,4.7254],[-74.0323,4.7239],[-74.0263,4.7212],[-74.0261,4.7227],[-74.0323,4.7254]]]}},{"type":"Feature","properties":{"b":"Granjas De Techo","loc":"Fontibón","upz":"Granjas De Techo","uso":"Industrial","d":-6.7,"c":36.9,"a":47.5,"w":"A","cod":"006306","estrato":3,"estrato_mean":3.0,"np":1,"p2":55.0,"g22":11.4,"src":"2026","abs":50.5},"geometry":{"type":"Polygon","coordinates":[[[-74.1158,4.6473],[-74.1221,4.64],[-74.1183,4.6373],[-74.1118,4.644],[-74.1158,4.6473]]]}},{"type":"Feature","properties":{"b":"La Requilina Rural Ii","loc":"Usme","upz":"Ciudad Usme","uso":"Residencial","d":-5.1,"c":62.7,"a":23.5,"w":"C","cod":"102604","estrato":1,"estrato_mean":1.0,"np":1,"p2":78.5,"g22":12.1,"src":"2026","abs":33.8},"geometry":{"type":"Polygon","coordinates":[[[-74.1226,4.4807],[-74.1233,4.481],[-74.1237,4.4798],[-74.1217,4.4788],[-74.1212,4.4798],[-74.1226,4.4807]]]}},{"type":"Feature","properties":{"b":"Las Margaritas","loc":"Bosa","upz":"El Porvenir","uso":"Residencial","d":-6.0,"c":57.0,"a":26.6,"w":"C","cod":"004637","estrato":2,"estrato_mean":2.0,"np":2,"p2":74.7,"g22":11.6,"src":"2026","abs":27.6},"geometry":{"type":"Polygon","coordinates":[[[-74.1953,4.6345],[-74.1964,4.6364],[-74.1988,4.6348],[-74.1962,4.63],[-74.199,4.6287],[-74.198,4.6266],[-74.1943,4.6281],[-74.1949,4.6275],[-74.1941,4.625],[-74.1916,4.626],[-74.1927,4.6296],[-74.192,4.6299],[-74.1948,4.6347],[-74.1939,4.6324],[-74.1953,4.6345]]]}},{"type":"Feature","properties":{"b":"Escocia","loc":"Bosa","upz":"Bosa Occidental","uso":"Residencial","d":-8.9,"c":57.0,"a":28.2,"w":"C","cod":"004519","estrato":2,"estrato_mean":2.0,"np":1,"p2":75.0,"g22":9.1,"src":"2026","abs":27.9},"geometry":{"type":"Polygon","coordinates":[[[-74.1845,4.6223],[-74.1864,4.6248],[-74.1881,4.6214],[-74.1873,4.6196],[-74.1861,4.6189],[-74.1819,4.6189],[-74.182,4.6212],[-74.1827,4.6203],[-74.1827,4.6219],[-74.1839,4.6215],[-74.1845,4.6223]]]}},{"type":"Feature","properties":{"b":"Metrópolis","loc":"Barrios Unidos","upz":"Doce De Octubre","uso":"Residencial","d":-5.4,"c":26.2,"a":49.7,"w":"A","cod":"005207","estrato":4,"estrato_mean":4.0,"np":1,"p2":41.7,"g22":10.1,"src":"2026","abs":31.7},"geometry":{"type":"Polygon","coordinates":[[[-74.0786,4.6836],[-74.0788,4.684],[-74.0808,4.6826],[-74.082,4.684],[-74.0856,4.6811],[-74.0844,4.6796],[-74.0855,4.6784],[-74.0845,4.6775],[-74.0818,4.6791],[-74.0808,4.6783],[-74.0777,4.6824],[-74.0786,4.6836]]]}},{"type":"Feature","properties":{"b":"Puerta De Teja","loc":"Fontibón","upz":"Capellanía","uso":"Industrial","d":-4.8,"c":39.8,"a":37.8,"w":"C","cod":"006404","estrato":3,"estrato_mean":3.0,"np":2,"p2":57.8,"g22":12.5,"src":"2026","abs":38.6},"geometry":{"type":"Polygon","coordinates":[[[-74.1248,4.6848],[-74.1257,4.6855],[-74.1296,4.6813],[-74.1311,4.6817],[-74.1329,4.68],[-74.1321,4.6763],[-74.131,4.6747],[-74.1325,4.6733],[-74.132,4.6727],[-74.1212,4.6775],[-74.1236,4.6839],[-74.1248,4.6848]]]}},{"type":"Feature","properties":{"b":"El Mochuelo Iii Rural","loc":"Ciudad Bolívar","upz":"Monte Blanco","uso":"Residencial","d":-4.6,"c":59.5,"a":25.9,"w":"C","cod":"104133","estrato":1,"estrato_mean":1.0,"np":1,"p2":82.8,"g22":10.7,"src":"2026","abs":10.2},"geometry":{"type":"Polygon","coordinates":[[[-74.133,4.5103],[-74.1334,4.5119],[-74.1365,4.514],[-74.1367,4.5098],[-74.133,4.5103]]]}},{"type":"Feature","properties":{"b":"San Ignacio","loc":"Engativá","upz":"Álamos","uso":"Industrial","d":-6.4,"c":29.0,"a":50.3,"w":"A","cod":"005607","estrato":3,"estrato_mean":3.0,"np":1,"p2":45.5,"g22":10.1,"src":"2026","abs":33.6},"geometry":{"type":"Polygon","coordinates":[[[-74.114,4.6836],[-74.1147,4.6836],[-74.1196,4.6789],[-74.113,4.6686],[-74.1132,4.6721],[-74.111,4.6743],[-74.1134,4.677],[-74.1117,4.6815],[-74.114,4.6836]]]}},{"type":"Feature","properties":{"b":"Las Delicias","loc":"Kennedy","upz":"Carvajal","uso":"Comercial","d":-4.1,"c":43.1,"a":37.0,"w":"C","cod":"004544","estrato":3,"estrato_mean":2.89,"np":2,"p2":59.6,"g22":12.7,"src":"2026","abs":33.7},"geometry":{"type":"Polygon","coordinates":[[[-74.1498,4.5953],[-74.1414,4.5955],[-74.1381,4.595],[-74.1433,4.6033],[-74.1521,4.5996],[-74.1501,4.5969],[-74.1498,4.5953]]]}},{"type":"Feature","properties":{"b":"Estoril","loc":"Suba","upz":"La Alhambra","uso":"Residencial","d":-2.5,"c":13.1,"a":61.0,"w":"A","cod":"009126","estrato":5,"estrato_mean":5.0,"np":1,"p2":22.9,"g22":7.3,"src":"2026","abs":29.9},"geometry":{"type":"Polygon","coordinates":[[[-74.0555,4.6972],[-74.0573,4.6963],[-74.0604,4.6967],[-74.0614,4.6879],[-74.0572,4.6868],[-74.0555,4.6972]]]}},{"type":"Feature","properties":{"b":"Osorio Xii","loc":"Kennedy","upz":"Las Margaritas","uso":"Residencial","d":12.7,"c":53.6,"a":33.4,"w":"C","cod":"004615","estrato":2,"estrato_mean":2.0,"np":1,"p2":52.4,"g22":11.5,"src":"2026","abs":32.6},"geometry":{"type":"Polygon","coordinates":[[[-74.1817,4.6496],[-74.1856,4.6467],[-74.1807,4.6361],[-74.1761,4.6388],[-74.1817,4.6496]],[[-74.182,4.6472],[-74.185,4.6457],[-74.1853,4.6466],[-74.1829,4.648],[-74.1818,4.6494],[-74.1806,4.647],[-74.1823,4.6452],[-74.1844,4.6443],[-74.1851,4.6457],[-74.182,4.6472]]]}},{"type":"Feature","properties":{"b":"Canaima","loc":"Usaquén","upz":"Paseo De Los Libertadores","uso":"Residencial","d":-6.0,"c":31.4,"a":47.2,"w":"A","cod":"008544","estrato":2,"estrato_mean":2.43,"np":1,"p2":49.0,"g22":11.5,"src":"2026","abs":45.3},"geometry":{"type":"Polygon","coordinates":[[[-74.0366,4.7836],[-74.0411,4.7836],[-74.0437,4.768],[-74.0397,4.767],[-74.0391,4.7674],[-74.039,4.7661],[-74.0343,4.7667],[-74.0312,4.766],[-74.0311,4.7695],[-74.0344,4.7705],[-74.0383,4.7706],[-74.039,4.7738],[-74.0384,4.7737],[-74.0387,4.7744],[-74.0376,4.7741],[-74.0374,4.7774],[-74.0391,4.7787],[-74.0363,4.7787],[-74.0371,4.7788],[-74.0366,4.7836]]]}},{"type":"Feature","properties":{"b":"Torca ","loc":"Usaquén","upz":"Paseo De Los Libertadores","uso":"Residencial","d":0.5,"c":27.0,"a":53.6,"w":"A","cod":"208130","estrato":3,"estrato_mean":3.0,"np":1,"p2":34.6,"g22":8.1,"src":"2026","abs":58.6},"geometry":{"type":"MultiPolygon","coordinates":[[[[-74.0319,4.7873],[-74.0358,4.788],[-74.0369,4.7836],[-74.0314,4.7842],[-74.0319,4.7873]]],[[[-74.0319,4.7873],[-74.0284,4.7875],[-74.0282,4.7899],[-74.0323,4.7899],[-74.0319,4.7873]]]]}},{"type":"Feature","properties":{"b":"Los Arrayanes Ii","loc":"Rafael Uribe Uribe","upz":"Diana Turbay","uso":"Residencial","d":-5.1,"c":57.9,"a":25.4,"w":"C","cod":"001435","estrato":2,"estrato_mean":1.59,"np":2,"p2":74.9,"g22":12.9,"src":"2026","abs":31.6},"geometry":{"type":"Polygon","coordinates":[[[-74.1061,4.5422],[-74.108,4.5442],[-74.11,4.5445],[-74.1052,4.5401],[-74.1061,4.5422]]]}},{"type":"Feature","properties":{"b":"La Magdalena","loc":"Teusaquillo","upz":"Teusaquillo","uso":"Comercial","d":-6.8,"c":48.6,"a":29.7,"w":"C","cod":"007103","estrato":4,"estrato_mean":4.0,"np":3,"p2":61.7,"g22":9.4,"src":"2026","abs":36.6},"geometry":{"type":"Polygon","coordinates":[[[-74.0723,4.6312],[-74.0732,4.6262],[-74.069,4.6254],[-74.0684,4.6288],[-74.0723,4.6312]]]}},{"type":"Feature","properties":{"b":"Normandía","loc":"Engativá","upz":"Santa Cecilia","uso":"Residencial","d":-5.2,"c":29.1,"a":44.8,"w":"A","cod":"005507","estrato":4,"estrato_mean":4.0,"np":1,"p2":46.3,"g22":9.9,"src":"2026","abs":21.4},"geometry":{"type":"Polygon","coordinates":[[[-74.1116,4.6664],[-74.1094,4.6631],[-74.1011,4.6708],[-74.1044,4.6738],[-74.1116,4.6664]]]}},{"type":"Feature","properties":{"b":"El Refugio","loc":"Fontibón","upz":"Fontibón San Pablo","uso":"Residencial","d":-6.5,"c":51.2,"a":28.9,"w":"C","cod":"006419","estrato":2,"estrato_mean":2.0,"np":1,"p2":68.1,"g22":10.5,"src":"2026","abs":28.3},"geometry":{"type":"Polygon","coordinates":[[[-74.1495,4.6933],[-74.1516,4.6949],[-74.1506,4.6937],[-74.1526,4.6925],[-74.1516,4.6908],[-74.1521,4.6901],[-74.151,4.6908],[-74.1492,4.6879],[-74.1457,4.6904],[-74.1495,4.6933]]]}},{"type":"Feature","properties":{"b":"Barlovento","loc":"Ciudad Bolívar","upz":"Ismael Perdomo","uso":"Residencial","d":-5.7,"c":52.0,"a":28.8,"w":"C","cod":"002417","estrato":2,"estrato_mean":2.0,"np":1,"p2":74.7,"g22":11.1,"src":"2026","abs":13.1},"geometry":{"type":"Polygon","coordinates":[[[-74.164,4.5957],[-74.1697,4.5957],[-74.1689,4.5955],[-74.1691,4.5877],[-74.166,4.5887],[-74.166,4.5916],[-74.1637,4.5914],[-74.164,4.5957]]]}},{"type":"Feature","properties":{"b":"Gran Britalia","loc":"Kennedy","upz":"Gran Britalia","uso":"Residencial","d":-7.1,"c":54.2,"a":30.0,"w":"C","cod":"004557","estrato":2,"estrato_mean":2.0,"np":1,"p2":73.8,"g22":12.5,"src":"2026","abs":39.8},"geometry":{"type":"Polygon","coordinates":[[[-74.1712,4.6202],[-74.1733,4.6231],[-74.1748,4.6222],[-74.1735,4.6205],[-74.1774,4.618],[-74.1795,4.619],[-74.182,4.6145],[-74.1802,4.6149],[-74.1782,4.6168],[-74.1766,4.6155],[-74.1712,4.6202]]]}},{"type":"Feature","properties":{"b":"Lago Gaitán","loc":"Chapinero","upz":"Chicó Lago","uso":"Comercial","d":-3.5,"c":30.3,"a":41.3,"w":"A","cod":"008313","estrato":5,"estrato_mean":5.0,"np":1,"p2":30.9,"g22":9.3,"src":"2026","abs":28.3},"geometry":{"type":"Polygon","coordinates":[[[-74.0573,4.6679],[-74.0601,4.6696],[-74.0611,4.6641],[-74.0586,4.6625],[-74.0556,4.6673],[-74.0573,4.6679]]]}},{"type":"Feature","properties":{"b":"Techo","loc":"Kennedy","upz":"Kennedy Central","uso":"Residencial","d":-7.6,"c":44.8,"a":36.1,"w":"C","cod":"004548","estrato":3,"estrato_mean":3.0,"np":1,"p2":63.2,"g22":10.8,"src":"2026","abs":35.2},"geometry":{"type":"Polygon","coordinates":[[[-74.1482,4.6297],[-74.1501,4.6276],[-74.1464,4.6241],[-74.1451,4.6255],[-74.1454,4.6268],[-74.1482,4.6297]]]}},{"type":"Feature","properties":{"b":"Suramérica","loc":"San Cristóbal","upz":"20 De Julio","uso":"Residencial","d":-4.1,"c":59.1,"a":24.7,"w":"C","cod":"001407","estrato":3,"estrato_mean":3.0,"np":1,"p2":74.7,"g22":11.6,"src":"2026","abs":37.1},"geometry":{"type":"Polygon","coordinates":[[[-74.0939,4.5663],[-74.0938,4.5702],[-74.0987,4.5651],[-74.0966,4.5621],[-74.0939,4.5663]]]}},{"type":"Feature","properties":{"b":"El Carmen Fontibón","loc":"Fontibón","upz":"Fontibón","uso":"Residencial","d":-4.9,"c":42.3,"a":38.1,"w":"C","cod":"006408","estrato":3,"estrato_mean":3.0,"np":3,"p2":58.2,"g22":11.8,"src":"2026","abs":27.3},"geometry":{"type":"Polygon","coordinates":[[[-74.1557,4.6831],[-74.1566,4.6829],[-74.1541,4.6788],[-74.1543,4.6775],[-74.152,4.6711],[-74.1503,4.6731],[-74.1491,4.6718],[-74.1484,4.6723],[-74.1458,4.6693],[-74.1441,4.6707],[-74.1448,4.6717],[-74.1505,4.6787],[-74.1557,4.6831]]]}},{"type":"Feature","properties":{"b":"Barcelona","loc":"Puente Aranda","upz":"San Rafael","uso":"Residencial","d":-6.4,"c":35.1,"a":43.9,"w":"A","cod":"004303","estrato":3,"estrato_mean":3.0,"np":3,"p2":52.8,"g22":12.2,"src":"2026","abs":30.2},"geometry":{"type":"Polygon","coordinates":[[[-74.1143,4.621],[-74.1152,4.62],[-74.1164,4.6204],[-74.117,4.6197],[-74.1161,4.6189],[-74.1173,4.6175],[-74.1146,4.6151],[-74.1127,4.6191],[-74.1143,4.621]]]}},{"type":"Feature","properties":{"b":"Alcalá","loc":"Puente Aranda","upz":"Muzú","uso":"Residencial","d":-8.0,"c":42.9,"a":37.8,"w":"C","cod":"004407","estrato":3,"estrato_mean":3.0,"np":3,"p2":61.5,"g22":11.3,"src":"2026","abs":33.2},"geometry":{"type":"Polygon","coordinates":[[[-74.1265,4.5997],[-74.1229,4.6036],[-74.1263,4.6065],[-74.13,4.6029],[-74.1265,4.5997]]]}},{"type":"Feature","properties":{"b":"Remanso","loc":"Puente Aranda","upz":"Ciudad Montes","uso":"Residencial","d":-13.3,"c":38.1,"a":41.1,"w":"A","cod":"004402","estrato":3,"estrato_mean":3.0,"np":2,"p2":62.3,"g22":10.9,"src":"2026","abs":21.7},"geometry":{"type":"Polygon","coordinates":[[[-74.1133,4.6044],[-74.1178,4.6074],[-74.1185,4.6077],[-74.1193,4.6067],[-74.1157,4.6004],[-74.1099,4.5977],[-74.1072,4.5985],[-74.1133,4.6044]]]}},{"type":"Feature","properties":{"b":"Carmen Del Sol","loc":"Rafael Uribe Uribe","upz":"Marruecos","uso":"Residencial","d":-7.1,"c":48.6,"a":33.0,"w":"C","cod":"001434","estrato":1,"estrato_mean":1.33,"np":1,"p2":69.6,"g22":13.8,"src":"2026","abs":38.8},"geometry":{"type":"Polygon","coordinates":[[[-74.1139,4.5666],[-74.1143,4.5668],[-74.1146,4.5659],[-74.1163,4.5662],[-74.1124,4.5625],[-74.1127,4.5595],[-74.1115,4.5595],[-74.1117,4.5633],[-74.1106,4.5638],[-74.112,4.5649],[-74.1122,4.5663],[-74.1139,4.5666]]]}},{"type":"Feature","properties":{"b":"La Faena","loc":"Engativá","upz":"Engativá","uso":"Residencial","d":-5.8,"c":49.2,"a":32.6,"w":"C","cod":"005666","estrato":2,"estrato_mean":2.0,"np":1,"p2":60.6,"g22":12.6,"src":"2026","abs":25.7},"geometry":{"type":"Polygon","coordinates":[[[-74.1306,4.7169],[-74.1354,4.7201],[-74.1369,4.7191],[-74.1362,4.7185],[-74.1391,4.7169],[-74.1367,4.7138],[-74.1366,4.7124],[-74.1335,4.7168],[-74.1324,4.7162],[-74.1306,4.7169]]]}},{"type":"Feature","properties":{"b":"Quirigua I","loc":"Engativá","upz":"Minuto De Dios","uso":"Residencial","d":-5.6,"c":43.0,"a":36.7,"w":"C","cod":"005683","estrato":3,"estrato_mean":3.0,"np":1,"p2":60.8,"g22":12.2,"src":"2026","abs":31.3},"geometry":{"type":"Polygon","coordinates":[[[-74.0991,4.7144],[-74.1028,4.7119],[-74.1025,4.7113],[-74.1036,4.7101],[-74.1031,4.7094],[-74.1024,4.7094],[-74.0978,4.7129],[-74.0991,4.7144]]]}},{"type":"Feature","properties":{"b":"Bolonia","loc":"Usme","upz":"Gran Yomasa","uso":"Residencial","d":-6.9,"c":64.3,"a":19.5,"w":"C","cod":"002605","estrato":1,"estrato_mean":1.02,"np":1,"p2":80.0,"g22":8.9,"src":"2026","abs":36.8},"geometry":{"type":"Polygon","coordinates":[[[-74.0998,4.5103],[-74.1038,4.5101],[-74.1058,4.5092],[-74.1057,4.5087],[-74.103,4.5092],[-74.1023,4.5085],[-74.101,4.5089],[-74.0984,4.5081],[-74.0975,4.5091],[-74.096,4.5087],[-74.096,4.5098],[-74.0985,4.5094],[-74.0998,4.5103]]]}},{"type":"Feature","properties":{"b":"La Estrellita I","loc":"Usaquén","upz":"Verbenal","uso":"Residencial","d":-5.1,"c":54.4,"a":29.1,"w":"C","cod":"008540","estrato":2,"estrato_mean":1.85,"np":1,"p2":71.5,"g22":12.0,"src":"2026","abs":32.6},"geometry":{"type":"Polygon","coordinates":[[[-74.0245,4.7692],[-74.0254,4.7694],[-74.0256,4.7679],[-74.0242,4.7679],[-74.0232,4.7606],[-74.0219,4.758],[-74.0219,4.759],[-74.0214,4.759],[-74.0219,4.7596],[-74.021,4.7598],[-74.0229,4.7603],[-74.0234,4.7621],[-74.0231,4.7646],[-74.0226,4.7646],[-74.0228,4.7671],[-74.0245,4.7692]]]}},{"type":"Feature","properties":{"b":"El Porvenir De Los Soches","loc":"Usme","upz":"Ciudad Usme","uso":"Residencial","d":-2.6,"c":65.2,"a":21.0,"w":"C","cod":"102110","estrato":1,"estrato_mean":1.0,"np":1,"p2":78.6,"g22":10.8,"src":"2026","abs":40.0},"geometry":{"type":"Polygon","coordinates":[[[-74.0835,4.4922],[-74.0883,4.4941],[-74.0925,4.4939],[-74.0963,4.4872],[-74.096,4.4857],[-74.0988,4.4844],[-74.0952,4.4799],[-74.0955,4.4789],[-74.0945,4.4787],[-74.093,4.4766],[-74.092,4.4767],[-74.0918,4.4777],[-74.0899,4.4784],[-74.0911,4.4793],[-74.09,4.4802],[-74.09,4.4812],[-74.0906,4.4811],[-74.0905,4.4831],[-74.0855,4.4844],[-74.0862,4.4863],[-74.0857,4.4869],[-74.0861,4.4877],[-74.0846,4.4886],[-74.0848,4.4903],[-74.0839,4.4908],[-74.0835,4.4922]]]}},{"type":"Feature","properties":{"b":"La Esperanza Norte","loc":"Fontibón","upz":"Ciudad Salitre Occidental","uso":"Dotacional","d":-7.2,"c":29.2,"a":46.9,"w":"A","cod":"006303","estrato":4,"estrato_mean":4.24,"np":1,"p2":46.3,"g22":9.9,"src":"2026","abs":37.4},"geometry":{"type":"Polygon","coordinates":[[[-74.1094,4.6631],[-74.1116,4.6664],[-74.1157,4.6618],[-74.1141,4.6598],[-74.1142,4.6584],[-74.1111,4.6535],[-74.1099,4.6548],[-74.1103,4.6555],[-74.1063,4.6581],[-74.1094,4.6631]]]}},{"type":"Feature","properties":{"b":"Casablanca Suba","loc":"Suba","upz":"Casa Blanca Suba","uso":"Residencial","d":-7.4,"c":14.6,"a":57.6,"w":"A","cod":"009215","estrato":4,"estrato_mean":4.33,"np":1,"p2":31.0,"g22":9.1,"src":"2026","abs":12.9},"geometry":{"type":"Polygon","coordinates":[[[-74.0657,4.7555],[-74.0662,4.7555],[-74.0663,4.7574],[-74.0683,4.7573],[-74.0693,4.7562],[-74.0713,4.7566],[-74.0712,4.7491],[-74.0728,4.7487],[-74.0715,4.7465],[-74.0695,4.7481],[-74.0688,4.7479],[-74.0657,4.7555]]]}},{"type":"Feature","properties":{"b":"Las Villas","loc":"Suba","upz":"Niza","uso":"Residencial","d":-2.8,"c":18.1,"a":56.4,"w":"A","cod":"009122","estrato":4,"estrato_mean":4.0,"np":1,"p2":28.9,"g22":8.1,"src":"2026","abs":25.9},"geometry":{"type":"Polygon","coordinates":[[[-74.0721,4.711],[-74.0704,4.7113],[-74.0701,4.715],[-74.0688,4.7181],[-74.0749,4.7203],[-74.0739,4.7185],[-74.0721,4.711]]]}},{"type":"Feature","properties":{"b":"El Mochuelo Ii Urbano","loc":"Ciudad Bolívar","upz":"El Mochuelo","uso":"Residencial","d":-8.5,"c":58.5,"a":23.7,"w":"C","cod":"002598","estrato":1,"estrato_mean":1.0,"np":1,"p2":79.8,"g22":12.7,"src":"2026","abs":44.8},"geometry":{"type":"MultiPolygon","coordinates":[[[[-74.1277,4.5338],[-74.1286,4.5357],[-74.1313,4.538],[-74.1322,4.5366],[-74.1334,4.5372],[-74.1338,4.5363],[-74.1362,4.5373],[-74.1377,4.5345],[-74.1349,4.5328],[-74.1295,4.5343],[-74.1284,4.5322],[-74.1277,4.5338]]],[[[-74.1276,4.533],[-74.1268,4.5255],[-74.1262,4.5257],[-74.1264,4.5275],[-74.1254,4.5287],[-74.1248,4.5325],[-74.125,4.5334],[-74.1276,4.533]]]]}},{"type":"Feature","properties":{"b":"Torca Rural Ii","loc":"Usaquén","upz":"Paseo De Los Libertadores","uso":"Residencial","d":0.5,"c":27.0,"a":53.6,"w":"A","cod":"108110","estrato":3,"estrato_mean":3.0,"np":1,"p2":34.6,"g22":8.1,"src":"2026","abs":58.6},"geometry":{"type":"Polygon","coordinates":[[[-74.0306,4.8089],[-74.0324,4.809],[-74.0326,4.8078],[-74.0303,4.8076],[-74.034,4.8079],[-74.0336,4.7985],[-74.0341,4.7986],[-74.0344,4.7968],[-74.0333,4.7966],[-74.0323,4.7899],[-74.0282,4.7899],[-74.0284,4.7875],[-74.0319,4.7873],[-74.0314,4.7842],[-74.0297,4.7836],[-74.0279,4.7837],[-74.0282,4.7845],[-74.0165,4.7851],[-74.0156,4.7917],[-74.0132,4.7982],[-74.01,4.7976],[-74.0053,4.7982],[-74.0049,4.7995],[-74.0031,4.8006],[-74.0009,4.8032],[-74.0005,4.8048],[-73.9994,4.8055],[-74.0005,4.8066],[-74.0031,4.8072],[-74.0306,4.8089]]]}},{"type":"Feature","properties":{"b":"La Giralda","loc":"Fontibón","upz":"Fontibón","uso":"Residencial","d":-13.1,"c":41.1,"a":33.9,"w":"C","cod":"006420","estrato":3,"estrato_mean":3.0,"np":1,"p2":66.9,"g22":12.7,"src":"2026","abs":37.4},"geometry":{"type":"Polygon","coordinates":[[[-74.1433,4.6828],[-74.1452,4.681],[-74.1393,4.6749],[-74.1373,4.6767],[-74.1433,4.6828]]]}},{"type":"Feature","properties":{"b":"El Tesoro","loc":"Ciudad Bolívar","upz":"El Tesoro","uso":"Residencial","d":-2.6,"c":68.2,"a":17.7,"w":"C","cod":"002547","estrato":1,"estrato_mean":1.0,"np":1,"p2":83.9,"g22":13.1,"src":"2026","abs":48.7},"geometry":{"type":"Polygon","coordinates":[[[-74.149,4.5388],[-74.1516,4.5386],[-74.1513,4.537],[-74.1494,4.5341],[-74.1472,4.535],[-74.1472,4.5363],[-74.1458,4.5365],[-74.1465,4.5368],[-74.146,4.5369],[-74.1464,4.5383],[-74.148,4.5369],[-74.149,4.5388]]]}},{"type":"Feature","properties":{"b":"Gran Yomasa","loc":"Usme","upz":"Gran Yomasa","uso":"Residencial","d":-4.6,"c":67.0,"a":18.8,"w":"C","cod":"002506","estrato":2,"estrato_mean":2.0,"np":2,"p2":81.3,"g22":9.8,"src":"2026","abs":37.0},"geometry":{"type":"Polygon","coordinates":[[[-74.1089,4.5092],[-74.1143,4.5096],[-74.1146,4.5104],[-74.1179,4.5101],[-74.1141,4.508],[-74.1141,4.5067],[-74.1138,4.5077],[-74.1123,4.5066],[-74.1055,4.5064],[-74.1058,4.5092],[-74.1089,4.5092]]]}},{"type":"Feature","properties":{"b":"Villemar","loc":"Fontibón","upz":"Fontibón","uso":"Residencial","d":-7.5,"c":37.4,"a":40.6,"w":"A","cod":"006406","estrato":3,"estrato_mean":3.0,"np":1,"p2":57.2,"g22":12.2,"src":"2026","abs":28.5},"geometry":{"type":"Polygon","coordinates":[[[-74.137,4.6726],[-74.1393,4.6749],[-74.1441,4.6707],[-74.1407,4.6657],[-74.1392,4.6671],[-74.14,4.6681],[-74.1371,4.6713],[-74.1361,4.6703],[-74.1354,4.671],[-74.137,4.6726]]]}},{"type":"Feature","properties":{"b":"La Concordia","loc":"Candelaria","upz":"La Candelaria","uso":"Residencial","d":-3.4,"c":58.3,"a":24.5,"w":"C","cod":"003104","estrato":2,"estrato_mean":2.0,"np":1,"p2":71.9,"g22":10.2,"src":"2026","abs":44.9},"geometry":{"type":"Polygon","coordinates":[[[-74.0713,4.5969],[-74.069,4.5956],[-74.0679,4.5981],[-74.0686,4.5979],[-74.0682,4.5985],[-74.0697,4.5995],[-74.0713,4.5969]]]}},{"type":"Feature","properties":{"b":"Las Guacamayas I","loc":"San Cristóbal","upz":"La Gloria","uso":"Residencial","d":-5.2,"c":59.0,"a":24.1,"w":"C","cod":"001355","estrato":2,"estrato_mean":2.0,"np":4,"p2":76.1,"g22":12.7,"src":"2026","abs":36.7},"geometry":{"type":"Polygon","coordinates":[[[-74.098,4.5532],[-74.0982,4.5525],[-74.0974,4.5517],[-74.0938,4.5522],[-74.0935,4.5556],[-74.0951,4.5558],[-74.097,4.5576],[-74.0984,4.558],[-74.0974,4.5566],[-74.0979,4.5546],[-74.0975,4.5538],[-74.098,4.5532]]]}},{"type":"Feature","properties":{"b":"Páramo Ii Rural","loc":"Usaquén","upz":"Usaquén","uso":"Comercial","d":-5.5,"c":13.1,"a":55.9,"w":"A","cod":"108112","estrato":3,"estrato_mean":3.0,"np":1,"p2":27.9,"g22":9.3,"src":"2026","abs":21.3},"geometry":{"type":"Polygon","coordinates":[[[-74.0244,4.6956],[-74.0216,4.6953],[-74.0211,4.6958],[-74.0253,4.6995],[-74.0258,4.6974],[-74.0244,4.6956]]]}},{"type":"Feature","properties":{"b":"Bellavista Lucero Alto","loc":"Ciudad Bolívar","upz":"Lucero","uso":"Residencial","d":-4.9,"c":61.5,"a":23.5,"w":"C","cod":"002560","estrato":1,"estrato_mean":1.0,"np":1,"p2":79.0,"g22":12.6,"src":"2026","abs":54.2},"geometry":{"type":"Polygon","coordinates":[[[-74.1437,4.55],[-74.1457,4.5511],[-74.1476,4.5499],[-74.1486,4.5459],[-74.1473,4.5446],[-74.1465,4.5454],[-74.1474,4.5462],[-74.1458,4.5467],[-74.1458,4.5477],[-74.1447,4.5482],[-74.1426,4.5479],[-74.1425,4.5498],[-74.1419,4.5502],[-74.1437,4.55]]]}},{"type":"Feature","properties":{"b":"Centro Engativá Ii","loc":"Engativá","upz":"Engativá","uso":"Residencial","d":-4.3,"c":51.0,"a":30.7,"w":"C","cod":"005667","estrato":2,"estrato_mean":2.0,"np":1,"p2":67.8,"g22":12.4,"src":"2026","abs":32.4},"geometry":{"type":"Polygon","coordinates":[[[-74.1383,4.7159],[-74.1391,4.7169],[-74.1398,4.7164],[-74.1368,4.7123],[-74.1364,4.7082],[-74.1338,4.7073],[-74.1343,4.7107],[-74.1338,4.7126],[-74.1346,4.7144],[-74.1359,4.7138],[-74.1357,4.7131],[-74.1366,4.7124],[-74.1367,4.7138],[-74.1383,4.7159]]]}},{"type":"Feature","properties":{"b":"Palermo Sur","loc":"Rafael Uribe Uribe","upz":"Diana Turbay","uso":"Residencial","d":-7.5,"c":59.6,"a":24.5,"w":"C","cod":"002535","estrato":2,"estrato_mean":1.77,"np":1,"p2":79.0,"g22":11.9,"src":"2026","abs":40.1},"geometry":{"type":"Polygon","coordinates":[[[-74.1071,4.5394],[-74.1062,4.5409],[-74.11,4.5445],[-74.1125,4.5416],[-74.1099,4.5399],[-74.1071,4.5394]]]}},{"type":"Feature","properties":{"b":"Bosque Izquierdo","loc":"Santa Fe","upz":"La Macarena","uso":"Residencial","d":-1.3,"c":58.6,"a":16.2,"w":"C","cod":"008106","estrato":1,"estrato_mean":1.19,"np":1,"p2":78.6,"g22":18.8,"src":"2026","abs":39.0},"geometry":{"type":"Polygon","coordinates":[[[-74.0651,4.6125],[-74.0662,4.6087],[-74.0649,4.6056],[-74.0637,4.606],[-74.0644,4.6062],[-74.064,4.608],[-74.0648,4.608],[-74.0648,4.609],[-74.0633,4.6093],[-74.063,4.6119],[-74.0651,4.6125]]]}},{"type":"Feature","properties":{"b":"Portal Rural Ii","loc":"Usme","upz":"Ciudad Usme","uso":"Residencial","d":-4.9,"c":55.4,"a":26.5,"w":"C","cod":"102506","estrato":1,"estrato_mean":1.0,"np":1,"p2":72.6,"g22":12.3,"src":"2026","abs":35.9},"geometry":{"type":"Polygon","coordinates":[[[-74.0968,4.491],[-74.0957,4.4896],[-74.0956,4.4884],[-74.0925,4.4939],[-74.0932,4.4949],[-74.0942,4.4948],[-74.0966,4.4963],[-74.0976,4.4992],[-74.0985,4.4997],[-74.0988,4.498],[-74.0996,4.4982],[-74.1,4.4974],[-74.1004,4.4928],[-74.1013,4.493],[-74.0986,4.4899],[-74.0968,4.491]]]}},{"type":"Feature","properties":{"b":"Pablo Vi Norte","loc":"Teusaquillo","upz":"Parque Simón Bolívar - Can","uso":"Dotacional","d":-21.7,"c":36.7,"a":32.3,"w":"C","cod":"005116","estrato":4,"estrato_mean":4.0,"np":1,"p2":69.1,"g22":10.6,"src":"2026","abs":22.8},"geometry":{"type":"Polygon","coordinates":[[[-74.0859,4.6555],[-74.0886,4.6595],[-74.0917,4.653],[-74.0888,4.6542],[-74.0845,4.6512],[-74.0836,4.6534],[-74.0859,4.6555]]]}},{"type":"Feature","properties":{"b":"El Carmen","loc":"Tunjuelito","upz":"Venecia","uso":"Residencial","d":-5.9,"c":56.1,"a":28.9,"w":"C","cod":"002407","estrato":2,"estrato_mean":2.0,"np":1,"p2":68.2,"g22":12.7,"src":"2026","abs":28.2},"geometry":{"type":"Polygon","coordinates":[[[-74.1364,4.5785],[-74.1321,4.5796],[-74.1373,4.5847],[-74.1385,4.5837],[-74.1364,4.5785]]]}},{"type":"Feature","properties":{"b":"Las Violetas Rural","loc":"Usme","upz":"Ciudad Usme","uso":"Residencial","d":-2.1,"c":66.3,"a":18.0,"w":"C","cod":"102118","estrato":1,"estrato_mean":1.0,"np":1,"p2":81.4,"g22":13.0,"src":"2026","abs":43.9},"geometry":{"type":"Polygon","coordinates":[[[-74.0631,4.4908],[-74.0636,4.4903],[-74.0645,4.492],[-74.0656,4.4919],[-74.0693,4.4946],[-74.0708,4.4949],[-74.0737,4.4968],[-74.0714,4.4965],[-74.069,4.4986],[-74.0676,4.4976],[-74.068,4.4985],[-74.0703,4.4989],[-74.0734,4.498],[-74.0749,4.4989],[-74.0769,4.5015],[-74.08,4.5004],[-74.0788,4.4988],[-74.0795,4.4985],[-74.0825,4.4975],[-74.083,4.4988],[-74.0847,4.4984],[-74.0823,4.495],[-74.0826,4.494],[-74.0818,4.4935],[-74.0848,4.4904],[-74.0845,4.4887],[-74.086,4.4878],[-74.0857,4.4869],[-74.0862,4.4863],[-74.0843,4.4816],[-74.0827,4.4818],[-74.0796,4.4807],[-74.0793,4.4836],[-74.0802,4.4859],[-74.0753,4.4846],[-74.0689,4.4869],[-74.0653,4.4864],[-74.0645,4.4883],[-74.0627,4.4902],[-74.0631,4.4908]]]}},{"type":"Feature","properties":{"b":"La Carolina","loc":"Usaquén","upz":"Country Club","uso":"Residencial","d":-2.2,"c":12.6,"a":59.1,"w":"A","cod":"008403","estrato":6,"estrato_mean":5.9,"np":2,"p2":25.2,"g22":8.4,"src":"2026","abs":25.4},"geometry":{"type":"Polygon","coordinates":[[[-74.0327,4.7127],[-74.0351,4.7135],[-74.0352,4.7089],[-74.0359,4.7077],[-74.0425,4.7088],[-74.0428,4.7042],[-74.037,4.7046],[-74.0329,4.7035],[-74.0327,4.7127]]]}},{"type":"Feature","properties":{"b":"San Miguel","loc":"Barrios Unidos","upz":"Doce De Octubre","uso":"Residencial","d":-3.7,"c":37.4,"a":46.3,"w":"A","cod":"005103","estrato":4,"estrato_mean":3.69,"np":1,"p2":52.1,"g22":11.0,"src":"2026","abs":41.6},"geometry":{"type":"Polygon","coordinates":[[[-74.0815,4.6606],[-74.0773,4.6587],[-74.0759,4.6636],[-74.0777,4.6656],[-74.0815,4.6606]]]}},{"type":"Feature","properties":{"b":"El Bosque Sur Oriental Rural I","loc":"Usme","upz":"Ciudad Usme","uso":"Residencial","d":-9.4,"c":59.9,"a":21.7,"w":"C","cod":"102310","estrato":1,"estrato_mean":1.0,"np":1,"p2":87.1,"g22":17.9,"src":"2026","abs":56.8},"geometry":{"type":"Polygon","coordinates":[[[-74.0851,4.4834],[-74.0855,4.4844],[-74.0905,4.4831],[-74.0906,4.4811],[-74.09,4.4812],[-74.09,4.4802],[-74.0911,4.4793],[-74.0899,4.4784],[-74.0918,4.4777],[-74.092,4.4767],[-74.093,4.4766],[-74.089,4.4729],[-74.0863,4.469],[-74.0831,4.4681],[-74.0803,4.4651],[-74.0771,4.4636],[-74.0793,4.4657],[-74.079,4.4696],[-74.0839,4.4736],[-74.0834,4.4748],[-74.0841,4.4754],[-74.0839,4.4779],[-74.0846,4.4784],[-74.085,4.481],[-74.0843,4.4817],[-74.0851,4.4834]]]}},{"type":"Feature","properties":{"b":"Las Flores","loc":"Suba","upz":"Suba","uso":"Residencial","d":-5.8,"c":35.6,"a":43.6,"w":"A","cod":"009210","estrato":3,"estrato_mean":2.95,"np":1,"p2":56.1,"g22":11.6,"src":"2026","abs":11.5},"geometry":{"type":"Polygon","coordinates":[[[-74.0892,4.7456],[-74.0911,4.7466],[-74.0916,4.7453],[-74.0889,4.7445],[-74.0893,4.7434],[-74.0909,4.7439],[-74.0915,4.7426],[-74.0922,4.7429],[-74.0936,4.74],[-74.0867,4.7377],[-74.0857,4.7381],[-74.0844,4.7441],[-74.0892,4.7456]]]}},{"type":"Feature","properties":{"b":"San Antonio","loc":"Antonio Nariño","upz":"Restrepo","uso":"Comercial","d":-6.2,"c":40.0,"a":40.4,"w":"A","cod":"002102","estrato":3,"estrato_mean":3.0,"np":4,"p2":57.3,"g22":11.2,"src":"2026","abs":39.3},"geometry":{"type":"Polygon","coordinates":[[[-74.0975,4.5872],[-74.0957,4.5849],[-74.0947,4.5853],[-74.0889,4.5919],[-74.0959,4.594],[-74.0993,4.5902],[-74.0975,4.5872]]]}},{"type":"Feature","properties":{"b":"El Pedregal","loc":"Usme","upz":"Gran Yomasa","uso":"Residencial","d":-3.7,"c":60.8,"a":22.7,"w":"C","cod":"002563","estrato":1,"estrato_mean":1.09,"np":1,"p2":77.1,"g22":12.6,"src":"2026","abs":38.7},"geometry":{"type":"Polygon","coordinates":[[[-74.1119,4.5252],[-74.115,4.525],[-74.114,4.5226],[-74.1154,4.5222],[-74.1154,4.5205],[-74.1146,4.5192],[-74.113,4.5197],[-74.113,4.5224],[-74.1119,4.5252]]]}},{"type":"Feature","properties":{"b":"Gran América","loc":"Teusaquillo","upz":"Quinta Paredes","uso":"Residencial","d":-25.7,"c":53.4,"a":24.9,"w":"C","cod":"006202","estrato":4,"estrato_mean":4.0,"np":1,"p2":87.4,"g22":8.3,"src":"2026","abs":15.9},"geometry":{"type":"Polygon","coordinates":[[[-74.0811,4.6272],[-74.083,4.63],[-74.0866,4.6276],[-74.0869,4.6257],[-74.0829,4.6253],[-74.0811,4.6272]]]}},{"type":"Feature","properties":{"b":"Alquería La Fragua Ii","loc":"Kennedy","upz":"Carvajal","uso":"Comercial","d":-5.5,"c":45.0,"a":38.1,"w":"C","cod":"004596","estrato":2,"estrato_mean":2.29,"np":1,"p2":62.3,"g22":11.8,"src":"2026","abs":36.3},"geometry":{"type":"Polygon","coordinates":[[[-74.136,4.5985],[-74.1369,4.5991],[-74.1398,4.6049],[-74.1433,4.6033],[-74.1381,4.595],[-74.136,4.5985]]]}},{"type":"Feature","properties":{"b":"San Antonio Urbano","loc":"Engativá","upz":"Engativá","uso":"Residencial","d":-5.8,"c":49.0,"a":32.5,"w":"C","cod":"005660","estrato":2,"estrato_mean":2.0,"np":1,"p2":59.5,"g22":12.8,"src":"2026","abs":18.5},"geometry":{"type":"Polygon","coordinates":[[[-74.1315,4.7046],[-74.1339,4.7019],[-74.1317,4.7003],[-74.1295,4.7037],[-74.1301,4.7042],[-74.1305,4.7037],[-74.1315,4.7046]]]}},{"type":"Feature","properties":{"b":"La Cabrera","loc":"Chapinero","upz":"El Refugio","uso":"Residencial","d":-1.4,"c":6.7,"a":56.8,"w":"A","cod":"008309","estrato":6,"estrato_mean":5.77,"np":1,"p2":14.3,"g22":6.2,"src":"2026","abs":24.9},"geometry":{"type":"Polygon","coordinates":[[[-74.0553,4.67],[-74.0468,4.6652],[-74.0451,4.6688],[-74.0538,4.673],[-74.0553,4.67]]]}},{"type":"Feature","properties":{"b":"El Retazo","loc":"Bosa","upz":"Bosa Central","uso":"Residencial","d":-5.4,"c":54.8,"a":29.2,"w":"C","cod":"004533","estrato":2,"estrato_mean":2.0,"np":3,"p2":70.5,"g22":11.3,"src":"2026","abs":32.8},"geometry":{"type":"Polygon","coordinates":[[[-74.1946,4.61],[-74.1956,4.6098],[-74.1959,4.6087],[-74.199,4.6093],[-74.1998,4.6072],[-74.195,4.6038],[-74.1899,4.602],[-74.192,4.6053],[-74.1925,4.6081],[-74.1942,4.6085],[-74.1946,4.61]]]}},{"type":"Feature","properties":{"b":"Alquería","loc":"Puente Aranda","upz":"Muzú","uso":"Residencial","d":-5.9,"c":38.4,"a":43.3,"w":"A","cod":"004409","estrato":3,"estrato_mean":3.0,"np":2,"p2":53.9,"g22":10.3,"src":"2026","abs":30.6},"geometry":{"type":"Polygon","coordinates":[[[-74.1346,4.6006],[-74.1378,4.5949],[-74.1351,4.5944],[-74.1292,4.6021],[-74.1318,4.6048],[-74.1346,4.6006]]]}},{"type":"Feature","properties":{"b":"Pensilvania","loc":"Puente Aranda","upz":"Zona Industrial","uso":"Industrial","d":-5.6,"c":41.7,"a":38.9,"w":"C","cod":"004201","estrato":3,"estrato_mean":3.0,"np":1,"p2":54.6,"g22":11.4,"src":"2026","abs":80.0},"geometry":{"type":"Polygon","coordinates":[[[-74.098,4.6066],[-74.0919,4.6142],[-74.0968,4.6187],[-74.1032,4.6112],[-74.098,4.6066]]]}},{"type":"Feature","properties":{"b":"Alcázares","loc":"Barrios Unidos","upz":"Los Alcázares","uso":"Residencial","d":-5.2,"c":33.3,"a":45.7,"w":"A","cod":"007302","estrato":3,"estrato_mean":3.0,"np":1,"p2":49.2,"g22":10.8,"src":"2026","abs":35.3},"geometry":{"type":"Polygon","coordinates":[[[-74.0696,4.659],[-74.0671,4.663],[-74.071,4.666],[-74.0738,4.6621],[-74.0696,4.659]]]}},{"type":"Feature","properties":{"b":"Quiba Alto","loc":"Ciudad Bolívar","upz":"Monte Blanco","uso":"Residencial","d":-5.1,"c":67.9,"a":17.9,"w":"C","cod":"104114","estrato":1,"estrato_mean":1.0,"np":1,"p2":84.3,"g22":11.4,"src":"2026","abs":44.4},"geometry":{"type":"Polygon","coordinates":[[[-74.1582,4.5243],[-74.1588,4.5253],[-74.1597,4.5236],[-74.1616,4.5227],[-74.1639,4.5192],[-74.1654,4.5185],[-74.1698,4.514],[-74.1686,4.5134],[-74.1697,4.5066],[-74.1704,4.5064],[-74.1707,4.5074],[-74.1737,4.5071],[-74.1743,4.5078],[-74.1749,4.5076],[-74.1744,4.5072],[-74.1815,4.5039],[-74.1797,4.4977],[-74.1789,4.4971],[-74.1795,4.4889],[-74.1781,4.486],[-74.1827,4.4795],[-74.1823,4.4753],[-74.1835,4.474],[-74.1836,4.4723],[-74.183,4.4707],[-74.1838,4.4675],[-74.1802,4.4662],[-74.1802,4.4684],[-74.1791,4.4699],[-74.1713,4.4733],[-74.1695,4.4757],[-74.1679,4.4839],[-74.1654,4.4874],[-74.1653,4.4905],[-74.1589,4.5049],[-74.1582,4.5092],[-74.1573,4.5105],[-74.1575,4.5123],[-74.1561,4.5143],[-74.1538,4.515],[-74.1541,4.5177],[-74.155,4.5182],[-74.1532,4.5189],[-74.1585,4.5232],[-74.1582,4.5243]]]}},{"type":"Feature","properties":{"b":"Barranquillita","loc":"Usme","upz":"Gran Yomasa","uso":"Residencial","d":-2.4,"c":61.3,"a":23.5,"w":"C","cod":"002525","estrato":2,"estrato_mean":1.98,"np":3,"p2":76.8,"g22":12.8,"src":"2026","abs":36.4},"geometry":{"type":"Polygon","coordinates":[[[-74.1136,4.5261],[-74.1141,4.5269],[-74.1197,4.5269],[-74.1183,4.5255],[-74.1184,4.5198],[-74.1155,4.5202],[-74.1154,4.5222],[-74.114,4.5226],[-74.115,4.525],[-74.1131,4.5256],[-74.1136,4.5261]]]}},{"type":"Feature","properties":{"b":"Pueblo Viejo","loc":"Fontibón","upz":"Aeropuerto El Dorado","uso":"Residencial","d":-5.8,"c":48.5,"a":35.4,"w":"C","cod":"005673","estrato":3,"estrato_mean":3.0,"np":1,"p2":60.6,"g22":12.6,"src":"2026","abs":13.1},"geometry":{"type":"Polygon","coordinates":[[[-74.155,4.7096],[-74.1533,4.7084],[-74.1543,4.7098],[-74.155,4.7096]]]}},{"type":"Feature","properties":{"b":"Los Libertadores","loc":"San Cristóbal","upz":"Los Libertadores","uso":"Residencial","d":-6.3,"c":56.7,"a":25.2,"w":"C","cod":"001327","estrato":2,"estrato_mean":2.0,"np":1,"p2":75.6,"g22":12.6,"src":"2026","abs":38.2},"geometry":{"type":"Polygon","coordinates":[[[-74.085,4.5328],[-74.0915,4.5367],[-74.0927,4.5343],[-74.0905,4.5291],[-74.0896,4.5314],[-74.0884,4.5317],[-74.0867,4.53],[-74.0869,4.5315],[-74.085,4.5328]]]}},{"type":"Feature","properties":{"b":"La Marichuela","loc":"Usme","upz":"Comuneros","uso":"Residencial","d":-6.6,"c":57.8,"a":25.3,"w":"C","cod":"002529","estrato":2,"estrato_mean":2.0,"np":2,"p2":75.9,"g22":11.8,"src":"2026","abs":31.3},"geometry":{"type":"Polygon","coordinates":[[[-74.1167,4.5131],[-74.1203,4.5132],[-74.1208,4.5125],[-74.1213,4.5112],[-74.1203,4.5059],[-74.1173,4.5075],[-74.1179,4.5101],[-74.1146,4.5104],[-74.1156,4.513],[-74.1167,4.5131]]]}},{"type":"Feature","properties":{"b":"Gorgonzola","loc":"Puente Aranda","upz":"Zona Industrial","uso":"Industrial","d":-5.7,"c":34.1,"a":44.2,"w":"A","cod":"004207","estrato":3,"estrato_mean":2.67,"np":1,"p2":50.4,"g22":10.6,"src":"2026","abs":33.8},"geometry":{"type":"Polygon","coordinates":[[[-74.0996,4.6211],[-74.1069,4.6274],[-74.1059,4.6186],[-74.0996,4.6211]]]}},{"type":"Feature","properties":{"b":"Olarte","loc":"Usme","upz":"Ciudad Usme","uso":"Residencial","d":-4.3,"c":67.2,"a":18.5,"w":"C","cod":"102707","estrato":1,"estrato_mean":1.0,"np":1,"p2":81.4,"g22":9.9,"src":"2026","abs":36.1},"geometry":{"type":"Polygon","coordinates":[[[-74.1332,4.471],[-74.1347,4.4685],[-74.1362,4.4679],[-74.1367,4.4657],[-74.1382,4.4654],[-74.1373,4.4636],[-74.1384,4.4626],[-74.1395,4.4577],[-74.1406,4.4567],[-74.141,4.4548],[-74.1417,4.4543],[-74.1418,4.4515],[-74.1442,4.4477],[-74.1445,4.4436],[-74.1432,4.4421],[-74.143,4.4389],[-74.1435,4.4374],[-74.1431,4.435],[-74.1422,4.434],[-74.1439,4.4328],[-74.1432,4.4305],[-74.1439,4.4265],[-74.143,4.4257],[-74.1424,4.4239],[-74.1373,4.4246],[-74.1358,4.4222],[-74.131,4.4224],[-74.1294,4.4205],[-74.1274,4.42],[-74.1231,4.4171],[-74.1209,4.417],[-74.1189,4.4178],[-74.1131,4.4164],[-74.1124,4.4173],[-74.1132,4.4212],[-74.1111,4.4335],[-74.1108,4.4362],[-74.1115,4.4375],[-74.1109,4.4398],[-74.1094,4.4417],[-74.1092,4.4434],[-74.1064,4.445],[-74.1054,4.4481],[-74.1006,4.4526],[-74.0975,4.4545],[-74.1011,4.4583],[-74.1016,4.4597],[-74.1004,4.4609],[-74.1005,4.4623],[-74.1064,4.4652],[-74.1074,4.4641],[-74.1085,4.4652],[-74.1106,4.4653],[-74.1114,4.4664],[-74.1131,4.4654],[-74.1138,4.4668],[-74.1146,4.4662],[-74.1161,4.4681],[-74.1167,4.4673],[-74.1188,4.4691],[-74.1224,4.469],[-74.1229,4.4697],[-74.124,4.4687],[-74.1234,4.4657],[-74.1241,4.4682],[-74.1255,4.4694],[-74.1261,4.4674],[-74.129,4.4658],[-74.1287,4.4644],[-74.1295,4.4629],[-74.1293,4.4641],[-74.1303,4.4641],[-74.1316,4.4658],[-74.1308,4.4664],[-74.1309,4.4675],[-74.1332,4.471]]]}},{"type":"Feature","properties":{"b":"Los Ejidos","loc":"Puente Aranda","upz":"Zona Industrial","uso":"Industrial","d":-4.6,"c":33.7,"a":49.8,"w":"A","cod":"004208","estrato":3,"estrato_mean":2.71,"np":3,"p2":44.3,"g22":8.6,"src":"2026","abs":32.8},"geometry":{"type":"Polygon","coordinates":[[[-74.0919,4.6239],[-74.1058,4.6184],[-74.1046,4.6137],[-74.1033,4.6121],[-74.1026,4.6122],[-74.0919,4.6239]]]}},{"type":"Feature","properties":{"b":"Escuela De Infanteria","loc":"Usaquén","upz":"Usaquén","uso":"Comercial","d":-4.5,"c":10.8,"a":57.6,"w":"A","cod":"008410","estrato":3,"estrato_mean":3.12,"np":1,"p2":24.0,"g22":8.6,"src":"2026","abs":19.7},"geometry":{"type":"Polygon","coordinates":[[[-74.0379,4.6803],[-74.0357,4.6852],[-74.0421,4.6884],[-74.0447,4.6833],[-74.0382,4.6799],[-74.0379,4.6803]]]}},{"type":"Feature","properties":{"b":"Casa Blanca Sur","loc":"Kennedy","upz":"Gran Britalia","uso":"Residencial","d":0.2,"c":46.2,"a":35.7,"w":"C","cod":"004576","estrato":2,"estrato_mean":2.0,"np":2,"p2":60.0,"g22":13.0,"src":"2026","abs":27.6},"geometry":{"type":"Polygon","coordinates":[[[-74.1675,4.6211],[-74.1693,4.6214],[-74.1761,4.6161],[-74.1747,4.6145],[-74.1672,4.6203],[-74.1675,4.6211]]]}},{"type":"Feature","properties":{"b":"Quiba Urbano","loc":"Ciudad Bolívar","upz":"El Tesoro","uso":"Residencial","d":-6.1,"c":61.9,"a":23.0,"w":"C","cod":"002583","estrato":1,"estrato_mean":1.0,"np":1,"p2":79.1,"g22":11.1,"src":"2026","abs":48.3},"geometry":{"type":"Polygon","coordinates":[[[-74.1426,4.536],[-74.143,4.5355],[-74.1443,4.5356],[-74.1442,4.5347],[-74.146,4.5348],[-74.1453,4.5343],[-74.1452,4.5326],[-74.1446,4.5324],[-74.144,4.5342],[-74.1418,4.5338],[-74.1416,4.5347],[-74.1426,4.536]]]}},{"type":"Feature","properties":{"b":"Santa Cecilia Puente Norte","loc":"Usaquén","upz":"San Cristóbal Norte","uso":"Residencial","d":-4.9,"c":50.4,"a":31.5,"w":"C","cod":"008543","estrato":1,"estrato_mean":1.06,"np":1,"p2":50.5,"g22":11.6,"src":"2026","abs":46.8},"geometry":{"type":"Polygon","coordinates":[[[-74.0138,4.7357],[-74.0183,4.7373],[-74.0198,4.7355],[-74.0134,4.7316],[-74.0125,4.7354],[-74.0138,4.7357]]]}},{"type":"Feature","properties":{"b":"El Dorado","loc":"Santa Fe","upz":"Lourdes","uso":"Residencial","d":-6.0,"c":60.2,"a":22.0,"w":"C","cod":"003209","estrato":2,"estrato_mean":1.7,"np":1,"p2":78.0,"g22":11.8,"src":"2026","abs":37.5},"geometry":{"type":"Polygon","coordinates":[[[-74.0728,4.584],[-74.0757,4.5801],[-74.0756,4.5774],[-74.0745,4.5764],[-74.0719,4.5783],[-74.0711,4.5785],[-74.0719,4.5779],[-74.0715,4.5765],[-74.0699,4.5779],[-74.0701,4.5799],[-74.072,4.5803],[-74.0713,4.5826],[-74.0728,4.584]]]}},{"type":"Feature","properties":{"b":"Escuela Militar","loc":"Barrios Unidos","upz":"Los Andes","uso":"Residencial","d":21.4,"c":56.9,"a":19.6,"w":"C","cod":"005310","estrato":3,"estrato_mean":3.0,"np":1,"p2":53.4,"g22":18.0,"src":"2026","abs":80.0},"geometry":{"type":"Polygon","coordinates":[[[-74.069,4.6816],[-74.0714,4.6836],[-74.0746,4.6845],[-74.0753,4.6833],[-74.0739,4.6827],[-74.0744,4.6817],[-74.0728,4.6811],[-74.0741,4.6784],[-74.0683,4.6746],[-74.0657,4.6789],[-74.069,4.6816]]]}},{"type":"Feature","properties":{"b":"Nueva Gloria","loc":"San Cristóbal","upz":"Los Libertadores","uso":"Residencial","d":-6.3,"c":57.5,"a":23.8,"w":"C","cod":"001320","estrato":2,"estrato_mean":2.0,"np":1,"p2":77.3,"g22":13.5,"src":"2026","abs":34.9},"geometry":{"type":"Polygon","coordinates":[[[-74.0891,4.5421],[-74.092,4.5434],[-74.0925,4.5423],[-74.0902,4.5397],[-74.0906,4.5387],[-74.0887,4.538],[-74.0889,4.5384],[-74.0864,4.5397],[-74.0891,4.5421]]]}},{"type":"Feature","properties":{"b":"Libertador","loc":"Rafael Uribe Uribe","upz":"Quiroga","uso":"Residencial","d":-7.5,"c":47.1,"a":35.2,"w":"C","cod":"002305","estrato":3,"estrato_mean":3.0,"np":2,"p2":66.8,"g22":12.1,"src":"2026","abs":39.7},"geometry":{"type":"Polygon","coordinates":[[[-74.116,4.583],[-74.1159,4.5826],[-74.1109,4.5843],[-74.1116,4.5853],[-74.1119,4.5888],[-74.1172,4.5886],[-74.116,4.583]]]}},{"type":"Feature","properties":{"b":"Tibabita El Rosario","loc":"Usaquén","upz":"Paseo De Los Libertadores","uso":"Residencial","d":-6.0,"c":31.4,"a":47.2,"w":"A","cod":"208132","estrato":3,"estrato_mean":3.0,"np":1,"p2":49.0,"g22":11.5,"src":"2026","abs":45.3},"geometry":{"type":"Polygon","coordinates":[[[-74.039,4.7738],[-74.0383,4.7706],[-74.0344,4.7705],[-74.0345,4.7731],[-74.0338,4.7729],[-74.0333,4.7781],[-74.039,4.779],[-74.0391,4.7785],[-74.038,4.7783],[-74.0374,4.7774],[-74.0376,4.7741],[-74.0387,4.7744],[-74.0384,4.7737],[-74.039,4.7738]]]}},{"type":"Feature","properties":{"b":"Dorado Industrial I","loc":"Engativá","upz":"Garcés Navas","uso":"Residencial","d":-7.6,"c":29.1,"a":45.5,"w":"A","cod":"206502","estrato":3,"estrato_mean":3.0,"np":1,"p2":48.1,"g22":11.4,"src":"2026","abs":24.2},"geometry":{"type":"Polygon","coordinates":[[[-74.1257,4.7257],[-74.1252,4.7261],[-74.1264,4.7275],[-74.1268,4.7272],[-74.1257,4.7257]]]}},{"type":"Feature","properties":{"b":"Chorillos","loc":"Suba","upz":"Suba","uso":"Residencial","d":-3.2,"c":51.3,"a":27.5,"w":"C","cod":"237106","estrato":2,"estrato_mean":2.0,"np":1,"p2":62.6,"g22":8.1,"src":"2026","abs":66.5},"geometry":{"type":"Polygon","coordinates":[[[-74.091,4.7852],[-74.0952,4.7819],[-74.0978,4.7846],[-74.0982,4.7843],[-74.0989,4.785],[-74.0981,4.7868],[-74.1,4.7853],[-74.0974,4.7825],[-74.0968,4.7828],[-74.094,4.7783],[-74.0929,4.7792],[-74.0943,4.7816],[-74.0906,4.7846],[-74.091,4.7852]]]}},{"type":"Feature","properties":{"b":"San Isidro","loc":"San Cristóbal","upz":"20 De Julio","uso":"Residencial","d":-5.8,"c":50.6,"a":31.2,"w":"C","cod":"001406","estrato":3,"estrato_mean":3.0,"np":1,"p2":68.7,"g22":12.2,"src":"2026","abs":34.4},"geometry":{"type":"Polygon","coordinates":[[[-74.1008,4.5686],[-74.1023,4.5672],[-74.1,4.5639],[-74.0983,4.5654],[-74.1008,4.5686]]]}},{"type":"Feature","properties":{"b":"El Tintal Ii","loc":"Fontibón","upz":"Zona Franca","uso":"Industrial","d":-3.7,"c":41.8,"a":39.0,"w":"C","cod":"006522","estrato":3,"estrato_mean":3.0,"np":1,"p2":57.3,"g22":11.8,"src":"2026","abs":31.5},"geometry":{"type":"Polygon","coordinates":[[[-74.147,4.6634],[-74.1487,4.663],[-74.1453,4.662],[-74.1448,4.6612],[-74.1416,4.6636],[-74.1405,4.6622],[-74.1393,4.663],[-74.1433,4.6648],[-74.147,4.6634]]]}},{"type":"Feature","properties":{"b":"El Rocío","loc":"Santa Fe","upz":"Lourdes","uso":"Residencial","d":-6.0,"c":60.2,"a":22.0,"w":"C","cod":"003208","estrato":2,"estrato_mean":1.99,"np":1,"p2":78.0,"g22":11.8,"src":"2026","abs":37.5},"geometry":{"type":"Polygon","coordinates":[[[-74.0689,4.58],[-74.0669,4.5813],[-74.067,4.5823],[-74.0703,4.5858],[-74.0705,4.5869],[-74.0729,4.5846],[-74.0713,4.5826],[-74.0721,4.5805],[-74.0701,4.58],[-74.07,4.5783],[-74.0689,4.58]]]}},{"type":"Feature","properties":{"b":"Chiguaza Rural","loc":"Usme","upz":"Los Libertadores","uso":"Residencial","d":-5.4,"c":65.4,"a":23.6,"w":"C","cod":"101308","estrato":1,"estrato_mean":1.0,"np":1,"p2":74.2,"g22":11.2,"src":"2026","abs":45.2},"geometry":{"type":"Polygon","coordinates":[[[-74.0811,4.5269],[-74.084,4.5283],[-74.0862,4.5245],[-74.0808,4.522],[-74.0811,4.5269]]]}},{"type":"Feature","properties":{"b":"Tuna","loc":"Suba","upz":"Tibabuyes","uso":"Residencial","d":-3.8,"c":48.7,"a":32.3,"w":"C","cod":"009261","estrato":2,"estrato_mean":2.0,"np":1,"p2":64.8,"g22":12.4,"src":"2026","abs":33.5},"geometry":{"type":"Polygon","coordinates":[[[-74.1044,4.7619],[-74.1055,4.762],[-74.1079,4.76],[-74.1069,4.7589],[-74.106,4.7609],[-74.1041,4.7611],[-74.1044,4.7619]]]}},{"type":"Feature","properties":{"b":"La Andrea","loc":"Usme","upz":"Gran Yomasa","uso":"Residencial","d":-5.3,"c":54.3,"a":28.0,"w":"C","cod":"002524","estrato":2,"estrato_mean":2.0,"np":3,"p2":71.6,"g22":12.5,"src":"2026","abs":33.7},"geometry":{"type":"Polygon","coordinates":[[[-74.1102,4.5129],[-74.1116,4.5131],[-74.1121,4.5153],[-74.1135,4.5167],[-74.1168,4.5158],[-74.1143,4.5096],[-74.1089,4.5092],[-74.1091,4.5124],[-74.1102,4.5129]]]}},{"type":"Feature","properties":{"b":"San Bernardino Xviii","loc":"Bosa","upz":"Tintal Sur","uso":"Residencial","d":-3.6,"c":57.7,"a":25.3,"w":"C","cod":"105318","estrato":1,"estrato_mean":1.06,"np":1,"p2":73.4,"g22":12.0,"src":"2026","abs":31.9},"geometry":{"type":"Polygon","coordinates":[[[-74.211,4.622],[-74.2112,4.6198],[-74.2127,4.6192],[-74.212,4.6174],[-74.2111,4.6179],[-74.2105,4.6174],[-74.2104,4.6157],[-74.2091,4.6161],[-74.209,4.6148],[-74.2084,4.6149],[-74.2076,4.6167],[-74.2044,4.6177],[-74.2047,4.6185],[-74.2055,4.6181],[-74.2059,4.6187],[-74.2037,4.6192],[-74.2041,4.6212],[-74.2047,4.6208],[-74.2053,4.6217],[-74.2067,4.6207],[-74.2071,4.6217],[-74.2084,4.6209],[-74.2087,4.623],[-74.211,4.622]],[[-74.2073,4.6196],[-74.2079,4.6197],[-74.2074,4.6204],[-74.2068,4.6195],[-74.2073,4.6196]]]}},{"type":"Feature","properties":{"b":"Centro Administrativo","loc":"Candelaria","upz":"La Candelaria","uso":"Residencial","d":-3.6,"c":47.1,"a":32.9,"w":"C","cod":"003106","estrato":3,"estrato_mean":3.0,"np":2,"p2":59.6,"g22":9.8,"src":"2026","abs":45.4},"geometry":{"type":"Polygon","coordinates":[[[-74.0811,4.5951],[-74.0801,4.5945],[-74.0795,4.5954],[-74.0784,4.5948],[-74.079,4.5938],[-74.0781,4.5933],[-74.077,4.5931],[-74.0763,4.5945],[-74.0734,4.5933],[-74.0718,4.596],[-74.078,4.6001],[-74.0811,4.5951]]]}},{"type":"Feature","properties":{"b":"Yomasa Norte","loc":"Usme","upz":"Comuneros","uso":"Residencial","d":-5.6,"c":66.9,"a":20.1,"w":"C","cod":"002586","estrato":1,"estrato_mean":1.0,"np":1,"p2":82.6,"g22":10.2,"src":"2026","abs":34.0},"geometry":{"type":"Polygon","coordinates":[[[-74.1181,4.5017],[-74.1197,4.5022],[-74.1198,4.5016],[-74.1183,4.5011],[-74.1181,4.5017]]]}},{"type":"Feature","properties":{"b":"Rincón Altamar","loc":"Suba","upz":"El Rincón","uso":"Residencial","d":-4.0,"c":37.7,"a":40.6,"w":"A","cod":"009266","estrato":2,"estrato_mean":2.0,"np":1,"p2":53.6,"g22":12.0,"src":"2026","abs":31.5},"geometry":{"type":"Polygon","coordinates":[[[-74.0929,4.7172],[-74.0913,4.7182],[-74.0901,4.7204],[-74.0925,4.7224],[-74.0949,4.7196],[-74.0929,4.7172]]]}},{"type":"Feature","properties":{"b":"Bosa Nova El Porvenir","loc":"Bosa","upz":"Bosa Occidental","uso":"Residencial","d":-7.6,"c":54.3,"a":30.7,"w":"C","cod":"004580","estrato":2,"estrato_mean":2.0,"np":1,"p2":73.4,"g22":11.6,"src":"2026","abs":39.2},"geometry":{"type":"Polygon","coordinates":[[[-74.1891,4.623],[-74.1899,4.6239],[-74.1922,4.623],[-74.1911,4.6211],[-74.192,4.6207],[-74.1915,4.62],[-74.1906,4.6202],[-74.189,4.6194],[-74.1873,4.623],[-74.1891,4.623]]]}},{"type":"Feature","properties":{"b":"El Bagazal","loc":"Chapinero","upz":"El Refugio","uso":"Residencial","d":-1.4,"c":6.7,"a":56.8,"w":"A","cod":"101101","estrato":2,"estrato_mean":2.0,"np":1,"p2":14.3,"g22":6.2,"src":"2026","abs":24.9},"geometry":{"type":"Polygon","coordinates":[[[-74.04,4.6688],[-74.0404,4.6691],[-74.0409,4.6677],[-74.0432,4.6684],[-74.0423,4.6664],[-74.0424,4.6645],[-74.0441,4.6637],[-74.045,4.6641],[-74.0453,4.6609],[-74.0456,4.6603],[-74.0465,4.6609],[-74.0471,4.6598],[-74.0467,4.6594],[-74.0472,4.6569],[-74.0464,4.6564],[-74.0467,4.6546],[-74.0477,4.6552],[-74.0489,4.6535],[-74.0479,4.6511],[-74.0482,4.6498],[-74.046,4.6488],[-74.0441,4.6467],[-74.0435,4.6451],[-74.0405,4.6463],[-74.0385,4.6461],[-74.0358,4.6388],[-74.0331,4.6359],[-74.0322,4.6374],[-74.0324,4.6395],[-74.0313,4.6407],[-74.0311,4.6421],[-74.0347,4.6445],[-74.0322,4.6466],[-74.0311,4.6471],[-74.0305,4.6467],[-74.0282,4.6484],[-74.028,4.6507],[-74.029,4.6536],[-74.0285,4.6546],[-74.0255,4.6566],[-74.026,4.6622],[-74.0277,4.6618],[-74.0307,4.6628],[-74.0334,4.6626],[-74.0357,4.6652],[-74.0365,4.6643],[-74.0368,4.6646],[-74.04,4.6688]]]}},{"type":"Feature","properties":{"b":"Rincón De Suba","loc":"Suba","upz":"El Rincón","uso":"Residencial","d":-4.0,"c":37.7,"a":40.6,"w":"A","cod":"009237","estrato":2,"estrato_mean":2.0,"np":1,"p2":53.6,"g22":12.0,"src":"2026","abs":31.5},"geometry":{"type":"Polygon","coordinates":[[[-74.0935,4.7228],[-74.0961,4.7244],[-74.0982,4.7225],[-74.0971,4.7208],[-74.0948,4.7197],[-74.0933,4.7215],[-74.0941,4.722],[-74.0935,4.7228]]]}},{"type":"Feature","properties":{"b":"Sociego","loc":"San Cristóbal","upz":"Sosiego","uso":"Residencial","d":-5.7,"c":42.7,"a":37.4,"w":"C","cod":"001205","estrato":3,"estrato_mean":3.0,"np":2,"p2":59.9,"g22":11.3,"src":"2026","abs":40.8},"geometry":{"type":"Polygon","coordinates":[[[-74.0896,4.5791],[-74.0906,4.5812],[-74.0946,4.5758],[-74.0916,4.5726],[-74.0881,4.5772],[-74.0893,4.5779],[-74.0896,4.5791]]]}},{"type":"Feature","properties":{"b":"Hoya San Cristóbal","loc":"San Cristóbal","upz":"San Blas","uso":"Residencial","d":-2.8,"c":67.5,"a":16.6,"w":"C","cod":"101301","estrato":2,"estrato_mean":2.0,"np":1,"p2":82.0,"g22":11.7,"src":"2026","abs":42.6},"geometry":{"type":"Polygon","coordinates":[[[-74.0701,4.5776],[-74.0706,4.5777],[-74.0716,4.5765],[-74.0719,4.5779],[-74.0711,4.5785],[-74.0719,4.5783],[-74.074,4.5763],[-74.0764,4.5758],[-74.0765,4.5739],[-74.0754,4.5732],[-74.0774,4.5718],[-74.0735,4.5699],[-74.0716,4.5707],[-74.0676,4.568],[-74.0654,4.5643],[-74.0663,4.5628],[-74.0659,4.5613],[-74.0636,4.5605],[-74.0632,4.5586],[-74.0622,4.5576],[-74.0623,4.5565],[-74.0601,4.5552],[-74.0586,4.5529],[-74.0576,4.5525],[-74.056,4.5507],[-74.0559,4.5495],[-74.0524,4.5481],[-74.0519,4.5468],[-74.0498,4.5447],[-74.0485,4.5419],[-74.0453,4.5413],[-74.0436,4.5344],[-74.0415,4.5333],[-74.0403,4.5314],[-74.0413,4.5274],[-74.0405,4.52],[-74.0387,4.5274],[-74.0359,4.535],[-74.0355,4.5357],[-74.0347,4.5358],[-74.0342,4.5376],[-74.0319,4.5394],[-74.0313,4.5417],[-74.0316,4.5443],[-74.0294,4.5475],[-74.0287,4.5506],[-74.0287,4.5528],[-74.0299,4.5551],[-74.0298,4.5575],[-74.0288,4.5583],[-74.0291,4.5608],[-74.0294,4.5621],[-74.0308,4.5632],[-74.0324,4.5689],[-74.0318,4.5701],[-74.0323,4.5711],[-74.0439,4.572],[-74.0466,4.5736],[-74.0528,4.5754],[-74.0544,4.5721],[-74.0615,4.575],[-74.0626,4.575],[-74.0668,4.5774],[-74.0687,4.5768],[-74.0701,4.5776]]]}},{"type":"Feature","properties":{"b":"Granada Sur","loc":"Usme","upz":"Comuneros","uso":"Residencial","d":-4.7,"c":59.2,"a":26.8,"w":"C","cod":"002541","estrato":2,"estrato_mean":2.0,"np":1,"p2":75.7,"g22":11.8,"src":"2026","abs":42.6},"geometry":{"type":"Polygon","coordinates":[[[-74.1224,4.52],[-74.1239,4.5204],[-74.1243,4.5172],[-74.1216,4.5157],[-74.1224,4.52]]]}},{"type":"Feature","properties":{"b":"Sabana De Tibabuyes","loc":"Suba","upz":"Tibabuyes","uso":"Residencial","d":-4.7,"c":41.2,"a":38.3,"w":"C","cod":"009232","estrato":2,"estrato_mean":2.3,"np":2,"p2":57.7,"g22":12.1,"src":"2026","abs":31.3},"geometry":{"type":"Polygon","coordinates":[[[-74.1107,4.7525],[-74.1123,4.7532],[-74.1131,4.752],[-74.1111,4.7516],[-74.1134,4.7474],[-74.1101,4.7471],[-74.1083,4.7453],[-74.1055,4.7442],[-74.1057,4.7475],[-74.1066,4.7476],[-74.1043,4.7512],[-74.1107,4.7525]]]}},{"type":"Feature","properties":{"b":"La Belleza","loc":"San Cristóbal","upz":"Los Libertadores","uso":"Residencial","d":-5.7,"c":68.5,"a":18.2,"w":"C","cod":"001338","estrato":2,"estrato_mean":1.94,"np":1,"p2":84.7,"g22":10.6,"src":"2026","abs":38.7},"geometry":{"type":"Polygon","coordinates":[[[-74.0942,4.5355],[-74.0941,4.5327],[-74.0948,4.5309],[-74.0955,4.5305],[-74.0948,4.5263],[-74.0944,4.5266],[-74.0943,4.5262],[-74.0907,4.5297],[-74.0928,4.5336],[-74.0925,4.5348],[-74.0942,4.5355]]]}},{"type":"Feature","properties":{"b":"Ciudad Bachué Ii","loc":"Engativá","upz":"Minuto De Dios","uso":"Residencial","d":-5.8,"c":49.0,"a":34.7,"w":"C","cod":"005682","estrato":2,"estrato_mean":2.0,"np":1,"p2":63.9,"g22":11.5,"src":"2026","abs":19.3},"geometry":{"type":"Polygon","coordinates":[[[-74.1048,4.7189],[-74.0999,4.7138],[-74.0991,4.7144],[-74.1044,4.7199],[-74.1048,4.7189]]]}},{"type":"Feature","properties":{"b":"El Carmelo","loc":"Kennedy","upz":"Gran Britalia","uso":"Residencial","d":0.5,"c":51.5,"a":33.1,"w":"C","cod":"004559","estrato":2,"estrato_mean":2.0,"np":1,"p2":59.3,"g22":8.3,"src":"2026","abs":35.5},"geometry":{"type":"Polygon","coordinates":[[[-74.1747,4.6222],[-74.1772,4.6206],[-74.178,4.6216],[-74.1798,4.6201],[-74.1791,4.6193],[-74.1795,4.619],[-74.1774,4.618],[-74.1759,4.6189],[-74.1735,4.6205],[-74.1747,4.6222]]]}},{"type":"Feature","properties":{"b":"El Mochuelo Oriental","loc":"Ciudad Bolívar","upz":"El Mochuelo","uso":"Residencial","d":-5.2,"c":61.2,"a":23.3,"w":"C","cod":"002522","estrato":1,"estrato_mean":1.5,"np":1,"p2":75.0,"g22":11.1,"src":"2026","abs":29.4},"geometry":{"type":"Polygon","coordinates":[[[-74.1243,4.5225],[-74.122,4.5247],[-74.1233,4.5258],[-74.1208,4.5273],[-74.1215,4.5312],[-74.1203,4.5332],[-74.1209,4.5347],[-74.1202,4.5365],[-74.1211,4.5455],[-74.1239,4.5445],[-74.1258,4.5446],[-74.1267,4.5455],[-74.1282,4.545],[-74.1335,4.5382],[-74.1335,4.5372],[-74.1322,4.5366],[-74.1313,4.538],[-74.129,4.5361],[-74.1276,4.533],[-74.125,4.5334],[-74.1254,4.5288],[-74.1264,4.5275],[-74.1262,4.5257],[-74.1267,4.5256],[-74.1243,4.5225]]]}},{"type":"Feature","properties":{"b":"San Francisco Rural","loc":"Santa Fe","upz":"Lourdes","uso":"Residencial","d":-6.5,"c":56.1,"a":24.6,"w":"C","cod":"003215","estrato":2,"estrato_mean":1.82,"np":1,"p2":76.6,"g22":14.0,"src":"2026","abs":44.4},"geometry":{"type":"Polygon","coordinates":[[[-74.0657,4.5975],[-74.0667,4.5969],[-74.0681,4.5935],[-74.0694,4.5937],[-74.0706,4.5917],[-74.0668,4.5882],[-74.0653,4.588],[-74.0652,4.5888],[-74.064,4.5886],[-74.0638,4.5899],[-74.0662,4.5935],[-74.0656,4.595],[-74.0664,4.5964],[-74.066,4.5972],[-74.0651,4.5971],[-74.0657,4.5975]]]}},{"type":"Feature","properties":{"b":"Las Margaritas","loc":"Usaquén","upz":"Los Cedros","uso":"Residencial","d":-3.7,"c":16.6,"a":56.7,"w":"A","cod":"008530","estrato":4,"estrato_mean":4.0,"np":4,"p2":28.7,"g22":8.8,"src":"2026","abs":21.6},"geometry":{"type":"Polygon","coordinates":[[[-74.0437,4.7365],[-74.0487,4.7378],[-74.05,4.7301],[-74.0412,4.7294],[-74.0393,4.7347],[-74.0437,4.7365]]]}},{"type":"Feature","properties":{"b":"La Estación Bosa","loc":"Bosa","upz":"Bosa Central","uso":"Residencial","d":-5.8,"c":55.6,"a":27.6,"w":"C","cod":"004521","estrato":2,"estrato_mean":2.0,"np":2,"p2":71.0,"g22":11.9,"src":"2026","abs":34.0},"geometry":{"type":"Polygon","coordinates":[[[-74.1852,4.6019],[-74.1862,4.6018],[-74.1861,4.6012],[-74.188,4.6016],[-74.1881,4.601],[-74.1905,4.5994],[-74.1908,4.598],[-74.1842,4.5967],[-74.1852,4.6019]]]}},{"type":"Feature","properties":{"b":"Millán","loc":"Ciudad Bolívar","upz":"San Francisco","uso":"Residencial","d":-1.7,"c":70.3,"a":17.2,"w":"C","cod":"002502","estrato":2,"estrato_mean":1.98,"np":1,"p2":83.5,"g22":11.5,"src":"2026","abs":41.3},"geometry":{"type":"Polygon","coordinates":[[[-74.149,4.5597],[-74.1477,4.5587],[-74.1459,4.5587],[-74.1451,4.5573],[-74.1441,4.5601],[-74.1446,4.5602],[-74.1444,4.5614],[-74.149,4.5597]]]}},{"type":"Feature","properties":{"b":"Pinos De Lombardía","loc":"Suba","upz":"Suba","uso":"Residencial","d":-6.7,"c":41.9,"a":36.9,"w":"C","cod":"009245","estrato":2,"estrato_mean":2.38,"np":1,"p2":60.6,"g22":12.0,"src":"2026","abs":24.6},"geometry":{"type":"Polygon","coordinates":[[[-74.0921,4.7543],[-74.0972,4.7577],[-74.0994,4.7543],[-74.0967,4.7529],[-74.0984,4.7498],[-74.0953,4.7483],[-74.0921,4.7543]]]}},{"type":"Feature","properties":{"b":"Tunjuelito Rural","loc":"Usme","upz":"Comuneros","uso":"Residencial","d":-5.1,"c":59.5,"a":25.9,"w":"C","cod":"104405","estrato":1,"estrato_mean":1.0,"np":1,"p2":77.8,"g22":11.0,"src":"2026","abs":10.2},"geometry":{"type":"Polygon","coordinates":[[[-74.1216,4.5146],[-74.1216,4.5157],[-74.1243,4.5172],[-74.1239,4.5202],[-74.1255,4.5203],[-74.1261,4.5188],[-74.1257,4.5148],[-74.1276,4.5104],[-74.1266,4.5062],[-74.1283,4.5048],[-74.1281,4.5043],[-74.1259,4.5042],[-74.1256,4.503],[-74.125,4.504],[-74.1221,4.5043],[-74.1203,4.5059],[-74.1212,4.511],[-74.1222,4.5124],[-74.1216,4.5146]]]}},{"type":"Feature","properties":{"b":"Álamos","loc":"Engativá","upz":"Garcés Navas","uso":"Residencial","d":-9.8,"c":36.8,"a":39.5,"w":"A","cod":"005643","estrato":3,"estrato_mean":3.0,"np":1,"p2":59.1,"g22":12.5,"src":"2026","abs":29.2},"geometry":{"type":"Polygon","coordinates":[[[-74.1164,4.7054],[-74.1188,4.7075],[-74.1212,4.7036],[-74.1182,4.7032],[-74.1164,4.7054]]]}},{"type":"Feature","properties":{"b":"Chapinero Norte","loc":"Chapinero","upz":"Chapinero","uso":"Comercial","d":-5.8,"c":37.0,"a":39.4,"w":"A","cod":"008214","estrato":3,"estrato_mean":3.5,"np":2,"p2":50.3,"g22":9.4,"src":"2026","abs":39.6},"geometry":{"type":"Polygon","coordinates":[[[-74.0603,4.6468],[-74.0582,4.6507],[-74.0635,4.6541],[-74.0646,4.6496],[-74.0616,4.6491],[-74.0603,4.6468]]]}},{"type":"Feature","properties":{"b":"Atahualpa","loc":"Fontibón","upz":"Fontibón","uso":"Residencial","d":-4.1,"c":46.9,"a":34.3,"w":"C","cod":"006416","estrato":3,"estrato_mean":3.0,"np":1,"p2":63.8,"g22":12.8,"src":"2026","abs":33.3},"geometry":{"type":"Polygon","coordinates":[[[-74.144,4.6891],[-74.1457,4.6904],[-74.1481,4.6885],[-74.1466,4.6868],[-74.144,4.6891]]]}},{"type":"Feature","properties":{"b":"Torca Ii","loc":"Usaquén","upz":"Paseo De Los Libertadores","uso":"Residencial","d":0.5,"c":27.0,"a":53.6,"w":"A","cod":"208128","estrato":3,"estrato_mean":3.0,"np":1,"p2":34.6,"g22":8.1,"src":"2026","abs":58.6},"geometry":{"type":"Polygon","coordinates":[[[-74.0234,4.8106],[-74.0239,4.8134],[-74.0276,4.8136],[-74.0284,4.8117],[-74.0309,4.8127],[-74.0303,4.8087],[-74.0231,4.8084],[-74.0234,4.8106]]]}},{"type":"Feature","properties":{"b":"Casa De Teja","loc":"Ciudad Bolívar","upz":"El Tesoro","uso":"Residencial","d":-2.9,"c":64.5,"a":20.4,"w":"C","cod":"002534","estrato":1,"estrato_mean":1.02,"np":1,"p2":81.2,"g22":13.9,"src":"2026","abs":26.2},"geometry":{"type":"Polygon","coordinates":[[[-74.1353,4.5442],[-74.1358,4.5449],[-74.1376,4.5441],[-74.1381,4.5406],[-74.1352,4.5383],[-74.1346,4.5387],[-74.1337,4.5381],[-74.1328,4.5396],[-74.1353,4.5442]]]}},{"type":"Feature","properties":{"b":"Las Guacamayas Iii","loc":"San Cristóbal","upz":"La Gloria","uso":"Residencial","d":-4.4,"c":59.6,"a":24.6,"w":"C","cod":"001354","estrato":2,"estrato_mean":2.0,"np":1,"p2":77.1,"g22":13.1,"src":"2026","abs":41.9},"geometry":{"type":"Polygon","coordinates":[[[-74.1017,4.5603],[-74.1022,4.5607],[-74.1034,4.5597],[-74.1019,4.556],[-74.1006,4.555],[-74.1024,4.5591],[-74.0999,4.5578],[-74.0997,4.5558],[-74.098,4.5562],[-74.0977,4.5558],[-74.0974,4.5566],[-74.0992,4.56],[-74.1017,4.5603]]]}},{"type":"Feature","properties":{"b":"Los Álamos","loc":"Engativá","upz":"Boyacá Real","uso":"Residencial","d":-5.7,"c":35.4,"a":42.4,"w":"A","cod":"005625","estrato":3,"estrato_mean":3.0,"np":3,"p2":52.3,"g22":11.9,"src":"2026","abs":25.2},"geometry":{"type":"Polygon","coordinates":[[[-74.1133,4.7012],[-74.1137,4.7015],[-74.1153,4.6994],[-74.1145,4.6988],[-74.1146,4.6981],[-74.1072,4.6936],[-74.1063,4.6951],[-74.1053,4.6954],[-74.1133,4.7012]]]}},{"type":"Feature","properties":{"b":"La Resurrección","loc":"Rafael Uribe Uribe","upz":"Marco Fidel Suárez","uso":"Residencial","d":-5.4,"c":56.2,"a":25.0,"w":"C","cod":"001413","estrato":2,"estrato_mean":2.0,"np":1,"p2":74.2,"g22":12.6,"src":"2026","abs":37.1},"geometry":{"type":"Polygon","coordinates":[[[-74.1091,4.5684],[-74.1096,4.569],[-74.1141,4.5689],[-74.1141,4.5675],[-74.1135,4.5671],[-74.1139,4.5666],[-74.1122,4.5663],[-74.112,4.5649],[-74.1107,4.5639],[-74.1087,4.5639],[-74.111,4.5671],[-74.1091,4.5684]]]}},{"type":"Feature","properties":{"b":"Páramo Ii","loc":"Chapinero","upz":"San Isidro - Patios","uso":"Residencial","d":-5.2,"c":45.9,"a":29.5,"w":"C","cod":"108108","estrato":2,"estrato_mean":2.0,"np":1,"p2":71.4,"g22":13.4,"src":"2026","abs":37.3},"geometry":{"type":"Polygon","coordinates":[[[-74.0126,4.6629],[-74.0159,4.6654],[-74.0187,4.6623],[-74.0211,4.6631],[-74.0239,4.663],[-74.0251,4.6619],[-74.026,4.6624],[-74.0257,4.6568],[-74.0214,4.6582],[-74.0194,4.6611],[-74.0193,4.6592],[-74.0137,4.6614],[-74.0139,4.6621],[-74.0126,4.6629]]]}},{"type":"Feature","properties":{"b":"San Pedro","loc":"San Cristóbal","upz":"San Blas","uso":"Residencial","d":-7.3,"c":59.0,"a":24.2,"w":"C","cod":"001306","estrato":2,"estrato_mean":1.85,"np":2,"p2":78.5,"g22":13.9,"src":"2026","abs":37.3},"geometry":{"type":"Polygon","coordinates":[[[-74.0843,4.5669],[-74.0859,4.5686],[-74.0866,4.5674],[-74.0872,4.5643],[-74.0852,4.5642],[-74.085,4.5608],[-74.0843,4.5591],[-74.0826,4.5596],[-74.0832,4.5621],[-74.0822,4.5623],[-74.0839,4.5642],[-74.0843,4.5669]]]}},{"type":"Feature","properties":{"b":"El Jardín","loc":"Bosa","upz":"Bosa Central","uso":"Residencial","d":-5.9,"c":59.5,"a":25.1,"w":"C","cod":"004561","estrato":2,"estrato_mean":2.0,"np":2,"p2":77.0,"g22":11.3,"src":"2026","abs":33.3},"geometry":{"type":"Polygon","coordinates":[[[-74.2067,4.6148],[-74.2074,4.6167],[-74.2086,4.6147],[-74.2092,4.615],[-74.2093,4.6163],[-74.2116,4.6148],[-74.2111,4.6134],[-74.2093,4.6123],[-74.2062,4.6119],[-74.2056,4.6139],[-74.2067,4.6148]]]}},{"type":"Feature","properties":{"b":"Porvenir","loc":"Usme","upz":"Danubio","uso":"Residencial","d":-4.2,"c":60.3,"a":23.7,"w":"C","cod":"002589","estrato":1,"estrato_mean":1.24,"np":3,"p2":76.3,"g22":12.2,"src":"2026","abs":32.9},"geometry":{"type":"Polygon","coordinates":[[[-74.115,4.536],[-74.1165,4.5362],[-74.1195,4.5424],[-74.1209,4.5423],[-74.1202,4.5365],[-74.1209,4.5345],[-74.1202,4.5335],[-74.1214,4.5317],[-74.1215,4.5296],[-74.1198,4.5269],[-74.1143,4.5269],[-74.115,4.5284],[-74.115,4.5316],[-74.1129,4.5312],[-74.1113,4.5338],[-74.1132,4.5361],[-74.115,4.536]]]}},{"type":"Feature","properties":{"b":"Ciudad Kennedy Norte","loc":"Kennedy","upz":"Kennedy Central","uso":"Residencial","d":-6.1,"c":48.4,"a":34.1,"w":"C","cod":"004514","estrato":3,"estrato_mean":3.0,"np":3,"p2":62.7,"g22":11.5,"src":"2026","abs":35.3},"geometry":{"type":"Polygon","coordinates":[[[-74.1539,4.6354],[-74.1553,4.6338],[-74.1551,4.6309],[-74.1589,4.6267],[-74.1545,4.6228],[-74.1482,4.6297],[-74.1539,4.6354]]]}},{"type":"Feature","properties":{"b":"Campo Hermoso","loc":"Kennedy","upz":"Patio Bonito","uso":"Residencial","d":-4.3,"c":51.7,"a":30.2,"w":"C","cod":"004558","estrato":2,"estrato_mean":2.0,"np":1,"p2":68.7,"g22":12.6,"src":"2026","abs":25.3},"geometry":{"type":"Polygon","coordinates":[[[-74.1627,4.6411],[-74.1637,4.6423],[-74.1669,4.6397],[-74.166,4.6385],[-74.1627,4.6411]]]}},{"type":"Feature","properties":{"b":"Chisacá","loc":"Usme","upz":"Ciudad Usme","uso":"Residencial","d":-12.0,"c":64.6,"a":22.3,"w":"C","cod":"102116","estrato":1,"estrato_mean":1.0,"np":1,"p2":87.9,"g22":11.3,"src":"2026","abs":80.0},"geometry":{"type":"Polygon","coordinates":[[[-74.2163,4.3121],[-74.2152,4.3025],[-74.216,4.2998],[-74.2154,4.2945],[-74.2165,4.2878],[-74.2217,4.2831],[-74.224,4.2797],[-74.2217,4.2812],[-74.2194,4.2805],[-74.2169,4.2775],[-74.2174,4.2734],[-74.2122,4.2729],[-74.2056,4.269],[-74.2052,4.27],[-74.2005,4.2697],[-74.198,4.2733],[-74.1992,4.2747],[-74.199,4.2755],[-74.1896,4.2795],[-74.1905,4.281],[-74.1906,4.2826],[-74.1899,4.2832],[-74.1913,4.287],[-74.1927,4.2898],[-74.1941,4.2889],[-74.1963,4.2942],[-74.1962,4.3001],[-74.194,4.3021],[-74.1936,4.3042],[-74.1943,4.3102],[-74.1953,4.3119],[-74.1939,4.313],[-74.1976,4.3167],[-74.1984,4.3202],[-74.1967,4.3243],[-74.1895,4.33],[-74.1865,4.3333],[-74.1873,4.3352],[-74.1877,4.3392],[-74.1858,4.3436],[-74.188,4.3451],[-74.1894,4.349],[-74.1896,4.3501],[-74.1887,4.3514],[-74.189,4.3537],[-74.1877,4.3563],[-74.1898,4.3587],[-74.1916,4.3596],[-74.1906,4.3618],[-74.191,4.3634],[-74.1922,4.3637],[-74.1938,4.3626],[-74.1991,4.3641],[-74.2032,4.3613],[-74.2072,4.3612],[-74.2095,4.3599],[-74.2116,4.3608],[-74.2201,4.3606],[-74.2201,4.3572],[-74.2191,4.3552],[-74.2215,4.3523],[-74.2209,4.3499],[-74.2212,4.3487],[-74.2202,4.3465],[-74.2214,4.3439],[-74.2201,4.3421],[-74.2207,4.3386],[-74.2193,4.3354],[-74.2206,4.3295],[-74.2193,4.3281],[-74.2198,4.3265],[-74.2181,4.3231],[-74.2182,4.3199],[-74.2164,4.317],[-74.2169,4.3146],[-74.2163,4.3121]]]}},{"type":"Feature","properties":{"b":"Arborizadora Alta","loc":"Ciudad Bolívar","upz":"Jerusalén","uso":"Residencial","d":-3.8,"c":63.3,"a":21.2,"w":"C","cod":"002569","estrato":1,"estrato_mean":1.0,"np":1,"p2":78.9,"g22":11.8,"src":"2026","abs":38.9},"geometry":{"type":"Polygon","coordinates":[[[-74.1653,4.5675],[-74.1663,4.5672],[-74.1663,4.5663],[-74.1676,4.5666],[-74.1689,4.5657],[-74.1692,4.5663],[-74.1709,4.566],[-74.1661,4.5578],[-74.1628,4.5592],[-74.1632,4.562],[-74.1639,4.5619],[-74.164,4.5626],[-74.1647,4.5618],[-74.1651,4.5622],[-74.1646,4.5654],[-74.1654,4.5664],[-74.1653,4.5675]]]}},{"type":"Feature","properties":{"b":"Villa Amalia","loc":"Engativá","upz":"Garcés Navas","uso":"Residencial","d":-6.3,"c":39.8,"a":39.0,"w":"C","cod":"005648","estrato":2,"estrato_mean":2.44,"np":3,"p2":57.9,"g22":12.3,"src":"2026","abs":27.1},"geometry":{"type":"Polygon","coordinates":[[[-74.1242,4.7118],[-74.1255,4.713],[-74.1286,4.7105],[-74.1277,4.7108],[-74.1224,4.7083],[-74.1242,4.7046],[-74.1226,4.7041],[-74.1201,4.7083],[-74.1242,4.7118]]]}},{"type":"Feature","properties":{"b":"La Hortúa","loc":"Antonio Nariño","upz":"Ciudad Jardín","uso":"Residencial","d":-8.5,"c":50.6,"a":33.9,"w":"C","cod":"001208","estrato":3,"estrato_mean":3.0,"np":1,"p2":69.0,"g22":9.9,"src":"2026","abs":55.8},"geometry":{"type":"Polygon","coordinates":[[[-74.0849,4.5893],[-74.0889,4.5919],[-74.0906,4.5904],[-74.0862,4.5869],[-74.0849,4.5893]]]}},{"type":"Feature","properties":{"b":"Charco Rural","loc":"Fontibón","upz":"Fontibón San Pablo","uso":"Residencial","d":-1.0,"c":52.5,"a":31.6,"w":"C","cod":"105402","estrato":3,"estrato_mean":3.0,"np":1,"p2":66.2,"g22":12.7,"src":"2026","abs":39.5},"geometry":{"type":"Polygon","coordinates":[[[-74.1622,4.703],[-74.1653,4.7053],[-74.1679,4.7044],[-74.1715,4.7045],[-74.1769,4.7026],[-74.1766,4.7019],[-74.1743,4.7008],[-74.1694,4.7013],[-74.1692,4.6992],[-74.1649,4.6968],[-74.1617,4.7013],[-74.1612,4.7005],[-74.1601,4.7014],[-74.1622,4.703]]]}},{"type":"Feature","properties":{"b":"Los Laureles Ii","loc":"Ciudad Bolívar","upz":"San Francisco","uso":"Residencial","d":-6.7,"c":52.7,"a":29.9,"w":"C","cod":"002544","estrato":2,"estrato_mean":1.79,"np":1,"p2":72.1,"g22":12.6,"src":"2026","abs":39.9},"geometry":{"type":"Polygon","coordinates":[[[-74.1536,4.5741],[-74.154,4.5746],[-74.1552,4.5735],[-74.1535,4.5699],[-74.1527,4.5704],[-74.1519,4.5689],[-74.1512,4.5699],[-74.1522,4.5708],[-74.15,4.5693],[-74.149,4.5708],[-74.1536,4.5741]]]}},{"type":"Feature","properties":{"b":"Primavera Occidental","loc":"Puente Aranda","upz":"Ciudad Montes","uso":"Residencial","d":-7.6,"c":36.1,"a":43.6,"w":"A","cod":"004205","estrato":3,"estrato_mean":3.0,"np":2,"p2":54.9,"g22":11.2,"src":"2026","abs":33.5},"geometry":{"type":"Polygon","coordinates":[[[-74.1051,4.6138],[-74.1046,4.6137],[-74.1058,4.6184],[-74.1144,4.6149],[-74.1111,4.6123],[-74.1094,4.612],[-74.1069,4.6128],[-74.1078,4.6136],[-74.1064,4.6148],[-74.1051,4.6138]]]}},{"type":"Feature","properties":{"b":"Lisboa","loc":"Usaquén","upz":"Los Cedros","uso":"Residencial","d":-4.7,"c":12.2,"a":62.4,"w":"A","cod":"008513","estrato":5,"estrato_mean":5.0,"np":1,"p2":25.6,"g22":8.7,"src":"2026","abs":23.2},"geometry":{"type":"Polygon","coordinates":[[[-74.0343,4.7165],[-74.0418,4.7194],[-74.0434,4.7164],[-74.0291,4.7116],[-74.0288,4.7148],[-74.0343,4.7165]]]}},{"type":"Feature","properties":{"b":"Salitre Suba","loc":"Suba","upz":"Suba","uso":"Residencial","d":-10.3,"c":41.4,"a":38.2,"w":"C","cod":"009226","estrato":2,"estrato_mean":2.04,"np":1,"p2":60.8,"g22":9.1,"src":"2026","abs":16.3},"geometry":{"type":"Polygon","coordinates":[[[-74.0797,4.7577],[-74.0805,4.7584],[-74.0818,4.7576],[-74.0847,4.7579],[-74.0868,4.7534],[-74.0854,4.7541],[-74.0815,4.7522],[-74.0791,4.7572],[-74.0797,4.7577]]]}},{"type":"Feature","properties":{"b":"Quiba Bajo Urbano","loc":"Ciudad Bolívar","upz":"Lucero","uso":"Residencial","d":-4.5,"c":52.5,"a":30.2,"w":"C","cod":"234110","estrato":1,"estrato_mean":1.0,"np":1,"p2":75.3,"g22":18.3,"src":"2026","abs":50.6},"geometry":{"type":"Polygon","coordinates":[[[-74.1664,4.5279],[-74.1647,4.5296],[-74.1654,4.5307],[-74.1675,4.5307],[-74.1685,4.5288],[-74.1731,4.5276],[-74.1716,4.5246],[-74.1677,4.5262],[-74.1674,4.5257],[-74.1664,4.5279]]]}},{"type":"Feature","properties":{"b":"Ingemar","loc":"Chapinero","upz":"Pardo Rubio","uso":"Residencial","d":-10.9,"c":36.1,"a":28.8,"w":"C","cod":"008215","estrato":5,"estrato_mean":4.07,"np":1,"p2":62.2,"g22":15.2,"src":"2026","abs":20.8},"geometry":{"type":"Polygon","coordinates":[[[-74.0556,4.6418],[-74.0568,4.6429],[-74.0586,4.6426],[-74.0597,4.6374],[-74.0586,4.6369],[-74.0579,4.6372],[-74.0574,4.6393],[-74.0577,4.6406],[-74.0564,4.6418],[-74.0549,4.6399],[-74.0556,4.6418]]]}},{"type":"Feature","properties":{"b":"El Satélite","loc":"Ciudad Bolívar","upz":"San Francisco","uso":"Residencial","d":-6.5,"c":61.1,"a":24.6,"w":"C","cod":"002545","estrato":2,"estrato_mean":2.0,"np":1,"p2":78.8,"g22":11.2,"src":"2026","abs":30.4},"geometry":{"type":"Polygon","coordinates":[[[-74.1477,4.5698],[-74.149,4.5708],[-74.1501,4.5692],[-74.1483,4.568],[-74.1482,4.5662],[-74.1472,4.5672],[-74.1467,4.5668],[-74.1447,4.5678],[-74.1477,4.5698]]]}},{"type":"Feature","properties":{"b":"Provivienda Occidental","loc":"Kennedy","upz":"Patio Bonito","uso":"Residencial","d":-6.8,"c":48.4,"a":34.2,"w":"C","cod":"004613","estrato":2,"estrato_mean":2.0,"np":1,"p2":67.6,"g22":12.3,"src":"2026","abs":40.9},"geometry":{"type":"Polygon","coordinates":[[[-74.1703,4.6377],[-74.1667,4.6313],[-74.1648,4.6329],[-74.1686,4.6385],[-74.1677,4.6392],[-74.1683,4.64],[-74.1708,4.6387],[-74.1703,4.6377]]]}},{"type":"Feature","properties":{"b":"Santa Bárbara","loc":"Candelaria","upz":"La Candelaria","uso":"Residencial","d":-4.6,"c":56.5,"a":25.8,"w":"C","cod":"003203","estrato":2,"estrato_mean":2.1,"np":2,"p2":72.7,"g22":11.5,"src":"2026","abs":46.1},"geometry":{"type":"Polygon","coordinates":[[[-74.0753,4.5897],[-74.0746,4.5899],[-74.0734,4.5933],[-74.0745,4.594],[-74.0763,4.5945],[-74.077,4.5931],[-74.0781,4.5933],[-74.079,4.5938],[-74.0784,4.5948],[-74.0795,4.5954],[-74.0801,4.5945],[-74.081,4.595],[-74.0827,4.5923],[-74.0769,4.5892],[-74.0765,4.59],[-74.0753,4.5897]]]}},{"type":"Feature","properties":{"b":"Bella Flor Sur Rural","loc":"Ciudad Bolívar","upz":"Lucero","uso":"Residencial","d":-4.8,"c":65.8,"a":19.3,"w":"C","cod":"104134","estrato":1,"estrato_mean":1.0,"np":1,"p2":82.9,"g22":12.2,"src":"2026","abs":49.9},"geometry":{"type":"Polygon","coordinates":[[[-74.1554,4.539],[-74.1567,4.5388],[-74.1583,4.5404],[-74.1565,4.5432],[-74.1568,4.5441],[-74.1557,4.5447],[-74.1561,4.5461],[-74.157,4.5454],[-74.1581,4.5465],[-74.1585,4.5455],[-74.1581,4.5437],[-74.1589,4.5432],[-74.1614,4.5435],[-74.1622,4.5424],[-74.1594,4.5421],[-74.1604,4.5398],[-74.1598,4.539],[-74.158,4.539],[-74.1575,4.538],[-74.1554,4.539]]]}},{"type":"Feature","properties":{"b":"Tibabuyes Ii Rural","loc":"Suba","upz":"Tibabuyes","uso":"Residencial","d":-5.9,"c":49.9,"a":33.8,"w":"C","cod":"107906","estrato":2,"estrato_mean":2.0,"np":1,"p2":63.0,"g22":12.6,"src":"2026","abs":21.5},"geometry":{"type":"Polygon","coordinates":[[[-74.1158,4.762],[-74.1192,4.7617],[-74.1207,4.7608],[-74.1212,4.7596],[-74.12,4.7543],[-74.1232,4.7538],[-74.1209,4.7532],[-74.1207,4.754],[-74.1192,4.7539],[-74.1198,4.7541],[-74.1209,4.7599],[-74.1181,4.7616],[-74.1173,4.7612],[-74.1164,4.7617],[-74.1143,4.7604],[-74.1158,4.762]]]}},{"type":"Feature","properties":{"b":"Sabana Grande Rural","loc":"Fontibón","upz":"Zona Franca","uso":"Industrial","d":-13.9,"c":43.4,"a":37.8,"w":"C","cod":"105342","estrato":3,"estrato_mean":3.0,"np":1,"p2":65.0,"g22":7.7,"src":"2026","abs":19.1},"geometry":{"type":"Polygon","coordinates":[[[-74.15,4.6637],[-74.1499,4.6642],[-74.1511,4.6647],[-74.1537,4.6643],[-74.1546,4.6648],[-74.1552,4.6634],[-74.1561,4.6634],[-74.1551,4.663],[-74.1546,4.6643],[-74.1536,4.6639],[-74.1513,4.6643],[-74.15,4.6637]]]}},{"type":"Feature","properties":{"b":"Osorio Xii Rural","loc":"Kennedy","upz":"Las Margaritas","uso":"Residencial","d":-3.9,"c":54.2,"a":29.5,"w":"C","cod":"105211","estrato":2,"estrato_mean":2.0,"np":1,"p2":68.5,"g22":10.4,"src":"2026","abs":17.3},"geometry":{"type":"Polygon","coordinates":[[[-74.1816,4.6475],[-74.181,4.6481],[-74.1818,4.6494],[-74.1829,4.648],[-74.1853,4.6466],[-74.185,4.6457],[-74.1816,4.6475]]]}},{"type":"Feature","properties":{"b":"Tunjuelito","loc":"Tunjuelito","upz":"Tunjuelito","uso":"Residencial","d":-4.9,"c":55.9,"a":28.3,"w":"C","cod":"002508","estrato":2,"estrato_mean":2.0,"np":2,"p2":73.5,"g22":11.4,"src":"2026","abs":46.5},"geometry":{"type":"Polygon","coordinates":[[[-74.1304,4.5622],[-74.1328,4.5601],[-74.1311,4.5589],[-74.1274,4.5586],[-74.1242,4.5608],[-74.1265,4.5662],[-74.1304,4.5622]]]}},{"type":"Feature","properties":{"b":"Versalles Fontibón","loc":"Fontibón","upz":"Fontibón","uso":"Residencial","d":-5.0,"c":50.7,"a":31.1,"w":"C","cod":"006401","estrato":3,"estrato_mean":3.0,"np":3,"p2":66.4,"g22":12.4,"src":"2026","abs":32.0},"geometry":{"type":"Polygon","coordinates":[[[-74.1412,4.687],[-74.144,4.6891],[-74.1466,4.6868],[-74.1482,4.6886],[-74.1506,4.6866],[-74.1452,4.681],[-74.1398,4.686],[-74.1412,4.687]]]}},{"type":"Feature","properties":{"b":"El Destino","loc":"Usme","upz":"Ciudad Usme","uso":"Residencial","d":-0.4,"c":59.8,"a":25.8,"w":"C","cod":"232808","estrato":1,"estrato_mean":1.0,"np":1,"p2":76.3,"g22":16.2,"src":"2026","abs":67.4},"geometry":{"type":"Polygon","coordinates":[[[-74.1377,4.4093],[-74.1382,4.4097],[-74.1385,4.4093],[-74.1388,4.4081],[-74.1374,4.4075],[-74.1382,4.408],[-74.1382,4.4093],[-74.1377,4.4093]]]}},{"type":"Feature","properties":{"b":"San Pedro","loc":"Suba","upz":"Tibabuyes","uso":"Residencial","d":-0.2,"c":59.3,"a":29.0,"w":"C","cod":"009253","estrato":2,"estrato_mean":2.0,"np":1,"p2":72.1,"g22":12.6,"src":"2026","abs":35.3},"geometry":{"type":"Polygon","coordinates":[[[-74.1197,4.7469],[-74.1221,4.7478],[-74.1224,4.7469],[-74.1235,4.7469],[-74.1229,4.7445],[-74.1215,4.745],[-74.1213,4.7444],[-74.1183,4.7455],[-74.1156,4.745],[-74.1151,4.7458],[-74.1169,4.7462],[-74.1164,4.747],[-74.1197,4.7469]]]}},{"type":"Feature","properties":{"b":"Ciudad Londres I","loc":"San Cristóbal","upz":"Los Libertadores","uso":"Residencial","d":-5.3,"c":62.9,"a":20.3,"w":"C","cod":"001346","estrato":1,"estrato_mean":1.0,"np":1,"p2":81.6,"g22":13.4,"src":"2026","abs":42.6},"geometry":{"type":"Polygon","coordinates":[[[-74.0847,4.5191],[-74.0876,4.5208],[-74.0904,4.5197],[-74.0848,4.5184],[-74.0843,4.5187],[-74.0847,4.5191]]]}},{"type":"Feature","properties":{"b":"El Minuto De Dios","loc":"Engativá","upz":"Minuto De Dios","uso":"Residencial","d":-6.7,"c":30.5,"a":45.1,"w":"A","cod":"005601","estrato":3,"estrato_mean":2.97,"np":1,"p2":47.5,"g22":10.3,"src":"2026","abs":28.6},"geometry":{"type":"Polygon","coordinates":[[[-74.088,4.7048],[-74.0894,4.7056],[-74.0924,4.7039],[-74.0918,4.6989],[-74.0931,4.6976],[-74.0892,4.6949],[-74.0886,4.6959],[-74.0856,4.6968],[-74.0884,4.6988],[-74.088,4.7048]]]}},{"type":"Feature","properties":{"b":"Primero De Mayo","loc":"San Cristóbal","upz":"Sosiego","uso":"Residencial","d":-7.3,"c":49.4,"a":30.6,"w":"C","cod":"001112","estrato":3,"estrato_mean":3.0,"np":2,"p2":67.5,"g22":11.0,"src":"2026","abs":32.3},"geometry":{"type":"Polygon","coordinates":[[[-74.0884,4.5705],[-74.089,4.572],[-74.0883,4.5726],[-74.0887,4.5742],[-74.09,4.5747],[-74.0916,4.5726],[-74.0884,4.5705]]]}},{"type":"Feature","properties":{"b":"Barrancas Norte","loc":"Usaquén","upz":"San Cristóbal Norte","uso":"Residencial","d":-7.2,"c":32.9,"a":43.1,"w":"A","cod":"008506","estrato":3,"estrato_mean":3.0,"np":1,"p2":51.7,"g22":11.6,"src":"2026","abs":22.4},"geometry":{"type":"Polygon","coordinates":[[[-74.024,4.7318],[-74.0241,4.7361],[-74.032,4.7382],[-74.0321,4.7344],[-74.024,4.7318]]]}},{"type":"Feature","properties":{"b":"Brisas Aldea Fontibón","loc":"Fontibón","upz":"Fontibón San Pablo","uso":"Residencial","d":-6.5,"c":51.2,"a":28.9,"w":"C","cod":"006414","estrato":2,"estrato_mean":2.0,"np":1,"p2":68.1,"g22":10.5,"src":"2026","abs":28.3},"geometry":{"type":"Polygon","coordinates":[[[-74.152,4.6901],[-74.1516,4.6908],[-74.1526,4.6925],[-74.1506,4.6937],[-74.1516,4.6949],[-74.1549,4.6974],[-74.1558,4.697],[-74.1578,4.6995],[-74.1596,4.6981],[-74.1603,4.6992],[-74.1588,4.7004],[-74.1601,4.7014],[-74.1612,4.7005],[-74.1617,4.7013],[-74.1649,4.6968],[-74.1559,4.6918],[-74.1506,4.6866],[-74.1492,4.6879],[-74.151,4.6908],[-74.152,4.6901]]]}},{"type":"Feature","properties":{"b":"El Refugio Zona Ii","loc":"Chapinero","upz":"El Refugio","uso":"Residencial","d":-1.4,"c":6.7,"a":56.8,"w":"A","cod":"008320","estrato":6,"estrato_mean":6.0,"np":1,"p2":14.3,"g22":6.2,"src":"2026","abs":24.9},"geometry":{"type":"Polygon","coordinates":[[[-74.0426,4.6669],[-74.0426,4.6671],[-74.0428,4.6674],[-74.0426,4.6669]]]}},{"type":"Feature","properties":{"b":"Puerta Al Llano I","loc":"Usme","upz":"Alfonso López","uso":"Residencial","d":-3.7,"c":69.4,"a":17.8,"w":"C","cod":"002645","estrato":1,"estrato_mean":1.0,"np":1,"p2":83.9,"g22":10.8,"src":"2026","abs":34.5},"geometry":{"type":"Polygon","coordinates":[[[-74.1101,4.4927],[-74.1099,4.4922],[-74.1085,4.4937],[-74.1101,4.4927]]]}},{"type":"Feature","properties":{"b":"El Chircal Sur","loc":"Ciudad Bolívar","upz":"Arborizadora","uso":"Residencial","d":-8.0,"c":49.6,"a":30.9,"w":"C","cod":"002435","estrato":2,"estrato_mean":2.0,"np":1,"p2":69.7,"g22":12.1,"src":"2026","abs":22.8},"geometry":{"type":"Polygon","coordinates":[[[-74.1424,4.5718],[-74.1432,4.5729],[-74.1429,4.5741],[-74.1447,4.5729],[-74.1478,4.5725],[-74.1477,4.5698],[-74.1426,4.5665],[-74.1432,4.5681],[-74.1418,4.5715],[-74.1424,4.5718]]]}},{"type":"Feature","properties":{"b":"Vereda Suba Naranjos","loc":"Suba","upz":"Niza","uso":"Residencial","d":0.5,"c":56.2,"a":27.6,"w":"C","cod":"009249","estrato":6,"estrato_mean":5.54,"np":1,"p2":68.4,"g22":12.7,"src":"2026","abs":24.0},"geometry":{"type":"Polygon","coordinates":[[[-74.078,4.722],[-74.076,4.7245],[-74.077,4.7246],[-74.0769,4.7281],[-74.0763,4.7288],[-74.077,4.729],[-74.077,4.7295],[-74.0759,4.7295],[-74.0756,4.7308],[-74.0779,4.7323],[-74.0783,4.7337],[-74.0803,4.7331],[-74.081,4.7338],[-74.0817,4.7323],[-74.0829,4.7327],[-74.0824,4.7311],[-74.0827,4.7274],[-74.0832,4.7276],[-74.0833,4.7267],[-74.0822,4.7265],[-74.0825,4.7249],[-74.0836,4.7252],[-74.0838,4.7238],[-74.0825,4.723],[-74.0828,4.7208],[-74.0846,4.7199],[-74.0853,4.7186],[-74.0878,4.719],[-74.0882,4.7177],[-74.0831,4.7169],[-74.0796,4.7198],[-74.0798,4.7225],[-74.0784,4.7212],[-74.078,4.722]]]}},{"type":"Feature","properties":{"b":"San Antonio Del Mirador","loc":"Ciudad Bolívar","upz":"Ismael Perdomo","uso":"Residencial","d":0.1,"c":65.6,"a":20.3,"w":"C","cod":"002451","estrato":1,"estrato_mean":1.0,"np":1,"p2":80.1,"g22":14.6,"src":"2026","abs":41.9},"geometry":{"type":"Polygon","coordinates":[[[-74.1713,4.5824],[-74.1753,4.5812],[-74.1744,4.5789],[-74.1715,4.5801],[-74.1713,4.5824]]]}},{"type":"Feature","properties":{"b":"Modelia Occidental","loc":"Fontibón","upz":"Modelia","uso":"Residencial","d":-5.1,"c":28.5,"a":49.1,"w":"A","cod":"006312","estrato":4,"estrato_mean":3.99,"np":2,"p2":46.9,"g22":12.9,"src":"2026","abs":20.1},"geometry":{"type":"Polygon","coordinates":[[[-74.1241,4.6706],[-74.1253,4.672],[-74.1305,4.666],[-74.1261,4.6615],[-74.1237,4.6636],[-74.1232,4.6631],[-74.1198,4.6661],[-74.1241,4.6706]]]}},{"type":"Feature","properties":{"b":"El Paraíso Bosa","loc":"Kennedy","upz":"Patio Bonito","uso":"Residencial","d":-4.8,"c":54.9,"a":30.6,"w":"C","cod":"004541","estrato":2,"estrato_mean":2.0,"np":1,"p2":70.6,"g22":10.9,"src":"2026","abs":26.9},"geometry":{"type":"Polygon","coordinates":[[[-74.1704,4.6445],[-74.1712,4.644],[-74.1665,4.6376],[-74.1658,4.6382],[-74.1704,4.6445]]]}},{"type":"Feature","properties":{"b":"San Pablo Jericó","loc":"Fontibón","upz":"Fontibón San Pablo","uso":"Residencial","d":-4.8,"c":49.2,"a":31.3,"w":"C","cod":"006413","estrato":3,"estrato_mean":2.89,"np":2,"p2":65.7,"g22":12.6,"src":"2026","abs":33.5},"geometry":{"type":"Polygon","coordinates":[[[-74.1632,4.6897],[-74.1586,4.6859],[-74.1566,4.6829],[-74.1506,4.6866],[-74.1557,4.6917],[-74.1601,4.6941],[-74.1616,4.693],[-74.1613,4.6924],[-74.1637,4.69],[-74.1632,4.6897]]]}},{"type":"Feature","properties":{"b":"Fátima","loc":"Tunjuelito","upz":"Venecia","uso":"Residencial","d":-6.8,"c":46.9,"a":34.6,"w":"C","cod":"002408","estrato":2,"estrato_mean":2.0,"np":2,"p2":65.9,"g22":12.1,"src":"2026","abs":35.4},"geometry":{"type":"Polygon","coordinates":[[[-74.1345,4.5868],[-74.1365,4.5907],[-74.1425,4.5876],[-74.1417,4.5855],[-74.1404,4.586],[-74.1384,4.5838],[-74.1371,4.5848],[-74.1337,4.5854],[-74.1345,4.5868]]]}},{"type":"Feature","properties":{"b":"Quiba Rural","loc":"Ciudad Bolívar","upz":"El Tesoro","uso":"Residencial","d":-6.1,"c":61.9,"a":23.0,"w":"C","cod":"204128","estrato":1,"estrato_mean":1.0,"np":1,"p2":79.1,"g22":11.1,"src":"2026","abs":48.3},"geometry":{"type":"Polygon","coordinates":[[[-74.141,4.5344],[-74.1415,4.5347],[-74.1418,4.5338],[-74.144,4.5342],[-74.1446,4.5324],[-74.1419,4.5332],[-74.141,4.5344]]]}},{"type":"Feature","properties":{"b":"El Cedro I","loc":"Engativá","upz":"Engativá","uso":"Residencial","d":-4.7,"c":53.5,"a":28.8,"w":"C","cod":"206154","estrato":3,"estrato_mean":3.0,"np":1,"p2":70.4,"g22":12.3,"src":"2026","abs":34.4},"geometry":{"type":"Polygon","coordinates":[[[-74.1468,4.7236],[-74.1489,4.7257],[-74.1511,4.7227],[-74.1556,4.7233],[-74.1513,4.7225],[-74.1513,4.7221],[-74.1554,4.7225],[-74.1557,4.7206],[-74.1517,4.7199],[-74.1496,4.7205],[-74.1468,4.7236]]]}},{"type":"Feature","properties":{"b":"Garcés Navas","loc":"Engativá","upz":"Garcés Navas","uso":"Residencial","d":-5.6,"c":43.7,"a":34.9,"w":"C","cod":"005627","estrato":3,"estrato_mean":3.0,"np":2,"p2":61.9,"g22":12.6,"src":"2026","abs":30.0},"geometry":{"type":"Polygon","coordinates":[[[-74.1168,4.7155],[-74.1177,4.7168],[-74.1242,4.7118],[-74.1211,4.7089],[-74.1176,4.7128],[-74.1182,4.7137],[-74.1175,4.7129],[-74.1181,4.7136],[-74.1168,4.7155]]]}},{"type":"Feature","properties":{"b":"La Esperanza Sur","loc":"Usme","upz":"Gran Yomasa","uso":"Residencial","d":-5.2,"c":55.8,"a":26.9,"w":"C","cod":"002607","estrato":2,"estrato_mean":1.57,"np":1,"p2":72.9,"g22":11.8,"src":"2026","abs":37.0},"geometry":{"type":"Polygon","coordinates":[[[-74.1018,4.5086],[-74.103,4.5092],[-74.1057,4.5087],[-74.1055,4.5067],[-74.1035,4.5053],[-74.1001,4.507],[-74.1001,4.5054],[-74.0977,4.5066],[-74.0982,4.508],[-74.1004,4.5088],[-74.1018,4.5086]]]}},{"type":"Feature","properties":{"b":"Las Lomas","loc":"San Cristóbal","upz":"20 De Julio","uso":"Residencial","d":-5.7,"c":53.9,"a":29.5,"w":"C","cod":"001409","estrato":2,"estrato_mean":2.04,"np":1,"p2":68.7,"g22":12.2,"src":"2026","abs":27.3},"geometry":{"type":"Polygon","coordinates":[[[-74.1,4.5639],[-74.1018,4.5665],[-74.1056,4.5627],[-74.1034,4.5597],[-74.1022,4.5607],[-74.1006,4.5601],[-74.1011,4.5608],[-74.1,4.5639]]]}},{"type":"Feature","properties":{"b":"La Unión","loc":"Usme","upz":"Ciudad Usme","uso":"Residencial","d":-12.0,"c":64.6,"a":22.3,"w":"C","cod":"102115","estrato":1,"estrato_mean":1.0,"np":1,"p2":87.9,"g22":11.3,"src":"2026","abs":80.0},"geometry":{"type":"Polygon","coordinates":[[[-74.1811,4.3633],[-74.1861,4.3633],[-74.1871,4.357],[-74.189,4.3535],[-74.1888,4.351],[-74.1896,4.3501],[-74.189,4.3475],[-74.188,4.3451],[-74.1858,4.3436],[-74.1877,4.3392],[-74.1873,4.3352],[-74.1865,4.3333],[-74.1895,4.33],[-74.1967,4.3243],[-74.1984,4.3203],[-74.1976,4.3167],[-74.1939,4.313],[-74.1953,4.3119],[-74.1943,4.3102],[-74.1936,4.3042],[-74.194,4.3021],[-74.1962,4.3001],[-74.1963,4.2942],[-74.1941,4.2889],[-74.1927,4.2898],[-74.1908,4.2858],[-74.1758,4.2817],[-74.1732,4.2819],[-74.1668,4.2859],[-74.1661,4.2874],[-74.1631,4.2888],[-74.1611,4.2889],[-74.16,4.2875],[-74.159,4.2888],[-74.1561,4.2869],[-74.153,4.2903],[-74.1514,4.2939],[-74.149,4.2965],[-74.1489,4.299],[-74.1497,4.3021],[-74.1517,4.3037],[-74.1561,4.31],[-74.1574,4.3143],[-74.1625,4.3175],[-74.1674,4.3187],[-74.1681,4.32],[-74.1701,4.3202],[-74.1712,4.3196],[-74.1735,4.3203],[-74.1748,4.321],[-74.1748,4.3221],[-74.1756,4.3227],[-74.1754,4.3257],[-74.1762,4.3271],[-74.175,4.3314],[-74.1759,4.3324],[-74.1754,4.3349],[-74.1763,4.3367],[-74.1762,4.3392],[-74.1756,4.3404],[-74.1784,4.3463],[-74.1782,4.3473],[-74.1762,4.3496],[-74.1768,4.3513],[-74.1783,4.3497],[-74.1786,4.3517],[-74.1782,4.3535],[-74.1756,4.3542],[-74.1767,4.356],[-74.1763,4.357],[-74.1798,4.3576],[-74.1814,4.3618],[-74.1811,4.3633]]]}},{"type":"Feature","properties":{"b":"Lucero Alto","loc":"Ciudad Bolívar","upz":"Lucero","uso":"Residencial","d":-1.8,"c":57.8,"a":25.4,"w":"C","cod":"002521","estrato":1,"estrato_mean":1.09,"np":1,"p2":75.0,"g22":15.4,"src":"2026","abs":43.2},"geometry":{"type":"Polygon","coordinates":[[[-74.1388,4.5591],[-74.1388,4.561],[-74.1398,4.5618],[-74.1429,4.559],[-74.1411,4.556],[-74.1405,4.5561],[-74.1399,4.554],[-74.1377,4.5554],[-74.1388,4.5591]]]}},{"type":"Feature","properties":{"b":"San José Sur Oriental","loc":"San Cristóbal","upz":"La Gloria","uso":"Residencial","d":-5.0,"c":59.9,"a":24.0,"w":"C","cod":"001314","estrato":2,"estrato_mean":2.0,"np":1,"p2":78.4,"g22":13.5,"src":"2026","abs":35.4},"geometry":{"type":"Polygon","coordinates":[[[-74.0901,4.5485],[-74.0926,4.5494],[-74.0904,4.547],[-74.0836,4.5455],[-74.0835,4.547],[-74.0848,4.5489],[-74.086,4.549],[-74.0867,4.5472],[-74.0901,4.5485]]]}},{"type":"Feature","properties":{"b":"Arrayanes V","loc":"Usme","upz":"Danubio","uso":"Residencial","d":-9.4,"c":66.0,"a":21.0,"w":"C","cod":"002625","estrato":1,"estrato_mean":1.0,"np":1,"p2":84.5,"g22":9.1,"src":"2026","abs":36.7},"geometry":{"type":"Polygon","coordinates":[[[-74.098,4.5391],[-74.0989,4.5411],[-74.1003,4.5423],[-74.1007,4.542],[-74.0969,4.5354],[-74.0959,4.5319],[-74.0981,4.5323],[-74.0996,4.535],[-74.1022,4.5364],[-74.104,4.5396],[-74.1062,4.5409],[-74.1071,4.5394],[-74.1081,4.5394],[-74.1089,4.5346],[-74.1101,4.535],[-74.1103,4.5345],[-74.1051,4.5329],[-74.1016,4.5288],[-74.1011,4.5294],[-74.1001,4.5287],[-74.099,4.5292],[-74.0983,4.528],[-74.0977,4.5281],[-74.0979,4.5288],[-74.0954,4.5299],[-74.0946,4.5315],[-74.0958,4.5383],[-74.097,4.5401],[-74.098,4.5391]]]}},{"type":"Feature","properties":{"b":"Franco","loc":"Fontibón","upz":"Granjas De Techo","uso":"Industrial","d":-9.2,"c":27.9,"a":48.0,"w":"A","cod":"006308","estrato":3,"estrato_mean":3.0,"np":1,"p2":48.7,"g22":11.6,"src":"2026","abs":14.0},"geometry":{"type":"Polygon","coordinates":[[[-74.1182,4.6537],[-74.1204,4.6561],[-74.1267,4.6492],[-74.1247,4.6466],[-74.124,4.6439],[-74.1193,4.6496],[-74.1177,4.6483],[-74.116,4.6504],[-74.1144,4.6497],[-74.1182,4.6537]]]}},{"type":"Feature","properties":{"b":"Casablanca Suba Urbano Ii","loc":"Suba","upz":"La Academia","uso":"Residencial","d":-3.7,"c":14.5,"a":63.6,"w":"A","cod":"009139","estrato":6,"estrato_mean":6.0,"np":1,"p2":26.8,"g22":8.6,"src":"2026","abs":32.3},"geometry":{"type":"Polygon","coordinates":[[[-74.0582,4.792],[-74.0581,4.7947],[-74.0598,4.7948],[-74.0603,4.7922],[-74.0582,4.792]]]}},{"type":"Feature","properties":{"b":"Los Laureles Sur Oriental I","loc":"San Cristóbal","upz":"San Blas","uso":"Residencial","d":-2.8,"c":67.5,"a":16.6,"w":"C","cod":"001118","estrato":2,"estrato_mean":2.0,"np":1,"p2":82.0,"g22":11.7,"src":"2026","abs":42.6},"geometry":{"type":"Polygon","coordinates":[[[-74.0688,4.5662],[-74.0678,4.5643],[-74.0665,4.5658],[-74.0677,4.5681],[-74.0685,4.5676],[-74.0688,4.5662]]]}},{"type":"Feature","properties":{"b":"El Real","loc":"Engativá","upz":"Santa Cecilia","uso":"Residencial","d":-6.0,"c":35.7,"a":41.6,"w":"A","cod":"005604","estrato":3,"estrato_mean":3.0,"np":2,"p2":52.7,"g22":11.5,"src":"2026","abs":28.7},"geometry":{"type":"Polygon","coordinates":[[[-74.1057,4.6815],[-74.1016,4.6781],[-74.0994,4.6811],[-74.1036,4.6846],[-74.1055,4.683],[-74.1049,4.6825],[-74.1057,4.6815]]]}},{"type":"Feature","properties":{"b":"Colseguros","loc":"Los Mártires","upz":"La Sabana","uso":"Comercial","d":-5.5,"c":33.4,"a":40.1,"w":"A","cod":"006109","estrato":3,"estrato_mean":3.0,"np":1,"p2":49.6,"g22":10.7,"src":"2026","abs":40.3},"geometry":{"type":"Polygon","coordinates":[[[-74.0852,4.6194],[-74.0839,4.6215],[-74.085,4.6225],[-74.0865,4.6206],[-74.0852,4.6194]]]}},{"type":"Feature","properties":{"b":"Cedro Salazar","loc":"Usaquén","upz":"Los Cedros","uso":"Residencial","d":-3.9,"c":18.5,"a":55.6,"w":"A","cod":"008508","estrato":4,"estrato_mean":4.0,"np":1,"p2":31.4,"g22":9.0,"src":"2026","abs":29.1},"geometry":{"type":"Polygon","coordinates":[[[-74.0261,4.7227],[-74.0246,4.7276],[-74.0321,4.7311],[-74.0323,4.7254],[-74.0261,4.7227]]]}},{"type":"Feature","properties":{"b":"La Victoria","loc":"San Cristóbal","upz":"La Gloria","uso":"Residencial","d":-4.8,"c":64.5,"a":18.0,"w":"C","cod":"001310","estrato":2,"estrato_mean":2.0,"np":1,"p2":79.5,"g22":7.2,"src":"2026","abs":39.5},"geometry":{"type":"Polygon","coordinates":[[[-74.0932,4.5553],[-74.0938,4.5522],[-74.0948,4.5521],[-74.0956,4.5493],[-74.0937,4.5497],[-74.0906,4.5488],[-74.0892,4.5536],[-74.0919,4.5546],[-74.0919,4.5541],[-74.0932,4.5553]]]}},{"type":"Feature","properties":{"b":"La Gaitana","loc":"Suba","upz":"Tibabuyes","uso":"Residencial","d":-6.2,"c":47.7,"a":33.3,"w":"C","cod":"009216","estrato":2,"estrato_mean":2.0,"np":1,"p2":66.4,"g22":12.5,"src":"2026","abs":35.7},"geometry":{"type":"Polygon","coordinates":[[[-74.1122,4.7411],[-74.1111,4.7403],[-74.1081,4.7425],[-74.1091,4.7393],[-74.1081,4.7385],[-74.1073,4.7389],[-74.1076,4.7393],[-74.1066,4.7407],[-74.1071,4.7412],[-74.1068,4.7432],[-74.1073,4.7434],[-74.1066,4.7447],[-74.1083,4.7454],[-74.1131,4.7417],[-74.1122,4.7411]]]}},{"type":"Feature","properties":{"b":"Los Laches","loc":"Santa Fe","upz":"Lourdes","uso":"Residencial","d":-5.1,"c":71.5,"a":12.5,"w":"C","cod":"003207","estrato":2,"estrato_mean":2.0,"np":1,"p2":83.0,"g22":12.6,"src":"2026","abs":63.7},"geometry":{"type":"Polygon","coordinates":[[[-74.0685,4.5893],[-74.0705,4.5869],[-74.0703,4.5859],[-74.0672,4.5824],[-74.0656,4.5835],[-74.0668,4.5859],[-74.0667,4.5877],[-74.0677,4.5879],[-74.0685,4.5893]]]}},{"type":"Feature","properties":{"b":"El Bosque Central I","loc":"Usme","upz":"Gran Yomasa","uso":"Residencial","d":-5.2,"c":55.8,"a":26.9,"w":"C","cod":"002608","estrato":1,"estrato_mean":1.0,"np":1,"p2":72.9,"g22":11.8,"src":"2026","abs":37.0},"geometry":{"type":"Polygon","coordinates":[[[-74.0985,4.5061],[-74.1001,4.5054],[-74.1001,4.504],[-74.0976,4.5049],[-74.0983,4.5058],[-74.0977,4.5066],[-74.0985,4.5061]]]}},{"type":"Feature","properties":{"b":"Bonanza","loc":"Engativá","upz":"Las Ferias","uso":"Residencial","d":-7.3,"c":33.3,"a":42.7,"w":"A","cod":"005406","estrato":3,"estrato_mean":3.0,"np":1,"p2":51.2,"g22":10.7,"src":"2026","abs":25.8},"geometry":{"type":"Polygon","coordinates":[[[-74.095,4.6873],[-74.0915,4.684],[-74.0857,4.6921],[-74.0888,4.6952],[-74.0896,4.6952],[-74.0907,4.6943],[-74.095,4.6873]]]}},{"type":"Feature","properties":{"b":"Toscana","loc":"Suba","upz":"Tibabuyes","uso":"Residencial","d":-4.6,"c":53.3,"a":29.4,"w":"C","cod":"009229","estrato":2,"estrato_mean":2.0,"np":3,"p2":68.3,"g22":11.9,"src":"2026","abs":31.6},"geometry":{"type":"Polygon","coordinates":[[[-74.114,4.7456],[-74.1151,4.7459],[-74.1156,4.745],[-74.1165,4.7453],[-74.1168,4.7446],[-74.116,4.7439],[-74.1168,4.7427],[-74.1141,4.7407],[-74.1095,4.7444],[-74.114,4.7456]]]}},{"type":"Feature","properties":{"b":"Baquero","loc":"Barrios Unidos","upz":"Los Alcázares","uso":"Residencial","d":-4.7,"c":29.6,"a":47.7,"w":"A","cod":"007306","estrato":3,"estrato_mean":3.0,"np":1,"p2":45.0,"g22":10.7,"src":"2026","abs":40.3},"geometry":{"type":"Polygon","coordinates":[[[-74.0676,4.6501],[-74.0671,4.6531],[-74.0698,4.6549],[-74.0705,4.6507],[-74.0676,4.6501]]]}},{"type":"Feature","properties":{"b":"El Toberín","loc":"Usaquén","upz":"Toberín","uso":"Industrial","d":-5.6,"c":25.4,"a":50.4,"w":"A","cod":"008501","estrato":3,"estrato_mean":2.87,"np":1,"p2":41.2,"g22":10.1,"src":"2026","abs":29.2},"geometry":{"type":"Polygon","coordinates":[[[-74.0396,4.7497],[-74.0467,4.7514],[-74.0474,4.7454],[-74.0365,4.7428],[-74.0376,4.7493],[-74.0396,4.7497]]]}},{"type":"Feature","properties":{"b":"Teusaquillo","loc":"Teusaquillo","upz":"Teusaquillo","uso":"Comercial","d":-6.9,"c":45.3,"a":33.5,"w":"C","cod":"007104","estrato":4,"estrato_mean":3.98,"np":1,"p2":62.4,"g22":10.1,"src":"2026","abs":42.7},"geometry":{"type":"Polygon","coordinates":[[[-74.076,4.6232],[-74.0747,4.619],[-74.0743,4.6203],[-74.0717,4.6209],[-74.0702,4.6204],[-74.069,4.6254],[-74.0732,4.6262],[-74.0737,4.6237],[-74.0761,4.624],[-74.076,4.6232]]]}},{"type":"Feature","properties":{"b":"La Cabaña","loc":"Usme","upz":"La Flora","uso":"Residencial","d":-2.1,"c":60.7,"a":21.9,"w":"C","cod":"001348","estrato":1,"estrato_mean":1.0,"np":1,"p2":76.8,"g22":14.0,"src":"2026","abs":36.1},"geometry":{"type":"Polygon","coordinates":[[[-74.0888,4.5148],[-74.0943,4.5138],[-74.0943,4.5119],[-74.0923,4.5122],[-74.092,4.5113],[-74.0884,4.5119],[-74.0888,4.5148]]]}},{"type":"Feature","properties":{"b":"París Gaitán","loc":"Engativá","upz":"Minuto De Dios","uso":"Residencial","d":-6.4,"c":34.9,"a":41.9,"w":"A","cod":"005612","estrato":3,"estrato_mean":3.0,"np":3,"p2":51.1,"g22":11.0,"src":"2026","abs":28.2},"geometry":{"type":"Polygon","coordinates":[[[-74.0924,4.706],[-74.0954,4.7092],[-74.1009,4.703],[-74.0978,4.7006],[-74.0956,4.7034],[-74.0923,4.7033],[-74.0924,4.706]]]}},{"type":"Feature","properties":{"b":"Parque Nacional Urbano","loc":"Candelaria","upz":"La Candelaria","uso":"Residencial","d":-7.0,"c":46.9,"a":29.5,"w":"C","cod":"008114","estrato":2,"estrato_mean":2.0,"np":1,"p2":66.9,"g22":13.0,"src":"2026","abs":46.3},"geometry":{"type":"Polygon","coordinates":[[[-74.0623,4.601],[-74.0639,4.6005],[-74.0635,4.5992],[-74.0622,4.6003],[-74.0623,4.601]]]}},{"type":"Feature","properties":{"b":"San Cayetano","loc":"Suba","upz":"El Rincón","uso":"Residencial","d":-4.3,"c":49.5,"a":32.2,"w":"C","cod":"009230","estrato":2,"estrato_mean":2.0,"np":1,"p2":66.0,"g22":12.2,"src":"2026","abs":36.7},"geometry":{"type":"Polygon","coordinates":[[[-74.0929,4.7295],[-74.0937,4.7298],[-74.0943,4.7288],[-74.0961,4.7298],[-74.098,4.7275],[-74.0992,4.7274],[-74.1004,4.7258],[-74.1001,4.724],[-74.0994,4.7247],[-74.1,4.7236],[-74.0982,4.7226],[-74.0954,4.7252],[-74.0947,4.7249],[-74.0928,4.7256],[-74.0945,4.727],[-74.0929,4.7295]]]}},{"type":"Feature","properties":{"b":"Bosques De San Jorge","loc":"Suba","upz":"Suba","uso":"Residencial","d":-3.5,"c":42.6,"a":37.9,"w":"C","cod":"009241","estrato":3,"estrato_mean":3.0,"np":1,"p2":58.0,"g22":11.9,"src":"2026","abs":41.1},"geometry":{"type":"Polygon","coordinates":[[[-74.0899,4.7494],[-74.0904,4.7482],[-74.0882,4.7475],[-74.0892,4.7456],[-74.0844,4.7441],[-74.0847,4.7461],[-74.0835,4.7485],[-74.0849,4.7488],[-74.0859,4.7475],[-74.0899,4.7494]]]}},{"type":"Feature","properties":{"b":"El Chanco Rural Iii","loc":"Fontibón","upz":"Zona Franca","uso":"Industrial","d":-6.8,"c":44.6,"a":34.8,"w":"C","cod":"105403","estrato":3,"estrato_mean":3.0,"np":1,"p2":63.4,"g22":12.0,"src":"2026","abs":28.9},"geometry":{"type":"Polygon","coordinates":[[[-74.171,4.6839],[-74.1738,4.6821],[-74.1749,4.6771],[-74.1714,4.6746],[-74.1714,4.6798],[-74.1711,4.6809],[-74.1695,4.682],[-74.171,4.6839]]]}},{"type":"Feature","properties":{"b":"El Cortijo","loc":"Engativá","upz":"Bolivia","uso":"Residencial","d":-7.6,"c":29.1,"a":45.5,"w":"A","cod":"005634","estrato":3,"estrato_mean":3.0,"np":1,"p2":48.1,"g22":11.4,"src":"2026","abs":24.2},"geometry":{"type":"Polygon","coordinates":[[[-74.1172,4.7346],[-74.1189,4.7331],[-74.1199,4.7309],[-74.1226,4.7291],[-74.1248,4.7261],[-74.121,4.7216],[-74.1125,4.729],[-74.1148,4.7309],[-74.1172,4.7346]]]}},{"type":"Feature","properties":{"b":"Girardot","loc":"Santa Fe","upz":"Lourdes","uso":"Residencial","d":-6.3,"c":64.4,"a":18.9,"w":"C","cod":"003211","estrato":2,"estrato_mean":1.97,"np":1,"p2":82.1,"g22":11.4,"src":"2026","abs":49.3},"geometry":{"type":"Polygon","coordinates":[[[-74.0769,4.586],[-74.0729,4.5843],[-74.0714,4.5866],[-74.0726,4.5875],[-74.0725,4.5869],[-74.0742,4.5865],[-74.0772,4.5887],[-74.0762,4.5878],[-74.0769,4.586]]]}},{"type":"Feature","properties":{"b":"Sierra Morena","loc":"Ciudad Bolívar","upz":"Ismael Perdomo","uso":"Residencial","d":0.7,"c":67.4,"a":21.1,"w":"C","cod":"002440","estrato":1,"estrato_mean":1.0,"np":1,"p2":78.1,"g22":11.4,"src":"2026","abs":44.2},"geometry":{"type":"Polygon","coordinates":[[[-74.1706,4.5801],[-74.1735,4.5794],[-74.1723,4.5786],[-74.1732,4.5774],[-74.1703,4.5754],[-74.1713,4.5743],[-74.1671,4.5728],[-74.1664,4.5738],[-74.1688,4.5766],[-74.1694,4.5784],[-74.1707,4.5789],[-74.1706,4.5801]]]}},{"type":"Feature","properties":{"b":"Villa Anita","loc":"Usme","upz":"Comuneros","uso":"Residencial","d":0.9,"c":68.5,"a":18.2,"w":"C","cod":"002619","estrato":1,"estrato_mean":1.0,"np":1,"p2":79.0,"g22":11.4,"src":"2026","abs":34.8},"geometry":{"type":"Polygon","coordinates":[[[-74.1191,4.4901],[-74.1191,4.491],[-74.1199,4.4915],[-74.1198,4.4907],[-74.1211,4.4885],[-74.1203,4.4873],[-74.1193,4.4878],[-74.1164,4.4875],[-74.1172,4.4893],[-74.1167,4.4908],[-74.1181,4.4912],[-74.1191,4.4901]]]}},{"type":"Feature","properties":{"b":"La Picota","loc":"Rafael Uribe Uribe","upz":"Marruecos","uso":"Residencial","d":-2.8,"c":58.0,"a":26.2,"w":"C","cod":"002511","estrato":1,"estrato_mean":1.33,"np":3,"p2":73.7,"g22":12.6,"src":"2026","abs":35.8},"geometry":{"type":"Polygon","coordinates":[[[-74.1181,4.5517],[-74.1185,4.5525],[-74.1206,4.5534],[-74.1214,4.5549],[-74.1209,4.5423],[-74.1195,4.5424],[-74.1189,4.5405],[-74.1174,4.542],[-74.1188,4.5428],[-74.1191,4.5442],[-74.1145,4.5432],[-74.114,4.545],[-74.1169,4.5444],[-74.1174,4.5454],[-74.1147,4.5462],[-74.1138,4.5471],[-74.1136,4.5466],[-74.113,4.5469],[-74.1134,4.548],[-74.1181,4.5517]]]}},{"type":"Feature","properties":{"b":"Doña Liliana","loc":"Usme","upz":"La Flora","uso":"Residencial","d":-2.1,"c":60.7,"a":21.9,"w":"C","cod":"001345","estrato":1,"estrato_mean":1.0,"np":1,"p2":76.8,"g22":14.0,"src":"2026","abs":36.1},"geometry":{"type":"Polygon","coordinates":[[[-74.0943,4.5117],[-74.0941,4.509],[-74.092,4.5091],[-74.0923,4.5122],[-74.0943,4.5117]]]}},{"type":"Feature","properties":{"b":"Betania","loc":"Bosa","upz":"Bosa Occidental","uso":"Residencial","d":-7.1,"c":57.2,"a":25.7,"w":"C","cod":"004628","estrato":2,"estrato_mean":2.0,"np":1,"p2":76.3,"g22":12.1,"src":"2026","abs":26.5},"geometry":{"type":"Polygon","coordinates":[[[-74.1773,4.6285],[-74.1777,4.6297],[-74.1814,4.6272],[-74.181,4.6267],[-74.1802,4.6273],[-74.1796,4.6265],[-74.1804,4.6259],[-74.1791,4.6244],[-74.177,4.626],[-74.1773,4.6285]]]}},{"type":"Feature","properties":{"b":"Remanso Sur","loc":"Puente Aranda","upz":"Ciudad Montes","uso":"Residencial","d":-10.0,"c":39.4,"a":40.8,"w":"A","cod":"004412","estrato":3,"estrato_mean":3.0,"np":2,"p2":60.1,"g22":11.1,"src":"2026","abs":31.5},"geometry":{"type":"Polygon","coordinates":[[[-74.1206,4.6041],[-74.1219,4.603],[-74.113,4.5963],[-74.1099,4.5977],[-74.1158,4.6005],[-74.1193,4.6067],[-74.1206,4.6041]]]}},{"type":"Feature","properties":{"b":"Prado Veraniego Sur","loc":"Suba","upz":"Niza","uso":"Residencial","d":-6.9,"c":27.1,"a":47.6,"w":"A","cod":"009117","estrato":3,"estrato_mean":3.57,"np":2,"p2":41.9,"g22":9.4,"src":"2026","abs":26.6},"geometry":{"type":"Polygon","coordinates":[[[-74.0593,4.7162],[-74.0672,4.7171],[-74.0688,4.7181],[-74.0701,4.715],[-74.0704,4.7113],[-74.0686,4.7111],[-74.0624,4.7083],[-74.0597,4.708],[-74.0586,4.7122],[-74.06,4.7121],[-74.0593,4.7162]]]}},{"type":"Feature","properties":{"b":"El Mochuelo Urbano","loc":"Ciudad Bolívar","upz":"El Tesoro","uso":"Residencial","d":-2.6,"c":68.2,"a":17.7,"w":"C","cod":"002585","estrato":1,"estrato_mean":1.0,"np":1,"p2":83.9,"g22":13.1,"src":"2026","abs":48.7},"geometry":{"type":"Polygon","coordinates":[[[-74.1514,4.5351],[-74.1546,4.5339],[-74.1546,4.5328],[-74.1513,4.5342],[-74.1514,4.5351]]]}},{"type":"Feature","properties":{"b":"Ciudadela El Recreo","loc":"Bosa","upz":"Tintal Sur","uso":"Residencial","d":-2.9,"c":56.8,"a":26.4,"w":"C","cod":"004573","estrato":2,"estrato_mean":2.0,"np":2,"p2":72.2,"g22":12.3,"src":"2026","abs":27.2},"geometry":{"type":"Polygon","coordinates":[[[-74.199,4.6287],[-74.1997,4.6284],[-74.2045,4.6389],[-74.2068,4.6376],[-74.2013,4.6261],[-74.1996,4.6267],[-74.1993,4.6257],[-74.1979,4.6264],[-74.199,4.6287]]]}},{"type":"Feature","properties":{"b":"El Mochuelo Oriental Rural","loc":"Usme","upz":"Comuneros","uso":"Residencial","d":-4.9,"c":56.0,"a":27.4,"w":"C","cod":"104132","estrato":1,"estrato_mean":1.0,"np":1,"p2":73.4,"g22":12.6,"src":"2026","abs":34.2},"geometry":{"type":"Polygon","coordinates":[[[-74.1243,4.5225],[-74.1267,4.5256],[-74.1293,4.5245],[-74.126,4.5206],[-74.1224,4.52],[-74.1243,4.5225]]]}},{"type":"Feature","properties":{"b":"Diana Turbay Cultivos","loc":"Rafael Uribe Uribe","upz":"Diana Turbay","uso":"Residencial","d":-5.8,"c":59.5,"a":25.2,"w":"C","cod":"001432","estrato":2,"estrato_mean":1.97,"np":1,"p2":71.8,"g22":13.8,"src":"2026","abs":53.5},"geometry":{"type":"Polygon","coordinates":[[[-74.1037,4.5432],[-74.1044,4.5457],[-74.1042,4.543],[-74.1047,4.5422],[-74.1061,4.5422],[-74.1052,4.5401],[-74.1034,4.5395],[-74.1037,4.5432]]]}},{"type":"Feature","properties":{"b":"Villa De Los Alpes I","loc":"San Cristóbal","upz":"20 De Julio","uso":"Residencial","d":-6.1,"c":50.0,"a":30.4,"w":"C","cod":"001430","estrato":2,"estrato_mean":2.0,"np":1,"p2":68.9,"g22":12.8,"src":"2026","abs":30.8},"geometry":{"type":"Polygon","coordinates":[[[-74.0996,4.5602],[-74.0984,4.5583],[-74.0994,4.5602],[-74.0977,4.562],[-74.0966,4.5621],[-74.0987,4.5651],[-74.1,4.5639],[-74.1011,4.5608],[-74.1007,4.5602],[-74.0996,4.5602]]]}},{"type":"Feature","properties":{"b":"Galán","loc":"Kennedy","upz":"Calandaima","uso":"Residencial","d":-3.6,"c":53.2,"a":29.3,"w":"C","cod":"004627","estrato":2,"estrato_mean":1.72,"np":1,"p2":68.3,"g22":11.5,"src":"2026","abs":25.2},"geometry":{"type":"Polygon","coordinates":[[[-74.1721,4.6526],[-74.1756,4.6515],[-74.1759,4.652],[-74.1772,4.651],[-74.1729,4.6449],[-74.1712,4.6456],[-74.1707,4.6448],[-74.1675,4.6476],[-74.1721,4.6526]]]}},{"type":"Feature","properties":{"b":"San José Del Prado","loc":"Suba","upz":"El Prado","uso":"Residencial","d":-5.9,"c":17.7,"a":56.7,"w":"A","cod":"009106","estrato":3,"estrato_mean":3.51,"np":2,"p2":34.6,"g22":9.4,"src":"2026","abs":18.6},"geometry":{"type":"Polygon","coordinates":[[[-74.0593,4.7263],[-74.0644,4.7282],[-74.0657,4.7247],[-74.0655,4.7239],[-74.0604,4.7212],[-74.0619,4.7186],[-74.062,4.7171],[-74.0586,4.724],[-74.059,4.7227],[-74.0576,4.7223],[-74.0581,4.7206],[-74.0537,4.7198],[-74.0535,4.7208],[-74.0517,4.7202],[-74.0511,4.7234],[-74.0593,4.7263]]]}},{"type":"Feature","properties":{"b":"La Arboleda Rural","loc":"San Cristóbal","upz":"La Gloria","uso":"Residencial","d":-6.0,"c":64.8,"a":19.6,"w":"C","cod":"101309","estrato":2,"estrato_mean":2.0,"np":1,"p2":81.9,"g22":11.1,"src":"2026","abs":36.7},"geometry":{"type":"Polygon","coordinates":[[[-74.0788,4.5344],[-74.079,4.5332],[-74.0797,4.5333],[-74.0784,4.5323],[-74.0766,4.5321],[-74.0766,4.5315],[-74.0748,4.5312],[-74.0722,4.5296],[-74.0698,4.5294],[-74.07,4.5301],[-74.0749,4.5319],[-74.0768,4.5333],[-74.0775,4.5343],[-74.0774,4.5373],[-74.0787,4.5378],[-74.0788,4.5344]]]}},{"type":"Feature","properties":{"b":"Barcelona Sur","loc":"San Cristóbal","upz":"20 De Julio","uso":"Residencial","d":-5.7,"c":53.9,"a":29.5,"w":"C","cod":"001424","estrato":2,"estrato_mean":2.14,"np":1,"p2":68.7,"g22":12.2,"src":"2026","abs":27.3},"geometry":{"type":"Polygon","coordinates":[[[-74.1018,4.5665],[-74.1023,4.5672],[-74.1045,4.5647],[-74.1061,4.5638],[-74.1055,4.5628],[-74.1018,4.5665]]]}},{"type":"Feature","properties":{"b":"Brazuelos Occidental","loc":"Ciudad Bolívar","upz":"Monte Blanco","uso":"Residencial","d":0.9,"c":68.5,"a":18.2,"w":"C","cod":"002591","estrato":1,"estrato_mean":1.0,"np":1,"p2":79.0,"g22":11.4,"src":"2026","abs":34.8},"geometry":{"type":"Polygon","coordinates":[[[-74.1214,4.4975],[-74.1218,4.4979],[-74.125,4.4968],[-74.1248,4.4961],[-74.1229,4.4966],[-74.1229,4.4959],[-74.1215,4.4953],[-74.121,4.4962],[-74.1214,4.4975]]]}},{"type":"Feature","properties":{"b":"Ciudad Bachué I Etapa","loc":"Engativá","upz":"Minuto De Dios","uso":"Residencial","d":-7.3,"c":38.6,"a":40.0,"w":"A","cod":"005631","estrato":2,"estrato_mean":2.0,"np":1,"p2":57.7,"g22":11.8,"src":"2026","abs":27.3},"geometry":{"type":"Polygon","coordinates":[[[-74.1029,4.7118],[-74.0999,4.7138],[-74.1048,4.7189],[-74.1064,4.7151],[-74.1029,4.7118]]]}},{"type":"Feature","properties":{"b":"Tuna Alta","loc":"Suba","upz":"Suba","uso":"Residencial","d":-10.3,"c":42.5,"a":37.3,"w":"C","cod":"009214","estrato":2,"estrato_mean":3.0,"np":1,"p2":67.2,"g22":14.5,"src":"2026","abs":25.0},"geometry":{"type":"Polygon","coordinates":[[[-74.074,4.7551],[-74.0731,4.7573],[-74.0773,4.7589],[-74.0795,4.7567],[-74.0815,4.7522],[-74.0835,4.7536],[-74.0838,4.7532],[-74.0818,4.7516],[-74.0831,4.7494],[-74.0814,4.7485],[-74.0803,4.7494],[-74.0797,4.7492],[-74.0764,4.7517],[-74.0759,4.7534],[-74.074,4.7551]]]}},{"type":"Feature","properties":{"b":"El Mochuelo Alto Rural","loc":"Ciudad Bolívar","upz":"Monte Blanco","uso":"Residencial","d":0.9,"c":68.5,"a":18.2,"w":"C","cod":"104306","estrato":1,"estrato_mean":1.0,"np":1,"p2":79.0,"g22":11.4,"src":"2026","abs":34.8},"geometry":{"type":"Polygon","coordinates":[[[-74.1275,4.5109],[-74.1271,4.5115],[-74.1308,4.5108],[-74.1317,4.5099],[-74.1333,4.5104],[-74.136,4.5093],[-74.1365,4.5089],[-74.1362,4.5081],[-74.1383,4.5068],[-74.1396,4.5042],[-74.1478,4.4999],[-74.1475,4.496],[-74.1463,4.496],[-74.1464,4.4954],[-74.1478,4.4954],[-74.1476,4.4932],[-74.1424,4.4935],[-74.142,4.4943],[-74.1412,4.4935],[-74.1419,4.4928],[-74.1418,4.491],[-74.1439,4.4912],[-74.1448,4.4894],[-74.1423,4.4888],[-74.14,4.4895],[-74.1383,4.4887],[-74.1376,4.4875],[-74.1371,4.4913],[-74.1363,4.493],[-74.1319,4.4915],[-74.1301,4.4929],[-74.1286,4.4913],[-74.1259,4.498],[-74.1219,4.4984],[-74.1223,4.5],[-74.1252,4.5014],[-74.1268,4.501],[-74.127,4.5023],[-74.1256,4.503],[-74.1259,4.5042],[-74.1281,4.5043],[-74.1283,4.5048],[-74.1266,4.5062],[-74.1275,4.5109]]]}},{"type":"Feature","properties":{"b":"Los Tres Reyes","loc":"Ciudad Bolívar","upz":"Ismael Perdomo","uso":"Residencial","d":-5.4,"c":61.8,"a":27.5,"w":"C","cod":"002446","estrato":1,"estrato_mean":1.0,"np":1,"p2":79.7,"g22":11.1,"src":"2026","abs":21.2},"geometry":{"type":"Polygon","coordinates":[[[-74.1792,4.5903],[-74.1794,4.5911],[-74.1821,4.5907],[-74.181,4.5878],[-74.18,4.5886],[-74.1767,4.5886],[-74.1792,4.5903]]]}},{"type":"Feature","properties":{"b":"Bosque Calderón","loc":"Chapinero","upz":"Pardo Rubio","uso":"Residencial","d":-10.9,"c":36.1,"a":28.8,"w":"C","cod":"008207","estrato":4,"estrato_mean":4.0,"np":1,"p2":62.2,"g22":15.2,"src":"2026","abs":20.8},"geometry":{"type":"Polygon","coordinates":[[[-74.0605,4.6439],[-74.0616,4.6442],[-74.0629,4.6395],[-74.0602,4.6385],[-74.0595,4.6387],[-74.0586,4.6426],[-74.0589,4.6433],[-74.0605,4.6439]]]}},{"type":"Feature","properties":{"b":"La Laguna Fontibón","loc":"Fontibón","upz":"Fontibón","uso":"Residencial","d":-4.7,"c":41.1,"a":39.1,"w":"C","cod":"006415","estrato":3,"estrato_mean":3.0,"np":1,"p2":57.6,"g22":11.8,"src":"2026","abs":26.2},"geometry":{"type":"Polygon","coordinates":[[[-74.1464,4.67],[-74.1484,4.6723],[-74.1491,4.6718],[-74.1503,4.6731],[-74.152,4.6711],[-74.1515,4.6693],[-74.15,4.6696],[-74.1494,4.6686],[-74.1486,4.6694],[-74.1479,4.6687],[-74.1464,4.67]]]}},{"type":"Feature","properties":{"b":"Mazurén","loc":"Suba","upz":"El Prado","uso":"Residencial","d":-4.6,"c":17.0,"a":57.3,"w":"A","cod":"009110","estrato":4,"estrato_mean":4.0,"np":2,"p2":31.4,"g22":9.5,"src":"2026","abs":21.1},"geometry":{"type":"Polygon","coordinates":[[[-74.0576,4.7399],[-74.0607,4.7406],[-74.0626,4.7351],[-74.058,4.7342],[-74.0541,4.7343],[-74.0541,4.7338],[-74.0495,4.733],[-74.0487,4.7378],[-74.0576,4.7399]]]}},{"type":"Feature","properties":{"b":"Vereda El Tintal Urbano","loc":"Kennedy","upz":"Tintal Norte","uso":"Residencial","d":-11.8,"c":40.6,"a":37.8,"w":"C","cod":"205101","estrato":1,"estrato_mean":1.91,"np":1,"p2":64.0,"g22":11.7,"src":"2026","abs":21.0},"geometry":{"type":"Polygon","coordinates":[[[-74.1451,4.6601],[-74.1488,4.659],[-74.1506,4.6597],[-74.1516,4.6584],[-74.1532,4.6594],[-74.1563,4.6584],[-74.1575,4.659],[-74.1577,4.6581],[-74.1584,4.6584],[-74.1617,4.6567],[-74.1611,4.6558],[-74.1562,4.658],[-74.1471,4.6493],[-74.143,4.6533],[-74.1472,4.6558],[-74.1492,4.6544],[-74.1512,4.656],[-74.1497,4.6573],[-74.1503,4.6581],[-74.1453,4.6586],[-74.1428,4.6602],[-74.1436,4.6606],[-74.1451,4.6601]],[[-74.1503,4.6537],[-74.1521,4.6553],[-74.1517,4.6556],[-74.1497,4.654],[-74.1503,4.6537]]]}},{"type":"Feature","properties":{"b":"La Magdalena Rural","loc":"Kennedy","upz":"Tintal Norte","uso":"Residencial","d":-14.7,"c":44.5,"a":36.0,"w":"C","cod":"105106","estrato":2,"estrato_mean":2.0,"np":1,"p2":70.8,"g22":11.6,"src":"2026","abs":14.1},"geometry":{"type":"Polygon","coordinates":[[[-74.1517,4.6643],[-74.1536,4.6639],[-74.1546,4.6643],[-74.1551,4.663],[-74.1558,4.663],[-74.157,4.6615],[-74.1584,4.6626],[-74.1599,4.6623],[-74.1622,4.6631],[-74.1631,4.659],[-74.1617,4.6567],[-74.1584,4.6584],[-74.1577,4.6581],[-74.1575,4.659],[-74.1563,4.6584],[-74.1532,4.6594],[-74.1516,4.6584],[-74.1506,4.6597],[-74.1485,4.659],[-74.1431,4.661],[-74.1419,4.6598],[-74.1414,4.6606],[-74.1442,4.6618],[-74.1448,4.6612],[-74.1453,4.662],[-74.1472,4.6621],[-74.1517,4.6643]]]}},{"type":"Feature","properties":{"b":"La Magdalena","loc":"Kennedy","upz":"Tintal Norte","uso":"Residencial","d":-11.8,"c":40.6,"a":37.8,"w":"C","cod":"006524","estrato":2,"estrato_mean":2.0,"np":1,"p2":64.0,"g22":11.7,"src":"2026","abs":21.0},"geometry":{"type":"Polygon","coordinates":[[[-74.1428,4.6602],[-74.1422,4.6607],[-74.1438,4.6607],[-74.1428,4.6602]]]}},{"type":"Feature","properties":{"b":"Engativá El Dorado","loc":"Engativá","upz":"Garcés Navas","uso":"Residencial","d":-5.3,"c":30.0,"a":46.5,"w":"A","cod":"106301","estrato":3,"estrato_mean":3.0,"np":1,"p2":48.1,"g22":11.4,"src":"2026","abs":10.0},"geometry":{"type":"Polygon","coordinates":[[[-74.1296,4.7284],[-74.1295,4.7303],[-74.131,4.7309],[-74.1324,4.7293],[-74.135,4.7283],[-74.1362,4.7284],[-74.1365,4.7293],[-74.1396,4.7256],[-74.1385,4.7265],[-74.1351,4.7252],[-74.1321,4.7262],[-74.1307,4.7239],[-74.1308,4.7226],[-74.1305,4.7239],[-74.1291,4.7235],[-74.129,4.7225],[-74.1288,4.7235],[-74.1271,4.724],[-74.1265,4.7232],[-74.1275,4.7222],[-74.1263,4.7232],[-74.1271,4.7243],[-74.1256,4.7256],[-74.1271,4.7282],[-74.1286,4.7267],[-74.1296,4.7284]]]}},{"type":"Feature","properties":{"b":"El Dorado Industrial","loc":"Engativá","upz":"Garcés Navas","uso":"Residencial","d":-10.3,"c":33.0,"a":41.8,"w":"A","cod":"005663","estrato":4,"estrato_mean":3.55,"np":1,"p2":55.4,"g22":12.1,"src":"2026","abs":22.1},"geometry":{"type":"Polygon","coordinates":[[[-74.1268,4.7285],[-74.1275,4.728],[-74.1271,4.7282],[-74.1252,4.7261],[-74.1271,4.7243],[-74.1263,4.7232],[-74.1275,4.7222],[-74.1265,4.7232],[-74.1271,4.724],[-74.1288,4.7235],[-74.129,4.7225],[-74.1291,4.7235],[-74.1305,4.7239],[-74.1308,4.7226],[-74.131,4.7246],[-74.132,4.7261],[-74.1327,4.7259],[-74.1323,4.7206],[-74.1285,4.7206],[-74.127,4.7197],[-74.125,4.722],[-74.1233,4.7225],[-74.122,4.7208],[-74.121,4.7216],[-74.1268,4.7285]]]}},{"type":"Feature","properties":{"b":"El Dorado","loc":"Engativá","upz":"Bolivia","uso":"Residencial","d":-2.3,"c":57.5,"a":26.5,"w":"C","cod":"005664","estrato":3,"estrato_mean":3.0,"np":1,"p2":71.5,"g22":11.8,"src":"2026","abs":42.4},"geometry":{"type":"Polygon","coordinates":[[[-74.1246,4.729],[-74.1256,4.7277],[-74.1268,4.7285],[-74.1248,4.7261],[-74.1164,4.7353],[-74.1173,4.7367],[-74.1149,4.7375],[-74.1191,4.7404],[-74.1199,4.7422],[-74.1194,4.7434],[-74.1213,4.7426],[-74.1213,4.7397],[-74.1254,4.7402],[-74.1267,4.7397],[-74.1275,4.7386],[-74.1274,4.7377],[-74.1263,4.7371],[-74.1268,4.7363],[-74.1258,4.737],[-74.1268,4.7354],[-74.1246,4.729]]]}},{"type":"Feature","properties":{"b":"El Dorado Rural","loc":"Engativá","upz":"Bolivia","uso":"Residencial","d":-2.3,"c":57.5,"a":26.5,"w":"C","cod":"106303","estrato":3,"estrato_mean":3.0,"np":1,"p2":71.5,"g22":11.8,"src":"2026","abs":42.4},"geometry":{"type":"Polygon","coordinates":[[[-74.1261,4.7364],[-74.1258,4.737],[-74.1281,4.7358],[-74.1274,4.7324],[-74.1258,4.7298],[-74.1267,4.7285],[-74.1256,4.7277],[-74.1246,4.7294],[-74.1268,4.7354],[-74.1261,4.7364]]]}},{"type":"Feature","properties":{"b":"Parque Nacional","loc":"Santa Fe","upz":"Sagrado Corazón","uso":"Residencial","d":-5.0,"c":41.2,"a":27.7,"w":"C","cod":"008102","estrato":3,"estrato_mean":3.0,"np":1,"p2":75.8,"g22":12.1,"src":"2026","abs":22.4},"geometry":{"type":"Polygon","coordinates":[[[-74.062,4.6176],[-74.061,4.6199],[-74.0597,4.6207],[-74.0612,4.6208],[-74.0611,4.6214],[-74.0595,4.621],[-74.0582,4.6231],[-74.0566,4.6235],[-74.0614,4.6256],[-74.0656,4.6266],[-74.0665,4.6232],[-74.0649,4.6226],[-74.0649,4.6215],[-74.0633,4.6208],[-74.0647,4.6208],[-74.0652,4.62],[-74.062,4.6176]]]}},{"type":"Feature","properties":{"b":"La Perseverancia","loc":"Santa Fe","upz":"La Macarena","uso":"Residencial","d":-5.8,"c":57.0,"a":24.7,"w":"C","cod":"008104","estrato":2,"estrato_mean":2.0,"np":1,"p2":75.0,"g22":12.1,"src":"2026","abs":47.7},"geometry":{"type":"Polygon","coordinates":[[[-74.063,4.6161],[-74.0626,4.6177],[-74.0652,4.62],[-74.0662,4.6168],[-74.063,4.6161]]]}},{"type":"Feature","properties":{"b":"La Perseverancia I","loc":"Santa Fe","upz":"La Macarena","uso":"Residencial","d":-5.8,"c":57.0,"a":24.7,"w":"C","cod":"201408","estrato":2,"estrato_mean":2.0,"np":1,"p2":75.0,"g22":12.1,"src":"2026","abs":47.7},"geometry":{"type":"Polygon","coordinates":[[[-74.0617,4.6174],[-74.0626,4.6177],[-74.0631,4.6159],[-74.0624,4.6157],[-74.0617,4.6174]]]}},{"type":"Feature","properties":{"b":"Osorio","loc":"Kennedy","upz":"Las Margaritas","uso":"Residencial","d":-3.9,"c":54.2,"a":29.5,"w":"C","cod":"205229","estrato":2,"estrato_mean":2.0,"np":1,"p2":68.5,"g22":10.4,"src":"2026","abs":17.3},"geometry":{"type":"Polygon","coordinates":[[[-74.182,4.6472],[-74.1851,4.6457],[-74.1844,4.6443],[-74.1823,4.6452],[-74.1806,4.647],[-74.181,4.648],[-74.182,4.6472]]]}},{"type":"Feature","properties":{"b":"Centro Usme Urbano I","loc":"Usme","upz":"Ciudad Usme","uso":"Residencial","d":-5.1,"c":62.7,"a":23.5,"w":"C","cod":"202603","estrato":1,"estrato_mean":1.0,"np":1,"p2":78.5,"g22":12.1,"src":"2026","abs":33.8},"geometry":{"type":"Polygon","coordinates":[[[-74.1217,4.478],[-74.1215,4.4783],[-74.1218,4.4785],[-74.1217,4.478]]]}},{"type":"Feature","properties":{"b":"El Paraíso","loc":"Chapinero","upz":"Pardo Rubio","uso":"Residencial","d":-5.2,"c":58.6,"a":24.8,"w":"C","cod":"008110","estrato":1,"estrato_mean":1.3,"np":1,"p2":75.8,"g22":12.1,"src":"2026","abs":41.5},"geometry":{"type":"MultiPolygon","coordinates":[[[[-74.0615,4.6303],[-74.0624,4.6299],[-74.0623,4.6281],[-74.0605,4.628],[-74.0606,4.6266],[-74.0581,4.6271],[-74.058,4.6257],[-74.0555,4.6253],[-74.055,4.627],[-74.0607,4.6288],[-74.0599,4.6296],[-74.0615,4.6303]]],[[[-74.0609,4.6265],[-74.0613,4.6266],[-74.0614,4.6255],[-74.0584,4.6248],[-74.0592,4.6264],[-74.0604,4.626],[-74.0609,4.6265]]]]}},{"type":"Feature","properties":{"b":"Centro Usme Urbano","loc":"Usme","upz":"Ciudad Usme","uso":"Residencial","d":-5.5,"c":61.4,"a":23.6,"w":"C","cod":"002599","estrato":2,"estrato_mean":1.69,"np":2,"p2":78.5,"g22":12.1,"src":"2026","abs":45.8},"geometry":{"type":"Polygon","coordinates":[[[-74.1218,4.4785],[-74.1236,4.4801],[-74.1243,4.4787],[-74.1253,4.4785],[-74.1273,4.4766],[-74.1282,4.4749],[-74.1303,4.4762],[-74.1306,4.4746],[-74.1316,4.4734],[-74.1307,4.4724],[-74.131,4.4716],[-74.1275,4.4729],[-74.1269,4.4712],[-74.1272,4.4709],[-74.1278,4.4721],[-74.1284,4.4718],[-74.128,4.471],[-74.1274,4.4712],[-74.1279,4.4707],[-74.1271,4.4694],[-74.1252,4.4697],[-74.1244,4.4685],[-74.1208,4.4709],[-74.1214,4.4721],[-74.12,4.4724],[-74.1198,4.4731],[-74.1207,4.4735],[-74.1192,4.4732],[-74.1203,4.4754],[-74.1222,4.474],[-74.1228,4.4767],[-74.1218,4.4785]]]}},{"type":"Feature","properties":{"b":"Tuna Baja","loc":"Suba","upz":"Suba","uso":"Residencial","d":-10.3,"c":41.4,"a":38.2,"w":"C","cod":"009242","estrato":2,"estrato_mean":2.08,"np":1,"p2":60.8,"g22":9.1,"src":"2026","abs":16.3},"geometry":{"type":"Polygon","coordinates":[[[-74.0978,4.7604],[-74.0989,4.7606],[-74.0996,4.7587],[-74.0957,4.7569],[-74.0921,4.7543],[-74.0872,4.7521],[-74.0851,4.7573],[-74.0861,4.7573],[-74.087,4.7564],[-74.0902,4.757],[-74.091,4.754],[-74.0906,4.7554],[-74.0915,4.7558],[-74.091,4.7568],[-74.0922,4.7573],[-74.0929,4.7569],[-74.0929,4.7574],[-74.0936,4.7568],[-74.0935,4.7584],[-74.0944,4.7589],[-74.0936,4.7598],[-74.0945,4.759],[-74.0965,4.7603],[-74.0978,4.7604]]]}},{"type":"Feature","properties":{"b":"Las Mercedes I","loc":"Suba","upz":"Suba","uso":"Residencial","d":-6.4,"c":42.7,"a":35.3,"w":"C","cod":"009243","estrato":2,"estrato_mean":2.0,"np":1,"p2":61.7,"g22":12.6,"src":"2026","abs":29.6},"geometry":{"type":"Polygon","coordinates":[[[-74.0936,4.7585],[-74.0902,4.7577],[-74.0889,4.7581],[-74.0895,4.759],[-74.0909,4.7584],[-74.0899,4.7594],[-74.0902,4.7598],[-74.0918,4.7581],[-74.0929,4.7592],[-74.0936,4.7585]]]}},{"type":"Feature","properties":{"b":"El Tintal Central","loc":"Fontibón","upz":"Granjas De Techo","uso":"Industrial","d":-5.1,"c":26.5,"a":47.5,"w":"A","cod":"006423","estrato":4,"estrato_mean":3.6,"np":1,"p2":44.8,"g22":11.3,"src":"2026","abs":27.1},"geometry":{"type":"Polygon","coordinates":[[[-74.1362,4.6704],[-74.1371,4.6713],[-74.14,4.6681],[-74.1392,4.6671],[-74.1407,4.6657],[-74.1433,4.6648],[-74.1396,4.6633],[-74.137,4.6605],[-74.134,4.6628],[-74.1334,4.6623],[-74.1316,4.6646],[-74.1338,4.6659],[-74.132,4.6676],[-74.1354,4.671],[-74.1362,4.6704]]]}},{"type":"Feature","properties":{"b":"El Mochuelo V","loc":"Ciudad Bolívar","upz":"El Tesoro","uso":"Residencial","d":-2.6,"c":68.2,"a":17.7,"w":"C","cod":"002646","estrato":1,"estrato_mean":1.0,"np":1,"p2":83.9,"g22":13.1,"src":"2026","abs":48.7},"geometry":{"type":"MultiPolygon","coordinates":[[[[-74.1511,4.5316],[-74.1501,4.5307],[-74.1501,4.5316],[-74.1511,4.5316]]],[[[-74.1512,4.5318],[-74.1514,4.5318],[-74.1511,4.5316],[-74.1512,4.5318]]],[[[-74.1512,4.5316],[-74.1512,4.5317],[-74.1513,4.5316],[-74.1512,4.5316]]]]}},{"type":"Feature","properties":{"b":"El Chanco Iii","loc":"Fontibón","upz":"Zona Franca","uso":"Industrial","d":-6.8,"c":44.6,"a":34.8,"w":"C","cod":"006535","estrato":3,"estrato_mean":3.0,"np":1,"p2":63.4,"g22":12.0,"src":"2026","abs":28.9},"geometry":{"type":"Polygon","coordinates":[[[-74.1712,4.6774],[-74.1704,4.6771],[-74.1698,4.6755],[-74.1691,4.6758],[-74.1705,4.6777],[-74.1712,4.6774]]]}},{"type":"Feature","properties":{"b":"El Chanco Rural Ii","loc":"Fontibón","upz":"Zona Franca","uso":"Industrial","d":-10.7,"c":56.7,"a":28.7,"w":"C","cod":"105401","estrato":3,"estrato_mean":3.0,"np":1,"p2":74.5,"g22":7.2,"src":"2026","abs":21.8},"geometry":{"type":"Polygon","coordinates":[[[-74.1664,4.6922],[-74.168,4.6935],[-74.1704,4.6914],[-74.1712,4.6934],[-74.17,4.69],[-74.1676,4.6885],[-74.1647,4.6908],[-74.1664,4.6922]]]}},{"type":"Feature","properties":{"b":"Centro Usme Urbano I","loc":"Usme","upz":"Ciudad Usme","uso":"Residencial","d":-4.3,"c":67.2,"a":18.5,"w":"C","cod":"002644","estrato":1,"estrato_mean":1.0,"np":1,"p2":81.4,"g22":9.9,"src":"2026","abs":36.1},"geometry":{"type":"Polygon","coordinates":[[[-74.1278,4.4707],[-74.1274,4.4712],[-74.128,4.471],[-74.1278,4.4707]]]}},{"type":"Feature","properties":{"b":"La Requilina","loc":"Usme","upz":"Ciudad Usme","uso":"Residencial","d":-5.1,"c":62.7,"a":23.5,"w":"C","cod":"002632","estrato":2,"estrato_mean":2.0,"np":1,"p2":78.5,"g22":12.1,"src":"2026","abs":33.8},"geometry":{"type":"Polygon","coordinates":[[[-74.1201,4.4827],[-74.1202,4.4843],[-74.1213,4.4823],[-74.1218,4.4829],[-74.1233,4.481],[-74.1211,4.4799],[-74.1201,4.4827]]]}},{"type":"Feature","properties":{"b":"El Otoño","loc":"Suba","upz":"La Academia","uso":"Residencial","d":-6.0,"c":31.4,"a":47.2,"w":"A","cod":"207111","estrato":2,"estrato_mean":2.0,"np":1,"p2":49.0,"g22":11.5,"src":"2026","abs":45.3},"geometry":{"type":"Polygon","coordinates":[[[-74.048,4.7761],[-74.0458,4.776],[-74.0466,4.7762],[-74.0464,4.7773],[-74.0455,4.7775],[-74.0454,4.7781],[-74.0467,4.7782],[-74.0465,4.7795],[-74.0507,4.7799],[-74.0508,4.7767],[-74.048,4.7761]]]}},{"type":"Feature","properties":{"b":"La Esperanza Sur I","loc":"Usme","upz":"Ciudad Usme","uso":"Residencial","d":-6.9,"c":64.3,"a":19.5,"w":"C","cod":"202204","estrato":1,"estrato_mean":1.0,"np":1,"p2":80.0,"g22":8.9,"src":"2026","abs":36.8},"geometry":{"type":"MultiPolygon","coordinates":[[[[-74.0947,4.5062],[-74.0948,4.5086],[-74.0982,4.5089],[-74.0985,4.5077],[-74.098,4.5068],[-74.0965,4.507],[-74.0947,4.5062]]],[[[-74.0947,4.5062],[-74.0946,4.5061],[-74.0947,4.5061],[-74.0947,4.5062]]]]}},{"type":"Feature","properties":{"b":"Villa Emma","loc":"Bosa","upz":"Tintal Sur","uso":"Residencial","d":-5.7,"c":60.1,"a":24.6,"w":"C","cod":"205316","estrato":1,"estrato_mean":1.0,"np":1,"p2":77.4,"g22":11.6,"src":"2026","abs":41.5},"geometry":{"type":"Polygon","coordinates":[[[-74.2053,4.6217],[-74.2047,4.6208],[-74.2041,4.6212],[-74.2045,4.6224],[-74.2053,4.6217]]]}},{"type":"Feature","properties":{"b":"Pasquilla","loc":"Ciudad Bolívar","upz":"Ciudad Usme","uso":"Residencial","d":-1.6,"c":62.4,"a":24.1,"w":"C","cod":"104104","estrato":1,"estrato_mean":1.0,"np":1,"p2":75.5,"g22":11.5,"src":"2026","abs":60.7},"geometry":{"type":"Polygon","coordinates":[[[-74.1736,4.47],[-74.1747,4.4718],[-74.1758,4.4715],[-74.1798,4.4691],[-74.1802,4.4662],[-74.184,4.4677],[-74.1855,4.4662],[-74.1865,4.4607],[-74.1862,4.4581],[-74.1872,4.4555],[-74.1864,4.4531],[-74.1867,4.4515],[-74.1898,4.4488],[-74.1911,4.4452],[-74.1909,4.4425],[-74.1948,4.4344],[-74.1941,4.4292],[-74.1943,4.4248],[-74.1934,4.4225],[-74.1898,4.4229],[-74.1873,4.421],[-74.1828,4.4226],[-74.1798,4.4218],[-74.1786,4.4209],[-74.177,4.4211],[-74.1748,4.4203],[-74.1723,4.4213],[-74.1693,4.4217],[-74.1675,4.4227],[-74.1658,4.4251],[-74.1612,4.4267],[-74.1599,4.428],[-74.1558,4.429],[-74.1523,4.4314],[-74.1522,4.4322],[-74.1517,4.4317],[-74.151,4.4321],[-74.1492,4.4377],[-74.147,4.4399],[-74.1444,4.4403],[-74.1431,4.4397],[-74.1432,4.4421],[-74.1445,4.4435],[-74.1444,4.445],[-74.1441,4.4478],[-74.1419,4.4514],[-74.1417,4.4543],[-74.1402,4.457],[-74.1416,4.46],[-74.1433,4.4615],[-74.1489,4.4622],[-74.1501,4.4631],[-74.1513,4.463],[-74.16,4.4669],[-74.1669,4.4686],[-74.1711,4.4681],[-74.1725,4.4687],[-74.1736,4.47]],[[-74.1574,4.4433],[-74.1581,4.4437],[-74.1579,4.4442],[-74.156,4.4457],[-74.1551,4.4433],[-74.1535,4.4418],[-74.1559,4.4426],[-74.1559,4.4433],[-74.1566,4.4429],[-74.1574,4.4433]]]}},{"type":"Feature","properties":{"b":"Juan Rey (La Paz)","loc":"San Cristóbal","upz":"Los Libertadores","uso":"Residencial","d":-5.3,"c":62.9,"a":20.3,"w":"C","cod":"001325","estrato":1,"estrato_mean":1.4,"np":1,"p2":81.6,"g22":13.4,"src":"2026","abs":42.6},"geometry":{"type":"Polygon","coordinates":[[[-74.0873,4.5211],[-74.0876,4.5223],[-74.0886,4.5219],[-74.0879,4.5237],[-74.0872,4.5234],[-74.0868,4.5239],[-74.0875,4.5243],[-74.0867,4.5243],[-74.0873,4.5246],[-74.0871,4.5275],[-74.0907,4.5297],[-74.0931,4.5272],[-74.0925,4.5266],[-74.0931,4.5262],[-74.0926,4.5249],[-74.0917,4.5241],[-74.0933,4.5234],[-74.09,4.5207],[-74.0911,4.5197],[-74.0904,4.5195],[-74.0893,4.5205],[-74.0892,4.52],[-74.0888,4.5206],[-74.0879,4.5204],[-74.0873,4.5211]]]}},{"type":"Feature","properties":{"b":"El Gaco","loc":"Engativá","upz":"Engativá","uso":"Residencial","d":-4.7,"c":44.5,"a":35.6,"w":"C","cod":"005669","estrato":2,"estrato_mean":2.31,"np":3,"p2":70.4,"g22":12.3,"src":"2026","abs":25.7},"geometry":{"type":"Polygon","coordinates":[[[-74.135,4.7254],[-74.1367,4.7255],[-74.1385,4.7265],[-74.1396,4.7256],[-74.1366,4.7288],[-74.1374,4.7307],[-74.1429,4.7289],[-74.1489,4.7257],[-74.1442,4.7217],[-74.1447,4.7204],[-74.1437,4.7177],[-74.1425,4.7182],[-74.1419,4.7174],[-74.1406,4.7178],[-74.1398,4.7164],[-74.1362,4.7185],[-74.1369,4.7191],[-74.1354,4.7201],[-74.1359,4.7221],[-74.1323,4.7205],[-74.1327,4.7259],[-74.135,4.7254]]]}},{"type":"Feature","properties":{"b":"Ciudad Bolívar Rural Iii","loc":"Ciudad Bolívar","upz":"Jerusalén","uso":"Residencial","d":-5.2,"c":63.5,"a":22.6,"w":"C","cod":"104118","estrato":1,"estrato_mean":1.0,"np":1,"p2":80.9,"g22":12.2,"src":"2026","abs":42.0},"geometry":{"type":"Polygon","coordinates":[[[-74.1639,4.5588],[-74.1661,4.5578],[-74.1629,4.5525],[-74.1593,4.5556],[-74.1585,4.5552],[-74.1579,4.556],[-74.16,4.5605],[-74.1609,4.5601],[-74.1628,4.5617],[-74.1628,4.5592],[-74.1639,4.5588]]]}},{"type":"Feature","properties":{"b":"Comuneros","loc":"Usme","upz":"Comuneros","uso":"Residencial","d":-7.8,"c":57.7,"a":26.4,"w":"C","cod":"002543","estrato":1,"estrato_mean":1.0,"np":2,"p2":75.6,"g22":10.6,"src":"2026","abs":38.9},"geometry":{"type":"Polygon","coordinates":[[[-74.1095,4.5006],[-74.1114,4.5006],[-74.1096,4.4981],[-74.1106,4.4966],[-74.1076,4.4957],[-74.1074,4.4984],[-74.1095,4.5006]]]}},{"type":"Feature","properties":{"b":"Marly","loc":"Chapinero","upz":"Chapinero","uso":"Comercial","d":-8.4,"c":40.9,"a":32.5,"w":"C","cod":"008212","estrato":4,"estrato_mean":4.0,"np":4,"p2":58.1,"g22":11.3,"src":"2026","abs":33.8},"geometry":{"type":"Polygon","coordinates":[[[-74.0642,4.6314],[-74.0629,4.6395],[-74.0663,4.6404],[-74.0677,4.6325],[-74.0642,4.6314]]]}},{"type":"Feature","properties":{"b":"Arabia","loc":"Ciudad Bolívar","upz":"El Tesoro","uso":"Residencial","d":-2.6,"c":68.2,"a":17.7,"w":"C","cod":"002578","estrato":1,"estrato_mean":1.0,"np":1,"p2":83.9,"g22":13.1,"src":"2026","abs":48.7},"geometry":{"type":"Polygon","coordinates":[[[-74.1455,4.5367],[-74.1465,4.5368],[-74.1458,4.5365],[-74.1472,4.5363],[-74.1472,4.535],[-74.1484,4.5344],[-74.1494,4.5341],[-74.1496,4.5348],[-74.151,4.5342],[-74.1504,4.5328],[-74.1493,4.5332],[-74.1498,4.5316],[-74.1486,4.5314],[-74.1487,4.5309],[-74.1483,4.5323],[-74.1467,4.5324],[-74.1467,4.5315],[-74.1474,4.5317],[-74.1466,4.531],[-74.1449,4.5314],[-74.1453,4.5343],[-74.146,4.5345],[-74.1454,4.5348],[-74.1455,4.5367]]]}},{"type":"Feature","properties":{"b":"Villa María","loc":"Suba","upz":"El Rincón","uso":"Residencial","d":-4.6,"c":48.9,"a":32.9,"w":"C","cod":"009209","estrato":2,"estrato_mean":2.0,"np":3,"p2":70.6,"g22":11.3,"src":"2026","abs":27.6},"geometry":{"type":"Polygon","coordinates":[[[-74.105,4.7432],[-74.1055,4.7442],[-74.1044,4.7379],[-74.0998,4.7358],[-74.0994,4.739],[-74.1018,4.7399],[-74.1015,4.7408],[-74.1048,4.742],[-74.105,4.7432]]]}},{"type":"Feature","properties":{"b":"Nuestra Señora Del Rosario","loc":"Suba","upz":"La Academia","uso":"Residencial","d":-3.7,"c":14.5,"a":63.6,"w":"A","cod":"009140","estrato":2,"estrato_mean":2.0,"np":1,"p2":26.8,"g22":8.6,"src":"2026","abs":32.3},"geometry":{"type":"Polygon","coordinates":[[[-74.0669,4.7882],[-74.0657,4.7902],[-74.0679,4.7912],[-74.0703,4.7868],[-74.0684,4.7858],[-74.0669,4.7882]]]}},{"type":"Feature","properties":{"b":"Ortezal","loc":"Teusaquillo","upz":"Quinta Paredes","uso":"Residencial","d":-7.3,"c":31.6,"a":41.5,"w":"A","cod":"006208","estrato":4,"estrato_mean":3.8,"np":2,"p2":48.9,"g22":9.6,"src":"2026","abs":28.6},"geometry":{"type":"Polygon","coordinates":[[[-74.0994,4.6367],[-74.1021,4.6338],[-74.0997,4.6314],[-74.1028,4.6269],[-74.0894,4.6254],[-74.0909,4.6261],[-74.0909,4.6279],[-74.0977,4.6376],[-74.0994,4.6367]]]}},{"type":"Feature","properties":{"b":"Escuela De Carabineros","loc":"Suba","upz":"Casa Blanca Suba","uso":"Residencial","d":-7.7,"c":15.0,"a":56.7,"w":"A","cod":"009132","estrato":2,"estrato_mean":2.0,"np":1,"p2":33.2,"g22":10.5,"src":"2026","abs":20.8},"geometry":{"type":"Polygon","coordinates":[[[-74.0716,4.7389],[-74.0723,4.7392],[-74.074,4.7386],[-74.0742,4.7333],[-74.068,4.7316],[-74.0662,4.7359],[-74.0716,4.7389]]]}},{"type":"Feature","properties":{"b":"La Coruña","loc":"Ciudad Bolívar","upz":"Arborizadora","uso":"Residencial","d":-6.0,"c":59.9,"a":23.0,"w":"C","cod":"002420","estrato":2,"estrato_mean":2.0,"np":1,"p2":69.7,"g22":12.4,"src":"2026","abs":37.6},"geometry":{"type":"Polygon","coordinates":[[[-74.1523,4.5811],[-74.1554,4.5808],[-74.1531,4.5753],[-74.1511,4.5776],[-74.1497,4.5779],[-74.1494,4.5794],[-74.1523,4.5811]]]}},{"type":"Feature","properties":{"b":"El Encanto","loc":"Engativá","upz":"Santa Cecilia","uso":"Residencial","d":-6.6,"c":31.1,"a":45.6,"w":"A","cod":"005605","estrato":3,"estrato_mean":3.0,"np":2,"p2":48.4,"g22":10.6,"src":"2026","abs":24.1},"geometry":{"type":"Polygon","coordinates":[[[-74.1032,4.6794],[-74.1067,4.6823],[-74.1091,4.6792],[-74.1038,4.6748],[-74.1016,4.6781],[-74.1032,4.6794]]]}},{"type":"Feature","properties":{"b":"Villa Alcázar","loc":"Suba","upz":"El Rincón","uso":"Residencial","d":0.5,"c":56.2,"a":27.6,"w":"C","cod":"009263","estrato":2,"estrato_mean":1.74,"np":1,"p2":68.4,"g22":12.7,"src":"2026","abs":24.0},"geometry":{"type":"Polygon","coordinates":[[[-74.084,4.7202],[-74.0828,4.7208],[-74.0827,4.7233],[-74.084,4.7238],[-74.0854,4.7231],[-74.085,4.7247],[-74.0889,4.7256],[-74.0894,4.7237],[-74.0863,4.7227],[-74.0862,4.7221],[-74.0854,4.722],[-74.0855,4.7212],[-74.0838,4.7207],[-74.084,4.7202]]]}},{"type":"Feature","properties":{"b":"El Bosque Sur Oriental Rural Iii","loc":"Usme","upz":"Ciudad Usme","uso":"Residencial","d":-9.4,"c":59.9,"a":21.7,"w":"C","cod":"202309","estrato":1,"estrato_mean":1.0,"np":1,"p2":87.1,"g22":17.9,"src":"2026","abs":56.8},"geometry":{"type":"Polygon","coordinates":[[[-74.0794,4.4744],[-74.0795,4.4755],[-74.0818,4.4733],[-74.0833,4.473],[-74.0804,4.4711],[-74.0788,4.4724],[-74.0794,4.4744]]]}},{"type":"Feature","properties":{"b":"La Peña Rural","loc":"Santa Fe","upz":"Lourdes","uso":"Residencial","d":-4.3,"c":66.1,"a":18.6,"w":"C","cod":"201404","estrato":2,"estrato_mean":2.0,"np":1,"p2":83.0,"g22":12.6,"src":"2026","abs":45.2},"geometry":{"type":"Polygon","coordinates":[[[-74.0646,4.5863],[-74.0657,4.5863],[-74.065,4.5853],[-74.0646,4.5863]]]}},{"type":"Feature","properties":{"b":"Molino Rural","loc":"San Cristóbal","upz":"San Blas","uso":"Residencial","d":-5.6,"c":58.7,"a":25.4,"w":"C","cod":"101302","estrato":2,"estrato_mean":2.0,"np":1,"p2":76.4,"g22":12.1,"src":"2026","abs":24.9},"geometry":{"type":"Polygon","coordinates":[[[-74.0697,4.5693],[-74.0704,4.5701],[-74.0701,4.5694],[-74.0709,4.5692],[-74.0682,4.568],[-74.0697,4.5693]]]}},{"type":"Feature","properties":{"b":"Escuela De Caballería Ii","loc":"Usaquén","upz":"Usaquén","uso":"Comercial","d":-4.5,"c":10.8,"a":57.6,"w":"A","cod":"008419","estrato":4,"estrato_mean":4.0,"np":1,"p2":24.0,"g22":8.6,"src":"2026","abs":19.7},"geometry":{"type":"Polygon","coordinates":[[[-74.0377,4.6801],[-74.0368,4.6813],[-74.0373,4.6815],[-74.0377,4.6801]]]}},{"type":"Feature","properties":{"b":"Seminario","loc":"Chapinero","upz":"El Refugio","uso":"Residencial","d":-3.8,"c":6.7,"a":57.6,"w":"A","cod":"008302","estrato":6,"estrato_mean":6.0,"np":1,"p2":17.4,"g22":6.9,"src":"2026","abs":19.7},"geometry":{"type":"Polygon","coordinates":[[[-74.0378,4.6801],[-74.0401,4.6776],[-74.0409,4.6751],[-74.0429,4.6732],[-74.0415,4.6714],[-74.0412,4.6696],[-74.0399,4.6686],[-74.0389,4.6736],[-74.0361,4.6743],[-74.0356,4.6767],[-74.0341,4.6772],[-74.0378,4.6801]]]}},{"type":"Feature","properties":{"b":"Páramo Iii Rural","loc":"Usaquén","upz":"Usaquén","uso":"Comercial","d":-5.3,"c":47.6,"a":32.7,"w":"C","cod":"108114","estrato":3,"estrato_mean":3.0,"np":1,"p2":59.2,"g22":11.3,"src":"2026","abs":51.1},"geometry":{"type":"Polygon","coordinates":[[[-74.033,4.6836],[-74.0352,4.6866],[-74.0373,4.6815],[-74.037,4.6805],[-74.0378,4.6801],[-74.0341,4.6772],[-74.0314,4.6775],[-74.0306,4.677],[-74.0304,4.6757],[-74.028,4.6754],[-74.0268,4.676],[-74.0246,4.6753],[-74.0237,4.6756],[-74.0221,4.6782],[-74.0212,4.6817],[-74.0204,4.6824],[-74.0226,4.6834],[-74.0276,4.6821],[-74.0303,4.6838],[-74.0323,4.6827],[-74.033,4.6836]]]}},{"type":"Feature","properties":{"b":"Horizontes Norte","loc":"Usaquén","upz":"Verbenal","uso":"Residencial","d":-4.2,"c":56.7,"a":27.0,"w":"C","cod":"008533","estrato":2,"estrato_mean":1.88,"np":1,"p2":73.4,"g22":12.6,"src":"2026","abs":47.6},"geometry":{"type":"Polygon","coordinates":[[[-74.0234,4.7646],[-74.0275,4.7639],[-74.0263,4.7594],[-74.0245,4.7562],[-74.0244,4.7539],[-74.0223,4.7549],[-74.0216,4.7544],[-74.019,4.7552],[-74.0209,4.7554],[-74.0224,4.7593],[-74.0229,4.7593],[-74.0234,4.7646]]]}},{"type":"Feature","properties":{"b":"Tibaque Urbano","loc":"San Cristóbal","upz":"San Blas","uso":"Residencial","d":-5.6,"c":58.7,"a":25.4,"w":"C","cod":"001116","estrato":2,"estrato_mean":1.75,"np":1,"p2":76.4,"g22":12.1,"src":"2026","abs":24.9},"geometry":{"type":"MultiPolygon","coordinates":[[[[-74.0742,4.5674],[-74.0732,4.5683],[-74.0715,4.5665],[-74.0745,4.5694],[-74.0753,4.5689],[-74.0749,4.5654],[-74.075,4.5667],[-74.0742,4.5674]]],[[[-74.0742,4.5674],[-74.0742,4.5673],[-74.074,4.5674],[-74.0742,4.5674]]]]}},{"type":"Feature","properties":{"b":"El Triángulo Ii","loc":"San Cristóbal","upz":"San Blas","uso":"Residencial","d":-5.6,"c":58.7,"a":25.4,"w":"C","cod":"201318","estrato":2,"estrato_mean":2.0,"np":1,"p2":76.4,"g22":12.1,"src":"2026","abs":24.9},"geometry":{"type":"Polygon","coordinates":[[[-74.0752,4.5668],[-74.0757,4.5667],[-74.0749,4.5654],[-74.0752,4.5668]]]}},{"type":"Feature","properties":{"b":"Los Alpes","loc":"San Cristóbal","upz":"San Blas","uso":"Residencial","d":-6.1,"c":55.7,"a":25.3,"w":"C","cod":"001312","estrato":2,"estrato_mean":2.0,"np":1,"p2":74.9,"g22":13.1,"src":"2026","abs":33.9},"geometry":{"type":"Polygon","coordinates":[[[-74.0822,4.5555],[-74.08,4.5584],[-74.0813,4.5593],[-74.084,4.5567],[-74.0849,4.5524],[-74.0863,4.5515],[-74.0865,4.5502],[-74.0836,4.5495],[-74.0829,4.5509],[-74.0836,4.5514],[-74.0825,4.5515],[-74.0819,4.5529],[-74.0829,4.5534],[-74.0819,4.5537],[-74.0822,4.5533],[-74.081,4.5525],[-74.0801,4.5538],[-74.0826,4.5549],[-74.0822,4.5555]]]}},{"type":"Feature","properties":{"b":"Tibaque","loc":"San Cristóbal","upz":"La Gloria","uso":"Residencial","d":-6.0,"c":64.8,"a":19.6,"w":"C","cod":"101306","estrato":1,"estrato_mean":1.0,"np":1,"p2":81.9,"g22":11.1,"src":"2026","abs":36.7},"geometry":{"type":"Polygon","coordinates":[[[-74.0719,4.5638],[-74.0725,4.5656],[-74.0744,4.5619],[-74.0742,4.558],[-74.0755,4.5588],[-74.0756,4.5603],[-74.0781,4.5594],[-74.0785,4.5602],[-74.0791,4.5582],[-74.0787,4.5566],[-74.08,4.5586],[-74.0826,4.5549],[-74.0801,4.5538],[-74.0808,4.5528],[-74.0756,4.5493],[-74.0759,4.5461],[-74.0752,4.5456],[-74.0765,4.5421],[-74.0757,4.5406],[-74.0773,4.5384],[-74.0775,4.5343],[-74.0749,4.5319],[-74.07,4.5301],[-74.0698,4.5294],[-74.0724,4.5297],[-74.081,4.5339],[-74.0812,4.5321],[-74.0795,4.5307],[-74.0815,4.5306],[-74.0821,4.5295],[-74.0799,4.5274],[-74.0803,4.5266],[-74.0811,4.527],[-74.0808,4.522],[-74.0851,4.524],[-74.0855,4.5233],[-74.0879,4.5237],[-74.0886,4.5219],[-74.0876,4.5223],[-74.0872,4.5209],[-74.0876,4.5207],[-74.0869,4.5202],[-74.0783,4.5166],[-74.0793,4.5144],[-74.0878,4.5167],[-74.0892,4.5161],[-74.0881,4.5104],[-74.0886,4.5088],[-74.086,4.5083],[-74.0857,4.5098],[-74.083,4.5103],[-74.0827,4.5075],[-74.0861,4.5067],[-74.0859,4.5058],[-74.0881,4.5051],[-74.0881,4.5044],[-74.0869,4.5037],[-74.0863,4.5018],[-74.0829,4.5034],[-74.0806,4.5036],[-74.0775,4.5063],[-74.0756,4.5025],[-74.0772,4.5019],[-74.0749,4.4989],[-74.0729,4.498],[-74.0689,4.499],[-74.0674,4.498],[-74.0678,4.4976],[-74.069,4.4986],[-74.0714,4.4965],[-74.0737,4.4968],[-74.0708,4.4949],[-74.0693,4.4946],[-74.0656,4.4919],[-74.0645,4.492],[-74.0635,4.4903],[-74.0615,4.4921],[-74.0609,4.496],[-74.0593,4.4971],[-74.0595,4.4987],[-74.0572,4.503],[-74.0576,4.5047],[-74.056,4.5074],[-74.0576,4.509],[-74.0561,4.5099],[-74.0502,4.5109],[-74.0423,4.511],[-74.042,4.5158],[-74.0405,4.52],[-74.0413,4.5274],[-74.0403,4.5312],[-74.0415,4.5333],[-74.0436,4.5344],[-74.0453,4.5413],[-74.0485,4.5419],[-74.0498,4.5447],[-74.0519,4.5468],[-74.0524,4.5481],[-74.0559,4.5496],[-74.056,4.5507],[-74.0576,4.5525],[-74.0586,4.5529],[-74.0601,4.5552],[-74.0624,4.5566],[-74.0622,4.5576],[-74.0632,4.5586],[-74.0636,4.5605],[-74.0659,4.5613],[-74.0663,4.5628],[-74.0674,4.5632],[-74.0671,4.562],[-74.0678,4.5623],[-74.068,4.5617],[-74.0671,4.5613],[-74.0679,4.5591],[-74.0674,4.5587],[-74.0679,4.5589],[-74.0676,4.5584],[-74.0698,4.5549],[-74.0695,4.5557],[-74.0702,4.556],[-74.0684,4.5604],[-74.069,4.5637],[-74.068,4.5637],[-74.0678,4.5643],[-74.0695,4.5645],[-74.0694,4.5636],[-74.0698,4.5644],[-74.0706,4.5637],[-74.0719,4.5638]]]}},{"type":"Feature","properties":{"b":"El Cedro","loc":"Engativá","upz":"Engativá","uso":"Residencial","d":-4.7,"c":53.5,"a":28.8,"w":"C","cod":"005662","estrato":3,"estrato_mean":3.0,"np":1,"p2":70.4,"g22":12.3,"src":"2026","abs":34.4},"geometry":{"type":"Polygon","coordinates":[[[-74.1557,4.7206],[-74.1554,4.7173],[-74.1524,4.7146],[-74.15,4.7141],[-74.1468,4.7117],[-74.1456,4.712],[-74.1438,4.714],[-74.1438,4.7177],[-74.1447,4.7204],[-74.1442,4.7217],[-74.1468,4.7236],[-74.1496,4.7205],[-74.1517,4.7199],[-74.1557,4.7206]]]}},{"type":"Feature","properties":{"b":"Quirigua Oriental","loc":"Engativá","upz":"Minuto De Dios","uso":"Residencial","d":-4.7,"c":36.4,"a":42.8,"w":"A","cod":"005639","estrato":3,"estrato_mean":3.0,"np":1,"p2":52.8,"g22":11.7,"src":"2026","abs":32.3},"geometry":{"type":"Polygon","coordinates":[[[-74.1015,4.7065],[-74.0965,4.7119],[-74.0971,4.7124],[-74.1026,4.7062],[-74.1046,4.7081],[-74.107,4.7058],[-74.1035,4.7043],[-74.1015,4.7065]]]}},{"type":"Feature","properties":{"b":"El Ejido","loc":"Puente Aranda","upz":"Zona Industrial","uso":"Industrial","d":-10.4,"c":36.8,"a":43.6,"w":"A","cod":"006206","estrato":3,"estrato_mean":3.0,"np":1,"p2":57.8,"g22":10.7,"src":"2026","abs":41.6},"geometry":{"type":"Polygon","coordinates":[[[-74.1001,4.6215],[-74.0983,4.6235],[-74.1003,4.6253],[-74.0997,4.6265],[-74.1067,4.6274],[-74.1001,4.6215]]]}},{"type":"Feature","properties":{"b":"Arborizadora Alta","loc":"Ciudad Bolívar","upz":"Jerusalén","uso":"Residencial","d":-3.5,"c":63.2,"a":21.3,"w":"C","cod":"002573","estrato":1,"estrato_mean":1.0,"np":1,"p2":89.0,"g22":22.3,"src":"2026","abs":27.0},"geometry":{"type":"Polygon","coordinates":[[[-74.1582,4.5701],[-74.1591,4.5691],[-74.1625,4.5688],[-74.1613,4.5671],[-74.1622,4.5666],[-74.1611,4.5668],[-74.1564,4.5648],[-74.156,4.5657],[-74.1574,4.5672],[-74.1582,4.5701]]]}},{"type":"Feature","properties":{"b":"La Paz","loc":"Barrios Unidos","upz":"Los Alcázares","uso":"Residencial","d":-3.7,"c":37.4,"a":46.3,"w":"A","cod":"007310","estrato":3,"estrato_mean":3.0,"np":1,"p2":52.1,"g22":11.0,"src":"2026","abs":41.6},"geometry":{"type":"Polygon","coordinates":[[[-74.0777,4.6566],[-74.0743,4.656],[-74.0717,4.6605],[-74.0759,4.6636],[-74.0777,4.6566]]]}},{"type":"Feature","properties":{"b":"Villa Carmenza","loc":"Fontibón","upz":"Fontibón","uso":"Residencial","d":-5.9,"c":53.6,"a":29.4,"w":"C","cod":"006417","estrato":3,"estrato_mean":3.0,"np":1,"p2":61.7,"g22":11.6,"src":"2026","abs":28.2},"geometry":{"type":"Polygon","coordinates":[[[-74.1508,4.679],[-74.1489,4.6811],[-74.1505,4.683],[-74.1499,4.684],[-74.1535,4.681],[-74.1508,4.679]]]}},{"type":"Feature","properties":{"b":"La Florida Occidental","loc":"Puente Aranda","upz":"Zona Industrial","uso":"Industrial","d":-7.4,"c":47.2,"a":35.0,"w":"C","cod":"006203","estrato":2,"estrato_mean":2.0,"np":1,"p2":63.5,"g22":9.0,"src":"2026","abs":46.3},"geometry":{"type":"Polygon","coordinates":[[[-74.0878,4.6218],[-74.0866,4.6205],[-74.0834,4.6244],[-74.0914,4.6256],[-74.0878,4.6218]]]}},{"type":"Feature","properties":{"b":"Marco Fidel Suárez","loc":"Rafael Uribe Uribe","upz":"Marco Fidel Suárez","uso":"Residencial","d":-7.1,"c":52.3,"a":30.9,"w":"C","cod":"001410","estrato":3,"estrato_mean":3.0,"np":3,"p2":71.1,"g22":13.3,"src":"2026","abs":32.8},"geometry":{"type":"Polygon","coordinates":[[[-74.1241,4.571],[-74.1246,4.5713],[-74.1255,4.5693],[-74.1231,4.5682],[-74.1223,4.5687],[-74.1146,4.567],[-74.1199,4.5712],[-74.1213,4.5697],[-74.1241,4.571]]]}},{"type":"Feature","properties":{"b":"Provivienda","loc":"Kennedy","upz":"Carvajal","uso":"Comercial","d":-3.5,"c":39.9,"a":40.8,"w":"A","cod":"004504","estrato":3,"estrato_mean":3.0,"np":3,"p2":55.4,"g22":11.2,"src":"2026","abs":29.6},"geometry":{"type":"Polygon","coordinates":[[[-74.1383,4.6175],[-74.1395,4.6187],[-74.1418,4.6065],[-74.1423,4.6063],[-74.1399,4.6063],[-74.1376,4.6075],[-74.1373,4.6072],[-74.1387,4.606],[-74.138,4.6057],[-74.1292,4.6094],[-74.1344,4.6128],[-74.1383,4.6175]]]}},{"type":"Feature","properties":{"b":"Las Cruces","loc":"Santa Fe","upz":"Las Cruces","uso":"Residencial","d":-9.6,"c":61.4,"a":23.2,"w":"C","cod":"003202","estrato":2,"estrato_mean":2.0,"np":1,"p2":81.6,"g22":10.6,"src":"2026","abs":29.3},"geometry":{"type":"Polygon","coordinates":[[[-74.0818,4.5866],[-74.079,4.5825],[-74.078,4.5832],[-74.0762,4.5878],[-74.0772,4.5887],[-74.0761,4.5881],[-74.0758,4.5885],[-74.0785,4.5905],[-74.0798,4.5904],[-74.0827,4.5923],[-74.0848,4.5892],[-74.0818,4.5866]]]}},{"type":"Feature","properties":{"b":"Las Manas","loc":"Ciudad Bolívar","upz":"Jerusalén","uso":"Residencial","d":-3.8,"c":63.3,"a":21.2,"w":"C","cod":"002520","estrato":1,"estrato_mean":1.0,"np":1,"p2":78.9,"g22":11.8,"src":"2026","abs":38.9},"geometry":{"type":"Polygon","coordinates":[[[-74.1649,4.5681],[-74.1682,4.5673],[-74.1692,4.5659],[-74.1676,4.5666],[-74.1663,4.5663],[-74.1663,4.5672],[-74.1625,4.5685],[-74.1649,4.5681]]]}},{"type":"Feature","properties":{"b":"El Remanso","loc":"Bosa","upz":"Tintal Sur","uso":"Residencial","d":-5.4,"c":62.1,"a":20.9,"w":"C","cod":"205320","estrato":1,"estrato_mean":1.0,"np":1,"p2":74.0,"g22":9.3,"src":"2026","abs":31.8},"geometry":{"type":"Polygon","coordinates":[[[-74.2043,4.6175],[-74.2037,4.6188],[-74.2046,4.6185],[-74.2044,4.6177],[-74.2067,4.6164],[-74.2059,4.6143],[-74.2043,4.6175]]]}},{"type":"Feature","properties":{"b":"Santa Cecilia","loc":"Engativá","upz":"Santa Cecilia","uso":"Residencial","d":-4.5,"c":27.4,"a":49.1,"w":"A","cod":"005638","estrato":3,"estrato_mean":3.0,"np":1,"p2":41.0,"g22":9.1,"src":"2026","abs":27.3},"geometry":{"type":"Polygon","coordinates":[[[-74.111,4.6743],[-74.1098,4.6762],[-74.1105,4.6773],[-74.109,4.6791],[-74.1117,4.6815],[-74.1134,4.677],[-74.111,4.6743]]]}},{"type":"Feature","properties":{"b":"Bolonia I","loc":"Usme","upz":"Ciudad Usme","uso":"Residencial","d":-6.9,"c":64.3,"a":19.5,"w":"C","cod":"202203","estrato":1,"estrato_mean":1.0,"np":1,"p2":80.0,"g22":8.9,"src":"2026","abs":36.8},"geometry":{"type":"Polygon","coordinates":[[[-74.0975,4.5091],[-74.0974,4.5086],[-74.0945,4.5086],[-74.0942,4.5105],[-74.096,4.5098],[-74.096,4.5087],[-74.0975,4.5091]]]}},{"type":"Feature","properties":{"b":"San Bernardino Xxii Urbano","loc":"Bosa","upz":"Tintal Sur","uso":"Residencial","d":-5.6,"c":57.5,"a":25.0,"w":"C","cod":"004577","estrato":2,"estrato_mean":2.0,"np":1,"p2":73.4,"g22":12.0,"src":"2026","abs":18.2},"geometry":{"type":"Polygon","coordinates":[[[-74.2146,4.6288],[-74.2147,4.6311],[-74.2167,4.6288],[-74.2161,4.6278],[-74.2161,4.6241],[-74.2149,4.6213],[-74.2149,4.6179],[-74.2129,4.6178],[-74.2137,4.6238],[-74.2132,4.624],[-74.214,4.6264],[-74.2133,4.6266],[-74.2146,4.6288]]]}},{"type":"Feature","properties":{"b":"Páramo Rural V","loc":"Chapinero","upz":"San Isidro - Patios","uso":"Residencial","d":-5.2,"c":45.9,"a":29.5,"w":"C","cod":"208127","estrato":6,"estrato_mean":6.0,"np":1,"p2":71.4,"g22":13.4,"src":"2026","abs":37.3},"geometry":{"type":"Polygon","coordinates":[[[-74.0126,4.6674],[-74.0135,4.6671],[-74.0138,4.6676],[-74.0148,4.6666],[-74.0141,4.6664],[-74.0144,4.6659],[-74.0115,4.665],[-74.0112,4.6637],[-74.0106,4.6643],[-74.0096,4.664],[-74.01,4.6649],[-74.0108,4.6646],[-74.0103,4.6653],[-74.0114,4.6668],[-74.0122,4.6667],[-74.0126,4.6674]]]}},{"type":"Feature","properties":{"b":"El Mirador Ii","loc":"Ciudad Bolívar","upz":"Lucero","uso":"Residencial","d":-4.8,"c":65.8,"a":19.3,"w":"C","cod":"204107","estrato":1,"estrato_mean":1.0,"np":1,"p2":82.9,"g22":12.2,"src":"2026","abs":49.9},"geometry":{"type":"Polygon","coordinates":[[[-74.1596,4.5479],[-74.1606,4.5484],[-74.1612,4.5469],[-74.1592,4.5468],[-74.1585,4.5477],[-74.1596,4.5479]]]}},{"type":"Feature","properties":{"b":"El Triángulo","loc":"San Cristóbal","upz":"San Blas","uso":"Residencial","d":-2.9,"c":63.4,"a":22.4,"w":"C","cod":"201302","estrato":1,"estrato_mean":1.0,"np":1,"p2":77.7,"g22":11.4,"src":"2026","abs":35.3},"geometry":{"type":"Polygon","coordinates":[[[-74.0763,4.5677],[-74.078,4.5682],[-74.0782,4.5667],[-74.0763,4.5634],[-74.0778,4.5615],[-74.0741,4.5606],[-74.0749,4.5652],[-74.0755,4.5649],[-74.0759,4.5655],[-74.0763,4.5677]]]}},{"type":"Feature","properties":{"b":"Arabia I","loc":"Ciudad Bolívar","upz":"El Tesoro","uso":"Residencial","d":-2.6,"c":68.2,"a":17.7,"w":"C","cod":"204127","estrato":1,"estrato_mean":1.0,"np":1,"p2":83.9,"g22":13.1,"src":"2026","abs":48.7},"geometry":{"type":"Polygon","coordinates":[[[-74.1491,4.5327],[-74.1494,4.5333],[-74.1499,4.5325],[-74.1491,4.5327]]]}},{"type":"Feature","properties":{"b":"San Bernardino Xviii","loc":"Bosa","upz":"Tintal Sur","uso":"Residencial","d":-6.1,"c":60.0,"a":24.3,"w":"C","cod":"205318","estrato":1,"estrato_mean":1.0,"np":1,"p2":78.3,"g22":12.2,"src":"2026","abs":38.9},"geometry":{"type":"Polygon","coordinates":[[[-74.2109,4.6175],[-74.2111,4.6179],[-74.212,4.6174],[-74.2125,4.6164],[-74.212,4.6149],[-74.2104,4.6157],[-74.2109,4.6175]]]}},{"type":"Feature","properties":{"b":"Arabia Ii","loc":"Ciudad Bolívar","upz":"El Tesoro","uso":"Residencial","d":-2.6,"c":68.2,"a":17.7,"w":"C","cod":"204130","estrato":1,"estrato_mean":1.0,"np":1,"p2":83.9,"g22":13.1,"src":"2026","abs":48.7},"geometry":{"type":"Polygon","coordinates":[[[-74.1509,4.5339],[-74.1508,4.5328],[-74.1504,4.5328],[-74.1509,4.5339]]]}},{"type":"Feature","properties":{"b":"Casablanca Suba Otoño","loc":"Suba","upz":"La Academia","uso":"Residencial","d":-6.0,"c":31.4,"a":47.2,"w":"A","cod":"207110","estrato":2,"estrato_mean":2.0,"np":1,"p2":49.0,"g22":11.5,"src":"2026","abs":45.3},"geometry":{"type":"Polygon","coordinates":[[[-74.049,4.7798],[-74.0484,4.7832],[-74.0517,4.7836],[-74.0524,4.78],[-74.049,4.7798]]]}},{"type":"Feature","properties":{"b":"Páramo Urbano","loc":"Chapinero","upz":"San Isidro - Patios","uso":"Residencial","d":-5.2,"c":47.6,"a":32.7,"w":"C","cod":"208104","estrato":2,"estrato_mean":2.0,"np":1,"p2":71.4,"g22":13.4,"src":"2026","abs":51.1},"geometry":{"type":"Polygon","coordinates":[[[-74.03,4.6754],[-74.031,4.6759],[-74.0305,4.6739],[-74.028,4.6752],[-74.03,4.6754]]]}},{"type":"Feature","properties":{"b":"El Uval","loc":"Usme","upz":"Ciudad Usme","uso":"Residencial","d":-2.6,"c":65.2,"a":21.0,"w":"C","cod":"202502","estrato":1,"estrato_mean":1.0,"np":1,"p2":78.6,"g22":10.8,"src":"2026","abs":40.0},"geometry":{"type":"Polygon","coordinates":[[[-74.1026,4.485],[-74.1021,4.4857],[-74.1032,4.4846],[-74.1026,4.485]]]}},{"type":"Feature","properties":{"b":"Monte Carlo","loc":"San Cristóbal","upz":"San Blas","uso":"Residencial","d":-5.6,"c":58.7,"a":25.4,"w":"C","cod":"001115","estrato":1,"estrato_mean":1.0,"np":1,"p2":76.4,"g22":12.1,"src":"2026","abs":24.9},"geometry":{"type":"Polygon","coordinates":[[[-74.0704,4.5693],[-74.07,4.5696],[-74.0716,4.5707],[-74.0735,4.5699],[-74.0709,4.5674],[-74.0703,4.5676],[-74.0701,4.5688],[-74.0709,4.5692],[-74.0704,4.5693]]]}},{"type":"Feature","properties":{"b":"Barrancas Oriental I","loc":"Usaquén","upz":"San Cristóbal Norte","uso":"Residencial","d":-3.1,"c":34.0,"a":44.3,"w":"A","cod":"008551","estrato":3,"estrato_mean":3.0,"np":1,"p2":49.3,"g22":12.2,"src":"2026","abs":35.7},"geometry":{"type":"Polygon","coordinates":[[[-74.0162,4.7434],[-74.0169,4.7432],[-74.0162,4.7432],[-74.0162,4.7434]]]}},{"type":"Feature","properties":{"b":"Olarte","loc":"Bosa","upz":"Apogeo","uso":"Residencial","d":-5.6,"c":56.4,"a":27.9,"w":"C","cod":"004538","estrato":2,"estrato_mean":2.0,"np":4,"p2":74.9,"g22":11.5,"src":"2026","abs":31.3},"geometry":{"type":"Polygon","coordinates":[[[-74.1619,4.6047],[-74.1647,4.6052],[-74.1685,4.5977],[-74.1674,4.5974],[-74.1676,4.5962],[-74.1626,4.596],[-74.1619,4.6047]]]}},{"type":"Feature","properties":{"b":"La Esperanza Sur","loc":"Fontibón","upz":"Ciudad Salitre Occidental","uso":"Dotacional","d":-5.0,"c":24.2,"a":52.8,"w":"A","cod":"006315","estrato":3,"estrato_mean":3.0,"np":1,"p2":38.6,"g22":9.3,"src":"2026","abs":31.0},"geometry":{"type":"Polygon","coordinates":[[[-74.1142,4.6585],[-74.1141,4.6598],[-74.1157,4.6618],[-74.1204,4.6561],[-74.1182,4.6537],[-74.1142,4.6585]]]}},{"type":"Feature","properties":{"b":"Batán","loc":"Suba","upz":"Niza","uso":"Residencial","d":-5.3,"c":13.3,"a":58.4,"w":"A","cod":"009118","estrato":5,"estrato_mean":5.0,"np":1,"p2":28.2,"g22":9.7,"src":"2026","abs":23.5},"geometry":{"type":"Polygon","coordinates":[[[-74.065,4.7047],[-74.0546,4.7029],[-74.0539,4.7069],[-74.0624,4.7083],[-74.0692,4.7112],[-74.0721,4.711],[-74.0709,4.7053],[-74.066,4.7048],[-74.0665,4.7038],[-74.0654,4.7034],[-74.065,4.7047]]]}},{"type":"Feature","properties":{"b":"Ciudad Universitaria","loc":"Teusaquillo","upz":"Parque Simón Bolívar - Can","uso":"Dotacional","d":-9.7,"c":37.3,"a":35.9,"w":"C","cod":"005108","estrato":4,"estrato_mean":4.0,"np":1,"p2":56.9,"g22":9.9,"src":"2026","abs":36.9},"geometry":{"type":"Polygon","coordinates":[[[-74.084,4.6321],[-74.0814,4.6325],[-74.0807,4.6334],[-74.0796,4.6332],[-74.079,4.6417],[-74.0796,4.6415],[-74.084,4.6451],[-74.0924,4.6364],[-74.0903,4.6345],[-74.084,4.6321]]]}},{"type":"Feature","properties":{"b":"Las Mercedes Suba Rural","loc":"Suba","upz":"Suba","uso":"Residencial","d":-5.9,"c":47.4,"a":33.0,"w":"C","cod":"107107","estrato":2,"estrato_mean":2.0,"np":1,"p2":65.7,"g22":12.3,"src":"2026","abs":25.6},"geometry":{"type":"Polygon","coordinates":[[[-74.0771,4.761],[-74.0768,4.7635],[-74.0815,4.7691],[-74.0852,4.7752],[-74.095,4.765],[-74.0917,4.7617],[-74.0944,4.7589],[-74.0936,4.7585],[-74.0929,4.7592],[-74.0918,4.7581],[-74.0902,4.7598],[-74.0899,4.7594],[-74.0909,4.7584],[-74.0895,4.759],[-74.0889,4.7581],[-74.0902,4.7577],[-74.0847,4.7579],[-74.0834,4.7598],[-74.0828,4.7583],[-74.0805,4.7584],[-74.0791,4.7572],[-74.0774,4.7587],[-74.0771,4.761]]]}},{"type":"Feature","properties":{"b":"Siberia","loc":"Chapinero","upz":"Pardo Rubio","uso":"Residencial","d":-5.0,"c":53.4,"a":28.8,"w":"C","cod":"101502","estrato":1,"estrato_mean":1.0,"np":1,"p2":75.8,"g22":12.1,"src":"2026","abs":24.9},"geometry":{"type":"Polygon","coordinates":[[[-74.0567,4.6255],[-74.058,4.6257],[-74.0581,4.6271],[-74.061,4.6266],[-74.0604,4.626],[-74.0593,4.6264],[-74.0584,4.6248],[-74.0568,4.6244],[-74.0551,4.6227],[-74.0492,4.6215],[-74.0494,4.62],[-74.0515,4.6187],[-74.0488,4.6195],[-74.0474,4.616],[-74.0462,4.6158],[-74.0454,4.6137],[-74.0433,4.6123],[-74.0404,4.6126],[-74.0365,4.6165],[-74.0359,4.6188],[-74.0369,4.6202],[-74.0357,4.6215],[-74.0358,4.6221],[-74.0504,4.6283],[-74.0501,4.6305],[-74.0484,4.6327],[-74.0484,4.6357],[-74.0521,4.6388],[-74.053,4.6389],[-74.0529,4.6381],[-74.0523,4.6381],[-74.0541,4.6374],[-74.0546,4.6385],[-74.0555,4.6383],[-74.0564,4.6398],[-74.0564,4.6418],[-74.0577,4.6406],[-74.0578,4.6374],[-74.059,4.6366],[-74.0557,4.6346],[-74.0562,4.6302],[-74.0592,4.6312],[-74.0594,4.6295],[-74.0607,4.6288],[-74.055,4.627],[-74.0555,4.6253],[-74.0567,4.6255]]]}},{"type":"Feature","properties":{"b":"San Isidro Rural Ii","loc":"Chapinero","upz":"San Isidro - Patios","uso":"Residencial","d":-5.2,"c":45.9,"a":29.5,"w":"C","cod":"208126","estrato":6,"estrato_mean":6.0,"np":1,"p2":71.4,"g22":13.4,"src":"2026","abs":37.3},"geometry":{"type":"Polygon","coordinates":[[[-74.0138,4.6676],[-74.0145,4.6694],[-74.0157,4.6695],[-74.0158,4.67],[-74.0166,4.6694],[-74.017,4.6699],[-74.0219,4.6653],[-74.0241,4.6647],[-74.0239,4.663],[-74.022,4.663],[-74.0216,4.6639],[-74.0208,4.6638],[-74.0198,4.6657],[-74.0194,4.6648],[-74.0173,4.6638],[-74.0159,4.6654],[-74.0126,4.6629],[-74.0112,4.6637],[-74.0113,4.6643],[-74.0115,4.665],[-74.0144,4.6659],[-74.0141,4.6664],[-74.0148,4.6666],[-74.0138,4.6676]]]}},{"type":"Feature","properties":{"b":"Galán Rural","loc":"Kennedy","upz":"Calandaima","uso":"Residencial","d":-3.6,"c":53.2,"a":29.3,"w":"C","cod":"205221","estrato":1,"estrato_mean":1.0,"np":1,"p2":68.3,"g22":11.5,"src":"2026","abs":25.2},"geometry":{"type":"Polygon","coordinates":[[[-74.1733,4.6541],[-74.1744,4.6552],[-74.1747,4.6541],[-74.1767,4.6547],[-74.1788,4.6533],[-74.1772,4.651],[-74.1759,4.652],[-74.1756,4.6515],[-74.172,4.6526],[-74.1733,4.6541]]]}},{"type":"Feature","properties":{"b":"Aguas Claras","loc":"San Cristóbal","upz":"San Blas","uso":"Residencial","d":-2.8,"c":67.5,"a":16.6,"w":"C","cod":"201304","estrato":1,"estrato_mean":1.0,"np":1,"p2":82.0,"g22":11.7,"src":"2026","abs":42.6},"geometry":{"type":"Polygon","coordinates":[[[-74.0691,4.5585],[-74.0702,4.556],[-74.0695,4.5557],[-74.0698,4.5549],[-74.0679,4.558],[-74.0691,4.5585]]]}},{"type":"Feature","properties":{"b":"Puerta Al Llano Rural","loc":"Usme","upz":"Alfonso López","uso":"Residencial","d":-4.6,"c":66.7,"a":22.3,"w":"C","cod":"202511","estrato":1,"estrato_mean":1.0,"np":1,"p2":83.9,"g22":10.8,"src":"2026","abs":46.6},"geometry":{"type":"Polygon","coordinates":[[[-74.1101,4.4927],[-74.1098,4.4905],[-74.1115,4.49],[-74.1128,4.488],[-74.1141,4.4874],[-74.1133,4.4869],[-74.1097,4.4876],[-74.1083,4.4865],[-74.1071,4.4869],[-74.1064,4.4883],[-74.1038,4.4882],[-74.1047,4.4912],[-74.1043,4.4939],[-74.1054,4.4954],[-74.107,4.4935],[-74.108,4.4944],[-74.1099,4.4922],[-74.1101,4.4927]]]}},{"type":"Feature","properties":{"b":"El Jazmín","loc":"Kennedy","upz":"Patio Bonito","uso":"Residencial","d":-3.9,"c":54.2,"a":29.5,"w":"C","cod":"205209","estrato":1,"estrato_mean":1.0,"np":1,"p2":68.5,"g22":10.4,"src":"2026","abs":17.3},"geometry":{"type":"Polygon","coordinates":[[[-74.1798,4.6511],[-74.1803,4.652],[-74.1818,4.6497],[-74.1805,4.6473],[-74.1786,4.6492],[-74.1798,4.6511]]]}},{"type":"Feature","properties":{"b":"La Magdalena I","loc":"Kennedy","upz":"Tintal Norte","uso":"Residencial","d":-16.6,"c":43.3,"a":37.0,"w":"C","cod":"205109","estrato":2,"estrato_mean":2.0,"np":3,"p2":65.6,"g22":12.0,"src":"2026","abs":18.3},"geometry":{"type":"Polygon","coordinates":[[[-74.1561,4.6579],[-74.1587,4.6572],[-74.1645,4.6538],[-74.165,4.6514],[-74.1646,4.6498],[-74.1593,4.6528],[-74.1587,4.6518],[-74.1544,4.6562],[-74.1561,4.6579]]]}},{"type":"Feature","properties":{"b":"El Uval Ii","loc":"Usme","upz":"Ciudad Usme","uso":"Residencial","d":-3.7,"c":69.4,"a":17.8,"w":"C","cod":"202513","estrato":1,"estrato_mean":1.0,"np":1,"p2":83.9,"g22":10.8,"src":"2026","abs":34.5},"geometry":{"type":"Polygon","coordinates":[[[-74.1164,4.4877],[-74.1193,4.4878],[-74.1203,4.4873],[-74.1212,4.4884],[-74.1205,4.4853],[-74.1216,4.4841],[-74.1216,4.4828],[-74.1213,4.4823],[-74.1202,4.4843],[-74.1199,4.4822],[-74.1183,4.481],[-74.1153,4.4797],[-74.1137,4.4805],[-74.1134,4.4798],[-74.1117,4.4829],[-74.1126,4.4871],[-74.1164,4.4877]]]}},{"type":"Feature","properties":{"b":"El Mochuelo Ii Norte","loc":"Ciudad Bolívar","upz":"El Tesoro","uso":"Residencial","d":-2.6,"c":68.2,"a":17.7,"w":"C","cod":"204129","estrato":1,"estrato_mean":1.0,"np":1,"p2":83.9,"g22":13.1,"src":"2026","abs":48.7},"geometry":{"type":"Polygon","coordinates":[[[-74.1468,4.5324],[-74.1484,4.5323],[-74.1486,4.5309],[-74.1479,4.5316],[-74.1467,4.5315],[-74.1468,4.5324]]]}},{"type":"Feature","properties":{"b":"El Chanco Ii","loc":"Fontibón","upz":"Zona Franca","uso":"Industrial","d":-4.1,"c":49.2,"a":32.5,"w":"C","cod":"205401","estrato":3,"estrato_mean":3.0,"np":1,"p2":66.3,"g22":13.0,"src":"2026","abs":20.8},"geometry":{"type":"Polygon","coordinates":[[[-74.1655,4.6901],[-74.1675,4.6886],[-74.1673,4.6878],[-74.171,4.6839],[-74.1695,4.682],[-74.1711,4.6807],[-74.1683,4.6826],[-74.1686,4.683],[-74.1655,4.6866],[-74.1647,4.6881],[-74.1655,4.6901]]]}},{"type":"Feature","properties":{"b":"Serranías I","loc":"Usme","upz":"Comuneros","uso":"Residencial","d":-5.2,"c":61.0,"a":25.5,"w":"C","cod":"002576","estrato":1,"estrato_mean":1.0,"np":1,"p2":75.6,"g22":10.6,"src":"2026","abs":36.7},"geometry":{"type":"Polygon","coordinates":[[[-74.1109,4.495],[-74.1091,4.4961],[-74.1106,4.4966],[-74.1096,4.4981],[-74.112,4.5006],[-74.1143,4.4969],[-74.1125,4.4958],[-74.1115,4.4965],[-74.1109,4.495]]]}},{"type":"Feature","properties":{"b":"Ciudad Hunza","loc":"Suba","upz":"El Rincón","uso":"Residencial","d":-2.5,"c":41.4,"a":38.8,"w":"C","cod":"009235","estrato":2,"estrato_mean":1.91,"np":2,"p2":56.0,"g22":12.2,"src":"2026","abs":37.6},"geometry":{"type":"Polygon","coordinates":[[[-74.0848,4.7193],[-74.0838,4.7207],[-74.0855,4.7212],[-74.0854,4.722],[-74.0862,4.7221],[-74.0863,4.7227],[-74.0894,4.7237],[-74.0903,4.7198],[-74.0874,4.7188],[-74.0853,4.7186],[-74.0848,4.7193]]]}},{"type":"Feature","properties":{"b":"Voto Nacional","loc":"Los Mártires","upz":"La Sabana","uso":"Comercial","d":-6.3,"c":38.7,"a":44.2,"w":"A","cod":"004103","estrato":3,"estrato_mean":3.0,"np":1,"p2":55.2,"g22":10.2,"src":"2026","abs":45.7},"geometry":{"type":"Polygon","coordinates":[[[-74.0833,4.6066],[-74.0844,4.6076],[-74.0875,4.603],[-74.0862,4.6022],[-74.0866,4.6017],[-74.0858,4.601],[-74.0829,4.5994],[-74.0799,4.6036],[-74.0833,4.6066]]]}},{"type":"Feature","properties":{"b":"El Mochuelo Ii","loc":"Ciudad Bolívar","upz":"Monte Blanco","uso":"Residencial","d":-5.1,"c":67.9,"a":17.9,"w":"C","cod":"104129","estrato":1,"estrato_mean":1.0,"np":1,"p2":84.3,"g22":11.4,"src":"2026","abs":44.4},"geometry":{"type":"Polygon","coordinates":[[[-74.1396,4.5362],[-74.1423,4.5329],[-74.1405,4.5275],[-74.141,4.5248],[-74.1425,4.5226],[-74.1454,4.5203],[-74.1464,4.5173],[-74.1451,4.5158],[-74.1465,4.5144],[-74.1469,4.5091],[-74.1445,4.5095],[-74.1431,4.5087],[-74.1432,4.5069],[-74.1456,4.5061],[-74.1454,4.5041],[-74.1476,4.5036],[-74.1477,4.5024],[-74.1447,4.5028],[-74.1414,4.5067],[-74.1374,4.5079],[-74.1345,4.51],[-74.1367,4.5098],[-74.1365,4.514],[-74.1334,4.5119],[-74.1329,4.51],[-74.1317,4.5099],[-74.1318,4.5166],[-74.1328,4.5242],[-74.1333,4.5271],[-74.1345,4.5284],[-74.1341,4.5289],[-74.1342,4.5316],[-74.1349,4.5328],[-74.136,4.533],[-74.1359,4.5336],[-74.1377,4.5345],[-74.1375,4.535],[-74.1396,4.5362]]]}},{"type":"Feature","properties":{"b":"Dindalito","loc":"Kennedy","upz":"Patio Bonito","uso":"Residencial","d":-4.2,"c":50.7,"a":32.3,"w":"C","cod":"004612","estrato":2,"estrato_mean":2.0,"np":2,"p2":66.8,"g22":11.5,"src":"2026","abs":32.7},"geometry":{"type":"Polygon","coordinates":[[[-74.1755,4.6437],[-74.176,4.6447],[-74.1783,4.643],[-74.175,4.6367],[-74.1721,4.6379],[-74.1755,4.6437]]]}},{"type":"Feature","properties":{"b":"Veraguas","loc":"Los Mártires","upz":"Santa Isabel","uso":"Residencial","d":-6.8,"c":32.1,"a":49.7,"w":"A","cod":"004109","estrato":3,"estrato_mean":3.0,"np":1,"p2":48.1,"g22":9.2,"src":"2026","abs":42.3},"geometry":{"type":"Polygon","coordinates":[[[-74.1006,4.6034],[-74.095,4.5994],[-74.0944,4.6009],[-74.0968,4.6027],[-74.0954,4.6045],[-74.098,4.6066],[-74.1006,4.6034]]]}},{"type":"Feature","properties":{"b":"Conejera","loc":"Suba","upz":"La Academia","uso":"Residencial","d":-3.7,"c":14.5,"a":63.6,"w":"A","cod":"009142","estrato":6,"estrato_mean":6.0,"np":1,"p2":26.8,"g22":8.6,"src":"2026","abs":32.3},"geometry":{"type":"Polygon","coordinates":[[[-74.0632,4.8019],[-74.0623,4.8045],[-74.0635,4.8049],[-74.0644,4.8023],[-74.0632,4.8019]]]}},{"type":"Feature","properties":{"b":"Jorge Eliécer Gaitán","loc":"Barrios Unidos","upz":"Doce De Octubre","uso":"Residencial","d":-7.1,"c":32.4,"a":49.0,"w":"A","cod":"005201","estrato":3,"estrato_mean":3.04,"np":2,"p2":49.8,"g22":10.4,"src":"2026","abs":33.4},"geometry":{"type":"Polygon","coordinates":[[[-74.0707,4.6708],[-74.0674,4.6739],[-74.075,4.679],[-74.0773,4.6817],[-74.0776,4.6811],[-74.0764,4.6789],[-74.0756,4.6745],[-74.0707,4.6708]]]}},{"type":"Feature","properties":{"b":"La Pepita","loc":"Los Mártires","upz":"La Sabana","uso":"Comercial","d":-5.9,"c":24.3,"a":63.0,"w":"A","cod":"004110","estrato":3,"estrato_mean":3.0,"np":1,"p2":60.0,"g22":7.5,"src":"2026","abs":39.2},"geometry":{"type":"Polygon","coordinates":[[[-74.0915,4.6017],[-74.0895,4.6047],[-74.0875,4.603],[-74.086,4.6052],[-74.0899,4.6078],[-74.0931,4.6029],[-74.0915,4.6017]]]}},{"type":"Feature","properties":{"b":"El Vergel","loc":"Los Mártires","upz":"Santa Isabel","uso":"Residencial","d":-5.1,"c":34.5,"a":47.5,"w":"A","cod":"004106","estrato":3,"estrato_mean":3.0,"np":3,"p2":48.1,"g22":9.5,"src":"2026","abs":41.1},"geometry":{"type":"Polygon","coordinates":[[[-74.0952,4.5938],[-74.0947,4.5954],[-74.0921,4.5975],[-74.0956,4.5998],[-74.099,4.5949],[-74.0952,4.5938]]]}},{"type":"Feature","properties":{"b":"Las Aguas","loc":"Candelaria","upz":"La Candelaria","uso":"Residencial","d":-7.0,"c":46.9,"a":29.5,"w":"C","cod":"003103","estrato":3,"estrato_mean":2.72,"np":1,"p2":66.9,"g22":13.0,"src":"2026","abs":46.3},"geometry":{"type":"Polygon","coordinates":[[[-74.0601,4.6016],[-74.0602,4.6023],[-74.064,4.6035],[-74.0661,4.6087],[-74.0664,4.6065],[-74.0697,4.5995],[-74.0682,4.5985],[-74.0686,4.5979],[-74.0679,4.5982],[-74.0681,4.5969],[-74.0674,4.598],[-74.0659,4.5982],[-74.0658,4.5992],[-74.0644,4.6007],[-74.0605,4.6015],[-74.0602,4.6007],[-74.0601,4.6016]]]}},{"type":"Feature","properties":{"b":"Tocaimita Oriental","loc":"Usme","upz":"Ciudad Usme","uso":"Residencial","d":-2.1,"c":66.3,"a":18.0,"w":"C","cod":"202410","estrato":1,"estrato_mean":1.0,"np":1,"p2":81.4,"g22":13.0,"src":"2026","abs":43.9},"geometry":{"type":"Polygon","coordinates":[[[-74.0974,4.5023],[-74.0972,4.5015],[-74.0962,4.5016],[-74.0961,4.4994],[-74.0931,4.5001],[-74.0929,4.5014],[-74.0923,4.5008],[-74.092,4.5011],[-74.0928,4.5037],[-74.0981,4.503],[-74.0974,4.5023]]]}},{"type":"Feature","properties":{"b":"Tocaimita Oriental I","loc":"Usme","upz":"Gran Yomasa","uso":"Residencial","d":-4.5,"c":64.5,"a":21.2,"w":"C","cod":"002622","estrato":1,"estrato_mean":1.0,"np":1,"p2":82.9,"g22":9.7,"src":"2026","abs":31.6},"geometry":{"type":"Polygon","coordinates":[[[-74.0981,4.5027],[-74.0986,4.5029],[-74.0984,4.5015],[-74.0973,4.5016],[-74.0973,4.5025],[-74.0981,4.5027]]]}},{"type":"Feature","properties":{"b":"La Riviera","loc":"Engativá","upz":"Engativá","uso":"Residencial","d":-6.3,"c":35.2,"a":43.4,"w":"A","cod":"005670","estrato":2,"estrato_mean":2.0,"np":1,"p2":53.0,"g22":11.5,"src":"2026","abs":32.2},"geometry":{"type":"Polygon","coordinates":[[[-74.131,4.7165],[-74.1325,4.7162],[-74.1335,4.7168],[-74.1352,4.7151],[-74.133,4.7111],[-74.1299,4.708],[-74.1284,4.7109],[-74.1294,4.7114],[-74.1296,4.7129],[-74.13,4.7126],[-74.1303,4.7134],[-74.1315,4.714],[-74.1318,4.715],[-74.131,4.7165]]]}},{"type":"Feature","properties":{"b":"Tibaná","loc":"Puente Aranda","upz":"Ciudad Montes","uso":"Residencial","d":-7.3,"c":33.8,"a":45.8,"w":"A","cod":"004212","estrato":3,"estrato_mean":3.0,"np":1,"p2":52.3,"g22":11.2,"src":"2026","abs":36.0},"geometry":{"type":"Polygon","coordinates":[[[-74.1036,4.6125],[-74.1064,4.6148],[-74.1078,4.6136],[-74.1069,4.6128],[-74.1075,4.6124],[-74.1111,4.6123],[-74.1068,4.6078],[-74.1024,4.612],[-74.1036,4.6125]]]}},{"type":"Feature","properties":{"b":"Kasandra","loc":"Fontibón","upz":"Zona Franca","uso":"Industrial","d":-10.7,"c":56.7,"a":28.7,"w":"C","cod":"006532","estrato":2,"estrato_mean":2.0,"np":1,"p2":74.5,"g22":7.2,"src":"2026","abs":21.8},"geometry":{"type":"Polygon","coordinates":[[[-74.1704,4.6914],[-74.168,4.6935],[-74.1694,4.6947],[-74.171,4.6936],[-74.1704,4.6914]]]}},{"type":"Feature","properties":{"b":"La Pradera","loc":"Ciudad Bolívar","upz":"Jerusalén","uso":"Residencial","d":-5.9,"c":53.8,"a":28.9,"w":"C","cod":"002437","estrato":1,"estrato_mean":1.0,"np":2,"p2":70.3,"g22":12.7,"src":"2026","abs":41.7},"geometry":{"type":"Polygon","coordinates":[[[-74.1608,4.5729],[-74.1633,4.5761],[-74.1643,4.5753],[-74.1638,4.5734],[-74.1646,4.5709],[-74.1641,4.5709],[-74.1639,4.5683],[-74.1604,4.569],[-74.1604,4.57],[-74.1595,4.5709],[-74.1608,4.5729]]]}},{"type":"Feature","properties":{"b":"Los Angeles","loc":"Engativá","upz":"Garcés Navas","uso":"Residencial","d":-9.9,"c":37.9,"a":40.6,"w":"A","cod":"005623","estrato":3,"estrato_mean":3.0,"np":2,"p2":56.5,"g22":10.4,"src":"2026","abs":26.7},"geometry":{"type":"Polygon","coordinates":[[[-74.1162,4.6984],[-74.1194,4.7012],[-74.1227,4.6975],[-74.1232,4.6978],[-74.1242,4.6946],[-74.1205,4.6922],[-74.1171,4.6959],[-74.1162,4.6984]]]}},{"type":"Feature","properties":{"b":"Pasadena","loc":"Suba","upz":"La Alhambra","uso":"Residencial","d":-2.5,"c":13.1,"a":61.0,"w":"A","cod":"009125","estrato":5,"estrato_mean":4.94,"np":1,"p2":22.9,"g22":7.3,"src":"2026","abs":29.9},"geometry":{"type":"Polygon","coordinates":[[[-74.0649,4.6924],[-74.0663,4.6919],[-74.0651,4.689],[-74.0614,4.6879],[-74.0604,4.6967],[-74.0627,4.6975],[-74.0627,4.6918],[-74.0632,4.6929],[-74.0649,4.6924]]]}},{"type":"Feature","properties":{"b":"María Cristina","loc":"Chapinero","upz":"Pardo Rubio","uso":"Residencial","d":-2.8,"c":16.5,"a":49.3,"w":"A","cod":"008205","estrato":2,"estrato_mean":2.36,"np":1,"p2":28.2,"g22":8.9,"src":"2026","abs":19.6},"geometry":{"type":"Polygon","coordinates":[[[-74.0534,4.6395],[-74.0538,4.642],[-74.053,4.6426],[-74.0539,4.6431],[-74.0518,4.6473],[-74.0534,4.6484],[-74.0537,4.6462],[-74.0549,4.647],[-74.0553,4.6466],[-74.0591,4.6493],[-74.0603,4.6468],[-74.0562,4.6445],[-74.0549,4.6401],[-74.0557,4.6408],[-74.0554,4.6398],[-74.0537,4.639],[-74.0534,4.6395]]]}},{"type":"Feature","properties":{"b":"Potrerillo","loc":"Suba","upz":"El Rincón","uso":"Residencial","d":-3.3,"c":47.3,"a":33.8,"w":"C","cod":"009240","estrato":3,"estrato_mean":3.0,"np":1,"p2":61.8,"g22":11.3,"src":"2026","abs":26.6},"geometry":{"type":"Polygon","coordinates":[[[-74.0954,4.738],[-74.0962,4.7383],[-74.0974,4.7354],[-74.0952,4.7346],[-74.0946,4.7377],[-74.0954,4.738]]]}},{"type":"Feature","properties":{"b":"Compartir","loc":"Ciudad Bolívar","upz":"Lucero","uso":"Residencial","d":-1.7,"c":70.3,"a":17.2,"w":"C","cod":"002504","estrato":1,"estrato_mean":1.0,"np":1,"p2":83.5,"g22":11.5,"src":"2026","abs":41.3},"geometry":{"type":"Polygon","coordinates":[[[-74.1477,4.5587],[-74.1492,4.5599],[-74.15,4.5577],[-74.1495,4.5569],[-74.1471,4.5578],[-74.1456,4.5539],[-74.1438,4.555],[-74.1459,4.5587],[-74.1477,4.5587]]]}},{"type":"Feature","properties":{"b":"El Ensueño","loc":"Ciudad Bolívar","upz":"Arborizadora","uso":"Residencial","d":-7.6,"c":51.1,"a":30.4,"w":"C","cod":"002416","estrato":2,"estrato_mean":2.18,"np":3,"p2":70.3,"g22":11.6,"src":"2026","abs":33.8},"geometry":{"type":"Polygon","coordinates":[[[-74.1602,4.5792],[-74.1604,4.58],[-74.1573,4.5799],[-74.1554,4.5807],[-74.1569,4.5871],[-74.1588,4.5863],[-74.1608,4.5874],[-74.1614,4.5895],[-74.1631,4.589],[-74.1633,4.5842],[-74.1615,4.5848],[-74.1617,4.5811],[-74.1602,4.5792]]]}},{"type":"Feature","properties":{"b":"Primavera Ii","loc":"Ciudad Bolívar","upz":"Ismael Perdomo","uso":"Residencial","d":0.4,"c":57.8,"a":27.8,"w":"C","cod":"002428","estrato":1,"estrato_mean":1.31,"np":2,"p2":68.7,"g22":12.3,"src":"2026","abs":45.2},"geometry":{"type":"Polygon","coordinates":[[[-74.1809,4.5969],[-74.1837,4.5964],[-74.1827,4.5917],[-74.1821,4.5907],[-74.1794,4.5911],[-74.1789,4.5899],[-74.1771,4.592],[-74.1786,4.5933],[-74.1787,4.5968],[-74.1809,4.5969]]]}},{"type":"Feature","properties":{"b":"Santa Teresita","loc":"Teusaquillo","upz":"Teusaquillo","uso":"Comercial","d":-6.8,"c":45.5,"a":32.6,"w":"C","cod":"007102","estrato":4,"estrato_mean":4.0,"np":1,"p2":61.7,"g22":9.4,"src":"2026","abs":38.2},"geometry":{"type":"Polygon","coordinates":[[[-74.0723,4.6312],[-74.0684,4.6288],[-74.0677,4.6325],[-74.0754,4.6339],[-74.0723,4.6312]]]}},{"type":"Feature","properties":{"b":"La Cita","loc":"Usaquén","upz":"San Cristóbal Norte","uso":"Residencial","d":-3.1,"c":34.0,"a":44.3,"w":"A","cod":"008504","estrato":1,"estrato_mean":1.24,"np":1,"p2":49.3,"g22":12.2,"src":"2026","abs":35.7},"geometry":{"type":"Polygon","coordinates":[[[-74.0179,4.7444],[-74.0223,4.7454],[-74.0225,4.7403],[-74.0213,4.7409],[-74.0216,4.7428],[-74.0155,4.7415],[-74.0147,4.7424],[-74.0169,4.7432],[-74.0159,4.7432],[-74.0164,4.7439],[-74.0179,4.7442],[-74.0181,4.7436],[-74.019,4.7437],[-74.019,4.7444],[-74.0179,4.7444]]]}},{"type":"Feature","properties":{"b":"Quirigua Ii","loc":"Engativá","upz":"Minuto De Dios","uso":"Residencial","d":-4.7,"c":36.4,"a":42.8,"w":"A","cod":"005684","estrato":3,"estrato_mean":3.0,"np":1,"p2":52.8,"g22":11.7,"src":"2026","abs":32.3},"geometry":{"type":"Polygon","coordinates":[[[-74.1079,4.7062],[-74.1031,4.7094],[-74.1036,4.7101],[-74.1025,4.7113],[-74.1028,4.7119],[-74.1095,4.7073],[-74.1079,4.7062]]]}},{"type":"Feature","properties":{"b":"Siberia Ii","loc":"Chapinero","upz":"Pardo Rubio","uso":"Residencial","d":-5.0,"c":53.4,"a":28.8,"w":"C","cod":"201503","estrato":1,"estrato_mean":1.0,"np":1,"p2":75.0,"g22":11.4,"src":"2026","abs":24.9},"geometry":{"type":"Polygon","coordinates":[[[-74.0578,4.6316],[-74.0577,4.6323],[-74.059,4.6327],[-74.0592,4.6311],[-74.0582,4.6308],[-74.0578,4.6316]]]}},{"type":"Feature","properties":{"b":"La Soledad","loc":"Teusaquillo","upz":"Teusaquillo","uso":"Comercial","d":-5.7,"c":61.4,"a":12.9,"w":"C","cod":"007101","estrato":4,"estrato_mean":4.0,"np":1,"p2":71.1,"g22":9.2,"src":"2026","abs":51.6},"geometry":{"type":"Polygon","coordinates":[[[-74.0754,4.6339],[-74.0795,4.6347],[-74.0796,4.6332],[-74.076,4.6232],[-74.0761,4.624],[-74.0737,4.6237],[-74.0723,4.6312],[-74.0754,4.6339]]]}},{"type":"Feature","properties":{"b":"Casablanca Suba Urbano","loc":"Suba","upz":"La Academia","uso":"Residencial","d":-3.3,"c":13.2,"a":65.1,"w":"A","cod":"009136","estrato":6,"estrato_mean":5.58,"np":1,"p2":26.8,"g22":8.6,"src":"2026","abs":24.7},"geometry":{"type":"Polygon","coordinates":[[[-74.0465,4.8299],[-74.0466,4.8278],[-74.0491,4.8286],[-74.05,4.8251],[-74.0528,4.8269],[-74.0539,4.8183],[-74.056,4.8186],[-74.0556,4.8218],[-74.0576,4.8219],[-74.0585,4.8153],[-74.0562,4.8129],[-74.041,4.8077],[-74.0406,4.8057],[-74.042,4.8016],[-74.048,4.8028],[-74.0491,4.798],[-74.0429,4.797],[-74.0439,4.7925],[-74.0473,4.7933],[-74.0476,4.7915],[-74.0447,4.7908],[-74.0454,4.7883],[-74.0458,4.7884],[-74.0474,4.7796],[-74.0465,4.7795],[-74.0467,4.7782],[-74.0454,4.7781],[-74.0458,4.776],[-74.048,4.7761],[-74.0481,4.7757],[-74.0453,4.7748],[-74.0457,4.7726],[-74.047,4.773],[-74.0475,4.7691],[-74.0437,4.768],[-74.0343,4.8255],[-74.0408,4.8269],[-74.0411,4.829],[-74.0439,4.8329],[-74.0449,4.8306],[-74.0465,4.8299]]]}},{"type":"Feature","properties":{"b":"Barrancas Oriental Rural","loc":"Usaquén","upz":"San Cristóbal Norte","uso":"Residencial","d":-4.9,"c":50.4,"a":31.5,"w":"C","cod":"108103","estrato":1,"estrato_mean":2.0,"np":1,"p2":50.5,"g22":11.6,"src":"2026","abs":46.8},"geometry":{"type":"Polygon","coordinates":[[[-74.0169,4.7562],[-74.0231,4.7532],[-74.0228,4.7521],[-74.0241,4.7517],[-74.0201,4.7518],[-74.0201,4.75],[-74.0238,4.7504],[-74.0235,4.7496],[-74.0216,4.7494],[-74.0214,4.7478],[-74.0228,4.7476],[-74.0228,4.7471],[-74.022,4.7472],[-74.0223,4.7454],[-74.0178,4.7448],[-74.018,4.7442],[-74.019,4.7444],[-74.019,4.7437],[-74.0181,4.7436],[-74.0179,4.7442],[-74.0164,4.7439],[-74.0157,4.7435],[-74.0162,4.7432],[-74.0147,4.7424],[-74.0155,4.7415],[-74.0216,4.7428],[-74.0213,4.7409],[-74.0227,4.7398],[-74.0188,4.7396],[-74.0188,4.7392],[-74.0215,4.7396],[-74.0214,4.7382],[-74.0205,4.7383],[-74.0207,4.738],[-74.0125,4.7354],[-74.0131,4.7317],[-74.0114,4.7311],[-74.0123,4.7299],[-74.0132,4.7302],[-74.0142,4.7293],[-74.0149,4.7299],[-74.016,4.7295],[-74.0189,4.7316],[-74.0191,4.7297],[-74.0205,4.7298],[-74.0204,4.7279],[-74.0215,4.7286],[-74.0211,4.7277],[-74.0221,4.7279],[-74.0214,4.7275],[-74.0212,4.7256],[-74.0202,4.7248],[-74.0199,4.7235],[-74.0225,4.7231],[-74.0229,4.7225],[-74.0224,4.7222],[-74.0235,4.7193],[-74.0231,4.7183],[-74.0219,4.7178],[-74.0228,4.7169],[-74.022,4.7166],[-74.0225,4.7163],[-74.0217,4.7151],[-74.0238,4.7151],[-74.0236,4.7133],[-74.0105,4.713],[-74.0102,4.7142],[-74.0049,4.7181],[-74.0083,4.7222],[-74.0079,4.7247],[-74.0072,4.7258],[-74.008,4.7272],[-74.0076,4.7312],[-74.0082,4.7346],[-74.0074,4.7424],[-74.0084,4.7471],[-74.0115,4.7485],[-74.0107,4.7548],[-74.013,4.756],[-74.0169,4.7562]]]}},{"type":"Feature","properties":{"b":"Niza Suba","loc":"Suba","upz":"Niza","uso":"Residencial","d":-4.4,"c":16.9,"a":49.8,"w":"A","cod":"009112","estrato":6,"estrato_mean":6.0,"np":1,"p2":35.5,"g22":9.2,"src":"2026","abs":21.1},"geometry":{"type":"Polygon","coordinates":[[[-74.077,4.7327],[-74.0783,4.7337],[-74.0779,4.7323],[-74.0756,4.7308],[-74.0759,4.7295],[-74.077,4.7295],[-74.077,4.729],[-74.0763,4.7288],[-74.0769,4.7281],[-74.077,4.7246],[-74.076,4.7245],[-74.0784,4.7212],[-74.0798,4.7225],[-74.0796,4.7198],[-74.0836,4.717],[-74.0829,4.7113],[-74.0811,4.7123],[-74.0786,4.7117],[-74.0749,4.7203],[-74.0749,4.7321],[-74.0753,4.7328],[-74.077,4.7327]]]}},{"type":"Feature","properties":{"b":"Ospina Pérez Sur","loc":"Puente Aranda","upz":"Muzú","uso":"Residencial","d":-7.8,"c":42.6,"a":38.1,"w":"C","cod":"004405","estrato":3,"estrato_mean":3.0,"np":1,"p2":61.8,"g22":11.4,"src":"2026","abs":40.8},"geometry":{"type":"Polygon","coordinates":[[[-74.1316,4.5936],[-74.1291,4.5968],[-74.1319,4.5991],[-74.1351,4.5944],[-74.1316,4.5936]]]}},{"type":"Feature","properties":{"b":"Florida Blanca","loc":"Engativá","upz":"Boyacá Real","uso":"Residencial","d":-7.3,"c":44.1,"a":35.4,"w":"C","cod":"005621","estrato":3,"estrato_mean":3.0,"np":2,"p2":62.6,"g22":11.8,"src":"2026","abs":33.4},"geometry":{"type":"Polygon","coordinates":[[[-74.1146,4.6981],[-74.1145,4.6988],[-74.1154,4.6995],[-74.1179,4.6949],[-74.1091,4.6897],[-74.1072,4.6936],[-74.1146,4.6981]]]}},{"type":"Feature","properties":{"b":"Rincón De La Valvanera","loc":"Ciudad Bolívar","upz":"Ismael Perdomo","uso":"Residencial","d":-8.8,"c":53.2,"a":27.1,"w":"C","cod":"002419","estrato":3,"estrato_mean":2.91,"np":1,"p2":73.5,"g22":11.6,"src":"2026","abs":29.7},"geometry":{"type":"Polygon","coordinates":[[[-74.1616,4.5922],[-74.162,4.5958],[-74.164,4.5957],[-74.1636,4.5894],[-74.1614,4.5898],[-74.1616,4.5922]]]}},{"type":"Feature","properties":{"b":"Puerta Del Sol","loc":"Suba","upz":"El Rincón","uso":"Residencial","d":-6.3,"c":40.2,"a":39.0,"w":"C","cod":"009203","estrato":2,"estrato_mean":2.2,"np":2,"p2":56.9,"g22":12.1,"src":"2026","abs":28.7},"geometry":{"type":"Polygon","coordinates":[[[-74.1038,4.7463],[-74.1057,4.7464],[-74.1055,4.7442],[-74.0989,4.7418],[-74.0971,4.7457],[-74.1038,4.7463]]]}},{"type":"Feature","properties":{"b":"Quiroga","loc":"Rafael Uribe Uribe","upz":"Quiroga","uso":"Residencial","d":-7.2,"c":43.0,"a":37.1,"w":"C","cod":"002202","estrato":3,"estrato_mean":3.0,"np":1,"p2":61.9,"g22":11.8,"src":"2026","abs":38.0},"geometry":{"type":"Polygon","coordinates":[[[-74.1157,4.5827],[-74.1136,4.5771],[-74.1107,4.5779],[-74.1133,4.5835],[-74.1157,4.5827]]]}},{"type":"Feature","properties":{"b":"Villa Nelly Iii Sector","loc":"Kennedy","upz":"Corabastos","uso":"Residencial","d":-4.2,"c":45.5,"a":36.5,"w":"C","cod":"004578","estrato":2,"estrato_mean":2.0,"np":1,"p2":61.9,"g22":12.1,"src":"2026","abs":38.5},"geometry":{"type":"Polygon","coordinates":[[[-74.1661,4.6211],[-74.162,4.6233],[-74.1581,4.6275],[-74.1608,4.6278],[-74.1624,4.6248],[-74.1666,4.6218],[-74.1661,4.6211]]]}},{"type":"Feature","properties":{"b":"Usatama","loc":"Los Mártires","upz":"La Sabana","uso":"Comercial","d":-5.4,"c":38.3,"a":38.5,"w":"A","cod":"006110","estrato":4,"estrato_mean":4.0,"np":1,"p2":49.6,"g22":10.7,"src":"2026","abs":21.9},"geometry":{"type":"Polygon","coordinates":[[[-74.0805,4.6241],[-74.0834,4.6244],[-74.085,4.6225],[-74.0839,4.6215],[-74.0852,4.6194],[-74.0841,4.6182],[-74.0805,4.6241]]]}},{"type":"Feature","properties":{"b":"San Francisco","loc":"Ciudad Bolívar","upz":"San Francisco","uso":"Residencial","d":-6.1,"c":55.0,"a":28.3,"w":"C","cod":"002515","estrato":2,"estrato_mean":2.0,"np":3,"p2":73.7,"g22":12.7,"src":"2026","abs":38.8},"geometry":{"type":"Polygon","coordinates":[[[-74.1495,4.5671],[-74.1507,4.5663],[-74.1498,4.5619],[-74.1517,4.5613],[-74.1514,4.5599],[-74.1521,4.5578],[-74.1509,4.5578],[-74.1491,4.56],[-74.1461,4.561],[-74.1477,4.5664],[-74.1482,4.5662],[-74.1485,4.5677],[-74.1495,4.5671]]]}},{"type":"Feature","properties":{"b":"San Joaquín","loc":"Engativá","upz":"Las Ferias","uso":"Residencial","d":-6.0,"c":34.5,"a":42.5,"w":"A","cod":"005509","estrato":3,"estrato_mean":3.0,"np":1,"p2":52.1,"g22":11.7,"src":"2026","abs":27.7},"geometry":{"type":"Polygon","coordinates":[[[-74.0984,4.674],[-74.0956,4.6781],[-74.0994,4.6811],[-74.1025,4.6769],[-74.0984,4.674]]]}},{"type":"Feature","properties":{"b":"Sucre","loc":"Chapinero","upz":"Chapinero","uso":"Comercial","d":-8.2,"c":44.0,"a":28.8,"w":"C","cod":"008112","estrato":4,"estrato_mean":4.0,"np":1,"p2":64.6,"g22":12.4,"src":"2026","abs":39.1},"geometry":{"type":"Polygon","coordinates":[[[-74.0684,4.6285],[-74.0658,4.6258],[-74.0642,4.6314],[-74.0677,4.6325],[-74.0684,4.6285]]]}},{"type":"Feature","properties":{"b":"Espartillal","loc":"Chapinero","upz":"Chicó Lago","uso":"Comercial","d":-2.7,"c":12.5,"a":51.3,"w":"A","cod":"008312","estrato":5,"estrato_mean":5.0,"np":2,"p2":23.4,"g22":8.6,"src":"2026","abs":27.2},"geometry":{"type":"Polygon","coordinates":[[[-74.0562,4.6609],[-74.0529,4.6657],[-74.0556,4.6673],[-74.0586,4.6625],[-74.0562,4.6609]]]}},{"type":"Feature","properties":{"b":"Villa Sagrario","loc":"Engativá","upz":"Garcés Navas","uso":"Residencial","d":-6.3,"c":34.5,"a":42.7,"w":"A","cod":"005658","estrato":3,"estrato_mean":3.0,"np":1,"p2":53.1,"g22":12.3,"src":"2026","abs":23.5},"geometry":{"type":"Polygon","coordinates":[[[-74.1214,4.7036],[-74.1204,4.705],[-74.1216,4.7057],[-74.1226,4.7041],[-74.1214,4.7036]]]}},{"type":"Feature","properties":{"b":"Tibabuyes","loc":"Suba","upz":"Suba","uso":"Residencial","d":-5.9,"c":35.7,"a":43.2,"w":"A","cod":"009233","estrato":3,"estrato_mean":2.52,"np":1,"p2":59.5,"g22":11.5,"src":"2026","abs":11.5},"geometry":{"type":"Polygon","coordinates":[[[-74.0972,4.752],[-74.0967,4.7529],[-74.0994,4.7543],[-74.0972,4.7577],[-74.0996,4.7587],[-74.1045,4.7509],[-74.0963,4.7465],[-74.0953,4.7483],[-74.0984,4.7498],[-74.0972,4.752]]]}},{"type":"Feature","properties":{"b":"María Cano","loc":"Ciudad Bolívar","upz":"Ismael Perdomo","uso":"Residencial","d":-5.8,"c":61.8,"a":27.5,"w":"C","cod":"002429","estrato":1,"estrato_mean":1.0,"np":1,"p2":74.5,"g22":11.8,"src":"2026","abs":21.2},"geometry":{"type":"Polygon","coordinates":[[[-74.1743,4.59],[-74.1771,4.592],[-74.1788,4.5902],[-74.1783,4.5892],[-74.1768,4.589],[-74.1767,4.5884],[-74.173,4.5885],[-74.1743,4.59]]]}},{"type":"Feature","properties":{"b":"San Rafael","loc":"Puente Aranda","upz":"San Rafael","uso":"Residencial","d":-12.5,"c":43.5,"a":35.0,"w":"C","cod":"004302","estrato":3,"estrato_mean":3.0,"np":1,"p2":66.3,"g22":10.3,"src":"2026","abs":23.1},"geometry":{"type":"Polygon","coordinates":[[[-74.1127,4.6191],[-74.1107,4.6217],[-74.1122,4.6236],[-74.1143,4.621],[-74.1127,4.6191]]]}},{"type":"Feature","properties":{"b":"Arborizadora Alta  Ii","loc":"Ciudad Bolívar","upz":"Jerusalén","uso":"Residencial","d":-6.7,"c":52.7,"a":29.9,"w":"C","cod":"002461","estrato":1,"estrato_mean":1.0,"np":1,"p2":72.1,"g22":12.6,"src":"2026","abs":39.9},"geometry":{"type":"Polygon","coordinates":[[[-74.1547,4.5726],[-74.1551,4.5738],[-74.1559,4.5734],[-74.1581,4.5709],[-74.1548,4.5696],[-74.1556,4.5693],[-74.1555,4.5686],[-74.1528,4.5689],[-74.1547,4.5726]]]}},{"type":"Feature","properties":{"b":"Andes Norte","loc":"Suba","upz":"La Floresta","uso":"Residencial","d":-2.5,"c":13.1,"a":61.0,"w":"A","cod":"009127","estrato":4,"estrato_mean":3.94,"np":1,"p2":22.9,"g22":7.3,"src":"2026","abs":29.9},"geometry":{"type":"Polygon","coordinates":[[[-74.0663,4.6919],[-74.0688,4.6961],[-74.0711,4.6894],[-74.0701,4.6899],[-74.0651,4.689],[-74.0663,4.6919]]]}},{"type":"Feature","properties":{"b":"Santa Fe Bosa","loc":"Bosa","upz":"El Porvenir","uso":"Residencial","d":-3.3,"c":52.9,"a":29.4,"w":"C","cod":"004633","estrato":1,"estrato_mean":1.0,"np":1,"p2":68.6,"g22":12.4,"src":"2026","abs":31.7},"geometry":{"type":"Polygon","coordinates":[[[-74.1959,4.6366],[-74.1942,4.6335],[-74.1912,4.6352],[-74.1942,4.6405],[-74.1972,4.6388],[-74.1959,4.6366]]]}},{"type":"Feature","properties":{"b":"Tibabita I","loc":"Usaquén","upz":"Verbenal","uso":"Residencial","d":-0.8,"c":47.9,"a":33.5,"w":"C","cod":"008542","estrato":1,"estrato_mean":1.0,"np":1,"p2":63.0,"g22":14.4,"src":"2026","abs":33.6},"geometry":{"type":"Polygon","coordinates":[[[-74.0228,4.7673],[-74.0227,4.7689],[-74.0241,4.7692],[-74.0228,4.7673]]]}},{"type":"Feature","properties":{"b":"Quiroga Central","loc":"Rafael Uribe Uribe","upz":"Quiroga","uso":"Residencial","d":-9.5,"c":51.8,"a":31.2,"w":"C","cod":"002203","estrato":3,"estrato_mean":3.0,"np":1,"p2":72.4,"g22":11.0,"src":"2026","abs":28.2},"geometry":{"type":"Polygon","coordinates":[[[-74.1188,4.5816],[-74.1174,4.5763],[-74.1136,4.5771],[-74.1157,4.5827],[-74.1188,4.5816]]]}},{"type":"Feature","properties":{"b":"Costa Azul","loc":"Suba","upz":"El Rincón","uso":"Residencial","d":-5.9,"c":42.6,"a":39.8,"w":"C","cod":"009208","estrato":3,"estrato_mean":3.0,"np":1,"p2":61.8,"g22":11.3,"src":"2026","abs":11.8},"geometry":{"type":"Polygon","coordinates":[[[-74.0974,4.7354],[-74.0962,4.7383],[-74.0954,4.738],[-74.0942,4.7402],[-74.0985,4.7417],[-74.0998,4.7358],[-74.0974,4.7354]]]}},{"type":"Feature","properties":{"b":"José Joaquín Vargas","loc":"Barrios Unidos","upz":"Doce De Octubre","uso":"Residencial","d":-7.1,"c":30.7,"a":44.4,"w":"A","cod":"005101","estrato":4,"estrato_mean":3.91,"np":1,"p2":48.4,"g22":10.6,"src":"2026","abs":30.6},"geometry":{"type":"Polygon","coordinates":[[[-74.0817,4.6713],[-74.086,4.6776],[-74.0895,4.6716],[-74.0884,4.6711],[-74.0855,4.6662],[-74.0817,4.6713]]]}},{"type":"Feature","properties":{"b":"Saucedal","loc":"Kennedy","upz":"Corabastos","uso":"Residencial","d":-5.5,"c":37.4,"a":42.7,"w":"A","cod":"004560","estrato":2,"estrato_mean":2.0,"np":1,"p2":55.3,"g22":12.4,"src":"2026","abs":40.4},"geometry":{"type":"Polygon","coordinates":[[[-74.1614,4.6347],[-74.1614,4.6362],[-74.163,4.6345],[-74.1616,4.6342],[-74.1614,4.6347]]]}},{"type":"Feature","properties":{"b":"Ciudad Bachué","loc":"Engativá","upz":"Minuto De Dios","uso":"Residencial","d":-5.4,"c":47.2,"a":32.5,"w":"C","cod":"005630","estrato":2,"estrato_mean":2.0,"np":2,"p2":63.9,"g22":11.5,"src":"2026","abs":28.6},"geometry":{"type":"Polygon","coordinates":[[[-74.0993,4.7164],[-74.1006,4.7186],[-74.1009,4.7213],[-74.102,4.7215],[-74.1033,4.723],[-74.1043,4.7195],[-74.0977,4.7131],[-74.0971,4.7138],[-74.0983,4.7149],[-74.0978,4.7154],[-74.0986,4.7161],[-74.099,4.7156],[-74.0985,4.7163],[-74.0993,4.7164]]]}},{"type":"Feature","properties":{"b":"El Bosque Central","loc":"Usme","upz":"Ciudad Usme","uso":"Residencial","d":-2.1,"c":66.3,"a":18.0,"w":"C","cod":"102406","estrato":1,"estrato_mean":1.0,"np":1,"p2":81.4,"g22":13.0,"src":"2026","abs":43.9},"geometry":{"type":"Polygon","coordinates":[[[-74.0961,4.5069],[-74.0982,4.5063],[-74.0976,4.5049],[-74.1003,4.5041],[-74.1006,4.5028],[-74.0938,4.5038],[-74.0947,4.5062],[-74.0961,4.5069]]]}},{"type":"Feature","properties":{"b":"Sabana Grande","loc":"Fontibón","upz":"Zona Franca","uso":"Industrial","d":-9.5,"c":43.4,"a":36.7,"w":"C","cod":"006521","estrato":2,"estrato_mean":2.27,"np":2,"p2":63.2,"g22":10.9,"src":"2026","abs":22.7},"geometry":{"type":"Polygon","coordinates":[[[-74.15,4.6637],[-74.1487,4.663],[-74.1457,4.6635],[-74.1436,4.6649],[-74.1491,4.6671],[-74.1475,4.6691],[-74.1479,4.6687],[-74.1486,4.6694],[-74.1494,4.6686],[-74.15,4.6696],[-74.1515,4.6693],[-74.1529,4.6739],[-74.1584,4.6685],[-74.1578,4.6663],[-74.1563,4.6652],[-74.1554,4.6635],[-74.1546,4.6648],[-74.1537,4.6643],[-74.1511,4.6647],[-74.1499,4.6642],[-74.15,4.6637]]]}},{"type":"Feature","properties":{"b":"Bolivia","loc":"Engativá","upz":"Garcés Navas","uso":"Residencial","d":-5.1,"c":40.8,"a":39.8,"w":"C","cod":"005675","estrato":2,"estrato_mean":2.0,"np":2,"p2":52.4,"g22":11.1,"src":"2026","abs":18.3},"geometry":{"type":"Polygon","coordinates":[[[-74.1277,4.7108],[-74.1286,4.7105],[-74.1319,4.7056],[-74.1305,4.7046],[-74.1315,4.7046],[-74.1305,4.7037],[-74.1301,4.7042],[-74.1295,4.7037],[-74.129,4.7044],[-74.1294,4.7047],[-74.1287,4.7068],[-74.1242,4.7046],[-74.1224,4.7083],[-74.1277,4.7108]]]}},{"type":"Feature","properties":{"b":"La Trinidad","loc":"Puente Aranda","upz":"San Rafael","uso":"Residencial","d":-7.1,"c":34.1,"a":45.6,"w":"A","cod":"004306","estrato":3,"estrato_mean":3.0,"np":1,"p2":50.0,"g22":8.8,"src":"2026","abs":44.4},"geometry":{"type":"Polygon","coordinates":[[[-74.1217,4.6217],[-74.1212,4.6212],[-74.1188,4.6242],[-74.1181,4.6236],[-74.1145,4.6281],[-74.1179,4.6285],[-74.1217,4.6217]]]}},{"type":"Feature","properties":{"b":"La Cecilia","loc":"Kennedy","upz":"Timiza","uso":"Residencial","d":-6.5,"c":46.8,"a":37.3,"w":"C","cod":"004532","estrato":2,"estrato_mean":2.0,"np":1,"p2":71.9,"g22":11.7,"src":"2026","abs":11.0},"geometry":{"type":"Polygon","coordinates":[[[-74.1736,4.6071],[-74.1741,4.6081],[-74.1785,4.6061],[-74.1787,4.6053],[-74.1765,4.6051],[-74.1756,4.6036],[-74.175,4.604],[-74.173,4.6031],[-74.1724,4.6074],[-74.1736,4.6071]]]}},{"type":"Feature","properties":{"b":"Bosa Nova","loc":"Bosa","upz":"Bosa Occidental","uso":"Residencial","d":-7.6,"c":54.3,"a":30.7,"w":"C","cod":"004526","estrato":2,"estrato_mean":2.0,"np":1,"p2":73.4,"g22":11.6,"src":"2026","abs":39.2},"geometry":{"type":"Polygon","coordinates":[[[-74.1881,4.6214],[-74.189,4.6194],[-74.1924,4.6195],[-74.1921,4.6184],[-74.1916,4.6185],[-74.1913,4.6196],[-74.1901,4.6183],[-74.1891,4.619],[-74.1888,4.6181],[-74.1897,4.6176],[-74.1895,4.6171],[-74.1867,4.6192],[-74.1881,4.6214]]]}},{"type":"Feature","properties":{"b":"El Cerezo","loc":"Usaquén","upz":"Verbenal","uso":"Residencial","d":-5.0,"c":37.0,"a":42.0,"w":"A","cod":"008527","estrato":5,"estrato_mean":4.37,"np":1,"p2":50.8,"g22":10.9,"src":"2026","abs":29.4},"geometry":{"type":"Polygon","coordinates":[[[-74.0426,4.7676],[-74.0437,4.768],[-74.0448,4.7621],[-74.0408,4.7641],[-74.0409,4.7632],[-74.0399,4.7631],[-74.0391,4.7674],[-74.0397,4.767],[-74.0426,4.7676]]]}},{"type":"Feature","properties":{"b":"Campo Eucarístico","loc":"Teusaquillo","upz":"Parque Simón Bolívar - Can","uso":"Dotacional","d":-5.8,"c":34.8,"a":39.2,"w":"A","cod":"005114","estrato":4,"estrato_mean":4.0,"np":1,"p2":69.1,"g22":10.6,"src":"2026","abs":26.5},"geometry":{"type":"Polygon","coordinates":[[[-74.1005,4.6572],[-74.0931,4.6519],[-74.0913,4.6535],[-74.0886,4.6595],[-74.0937,4.666],[-74.1005,4.6572]]]}},{"type":"Feature","properties":{"b":"La Esperanza","loc":"Chapinero","upz":"San Isidro - Patios","uso":"Residencial","d":-3.9,"c":54.1,"a":26.6,"w":"C","cod":"208107","estrato":2,"estrato_mean":2.0,"np":1,"p2":71.4,"g22":13.4,"src":"2026","abs":37.1},"geometry":{"type":"Polygon","coordinates":[[[-74.0227,4.665],[-74.0236,4.6663],[-74.0255,4.6671],[-74.025,4.6655],[-74.0257,4.6644],[-74.025,4.6633],[-74.0261,4.6634],[-74.026,4.6624],[-74.0251,4.6619],[-74.0239,4.6626],[-74.0241,4.6647],[-74.0227,4.665]]]}},{"type":"Feature","properties":{"b":"Altos De Serrezuela","loc":"Usaquén","upz":"Verbenal","uso":"Residencial","d":-5.1,"c":54.4,"a":29.1,"w":"C","cod":"238111","estrato":3,"estrato_mean":3.0,"np":1,"p2":71.5,"g22":12.0,"src":"2026","abs":32.6},"geometry":{"type":"Polygon","coordinates":[[[-74.0176,4.7634],[-74.0183,4.7635],[-74.0178,4.7616],[-74.0172,4.7614],[-74.0176,4.7634]]]}},{"type":"Feature","properties":{"b":"El Refugio Ii","loc":"Chapinero","upz":"El Refugio","uso":"Residencial","d":-1.4,"c":6.7,"a":56.8,"w":"A","cod":"201108","estrato":6,"estrato_mean":6.0,"np":1,"p2":14.3,"g22":6.2,"src":"2026","abs":24.9},"geometry":{"type":"Polygon","coordinates":[[[-74.0434,4.664],[-74.0429,4.6646],[-74.0449,4.6647],[-74.0453,4.6643],[-74.0441,4.6637],[-74.0434,4.664]]]}},{"type":"Feature","properties":{"b":"Nuevo San Andrés","loc":"Usme","upz":"Gran Yomasa","uso":"Residencial","d":-1.7,"c":65.5,"a":19.9,"w":"C","cod":"002505","estrato":2,"estrato_mean":2.0,"np":2,"p2":82.9,"g22":13.7,"src":"2026","abs":34.1},"geometry":{"type":"Polygon","coordinates":[[[-74.1197,4.5269],[-74.1207,4.5279],[-74.1205,4.5268],[-74.1217,4.5249],[-74.1204,4.523],[-74.1183,4.5245],[-74.1183,4.5256],[-74.1197,4.5269]]]}},{"type":"Feature","properties":{"b":"San Antonio Engativá","loc":"Engativá","upz":"Engativá","uso":"Residencial","d":-6.3,"c":43.5,"a":37.5,"w":"C","cod":"005679","estrato":2,"estrato_mean":2.0,"np":1,"p2":60.8,"g22":11.0,"src":"2026","abs":28.5},"geometry":{"type":"Polygon","coordinates":[[[-74.1242,4.7046],[-74.1287,4.7068],[-74.1294,4.7047],[-74.129,4.7044],[-74.1317,4.7003],[-74.1296,4.6988],[-74.1278,4.7026],[-74.127,4.7029],[-74.1258,4.7023],[-74.1267,4.7013],[-74.1256,4.6998],[-74.1235,4.7018],[-74.125,4.7029],[-74.1242,4.7046]]]}},{"type":"Feature","properties":{"b":"Escuela General Santander","loc":"Tunjuelito","upz":"Venecia","uso":"Residencial","d":-7.7,"c":44.5,"a":38.2,"w":"C","cod":"002405","estrato":2,"estrato_mean":2.0,"np":1,"p2":64.1,"g22":11.8,"src":"2026","abs":40.8},"geometry":{"type":"Polygon","coordinates":[[[-74.1316,4.5936],[-74.1342,4.5942],[-74.1348,4.5914],[-74.1365,4.5907],[-74.1337,4.5854],[-74.1284,4.5867],[-74.1283,4.5926],[-74.1316,4.5936]]]}},{"type":"Feature","properties":{"b":"Ciudad Jardín Norte","loc":"Suba","upz":"Niza","uso":"Residencial","d":-6.5,"c":25.1,"a":51.4,"w":"A","cod":"009108","estrato":3,"estrato_mean":3.18,"np":2,"p2":45.3,"g22":10.9,"src":"2026","abs":24.9},"geometry":{"type":"Polygon","coordinates":[[[-74.0687,4.7181],[-74.0668,4.723],[-74.0677,4.7234],[-74.0675,4.7239],[-74.0715,4.7258],[-74.0747,4.7262],[-74.0749,4.7203],[-74.0687,4.7181]]]}},{"type":"Feature","properties":{"b":"Nueva Esperanza","loc":"Ciudad Bolívar","upz":"Lucero","uso":"Residencial","d":-5.2,"c":61.5,"a":25.7,"w":"C","cod":"204106","estrato":1,"estrato_mean":1.0,"np":1,"p2":82.9,"g22":12.2,"src":"2026","abs":33.9},"geometry":{"type":"Polygon","coordinates":[[[-74.1615,4.5487],[-74.1657,4.5493],[-74.1664,4.5468],[-74.1636,4.5448],[-74.1612,4.5469],[-74.1606,4.5484],[-74.1615,4.5487]]]}},{"type":"Feature","properties":{"b":"Ingemar Oriental Rural","loc":"Chapinero","upz":"Pardo Rubio","uso":"Residencial","d":-2.8,"c":16.5,"a":49.3,"w":"A","cod":"101103","estrato":6,"estrato_mean":6.0,"np":1,"p2":28.2,"g22":8.9,"src":"2026","abs":19.6},"geometry":{"type":"Polygon","coordinates":[[[-74.047,4.6492],[-74.0489,4.6489],[-74.0487,4.6483],[-74.0506,4.6463],[-74.0514,4.6461],[-74.0522,4.6446],[-74.0509,4.644],[-74.0521,4.6408],[-74.0516,4.6404],[-74.052,4.6388],[-74.0484,4.6357],[-74.0481,4.6343],[-74.0485,4.6324],[-74.0505,4.6294],[-74.0504,4.6283],[-74.0358,4.6221],[-74.0333,4.6251],[-74.0333,4.6277],[-74.031,4.6295],[-74.0308,4.6322],[-74.0358,4.6388],[-74.0384,4.646],[-74.0404,4.6463],[-74.0435,4.6451],[-74.0441,4.6467],[-74.047,4.6492]]]}},{"type":"Feature","properties":{"b":"Caobos Salazar","loc":"Usaquén","upz":"Los Cedros","uso":"Residencial","d":-3.6,"c":15.1,"a":52.9,"w":"A","cod":"008518","estrato":4,"estrato_mean":4.0,"np":1,"p2":33.7,"g22":10.0,"src":"2026","abs":17.2},"geometry":{"type":"Polygon","coordinates":[[[-74.0392,4.7347],[-74.0413,4.7277],[-74.0403,4.7277],[-74.0323,4.7239],[-74.0321,4.7311],[-74.0392,4.7347]]]}},{"type":"Feature","properties":{"b":"Campín","loc":"Teusaquillo","upz":"Galerías","uso":"Residencial","d":7.3,"c":35.7,"a":40.1,"w":"A","cod":"007201","estrato":4,"estrato_mean":4.0,"np":1,"p2":39.3,"g22":11.0,"src":"2026","abs":44.1},"geometry":{"type":"Polygon","coordinates":[[[-74.0772,4.652],[-74.0782,4.652],[-74.0788,4.6441],[-74.0771,4.6438],[-74.0733,4.6483],[-74.0724,4.651],[-74.0772,4.652]]]}},{"type":"Feature","properties":{"b":"Britalia","loc":"Suba","upz":"Britalia","uso":"Residencial","d":-7.1,"c":27.3,"a":49.1,"w":"A","cod":"009102","estrato":3,"estrato_mean":3.04,"np":2,"p2":43.3,"g22":10.2,"src":"2026","abs":21.1},"geometry":{"type":"Polygon","coordinates":[[[-74.047,4.7479],[-74.0539,4.7491],[-74.0534,4.7529],[-74.0581,4.7539],[-74.0598,4.7466],[-74.0586,4.7464],[-74.0591,4.7428],[-74.0571,4.7425],[-74.0567,4.7461],[-74.0537,4.7457],[-74.0535,4.7462],[-74.0475,4.7448],[-74.047,4.7479]]]}},{"type":"Feature","properties":{"b":"Murillo Toro","loc":"Rafael Uribe Uribe","upz":"Quiroga","uso":"Residencial","d":-10.5,"c":49.9,"a":32.0,"w":"C","cod":"002310","estrato":3,"estrato_mean":3.0,"np":1,"p2":75.4,"g22":15.1,"src":"2026","abs":51.7},"geometry":{"type":"Polygon","coordinates":[[[-74.1195,4.5891],[-74.1186,4.5816],[-74.1159,4.5826],[-74.1172,4.5886],[-74.1195,4.5891]]]}},{"type":"Feature","properties":{"b":"Olaya","loc":"Rafael Uribe Uribe","upz":"Quiroga","uso":"Residencial","d":-8.2,"c":46.1,"a":34.5,"w":"C","cod":"002201","estrato":3,"estrato_mean":3.0,"np":1,"p2":65.2,"g22":10.9,"src":"2026","abs":39.6},"geometry":{"type":"Polygon","coordinates":[[[-74.1097,4.5843],[-74.1109,4.5843],[-74.108,4.5787],[-74.1026,4.5812],[-74.1052,4.5845],[-74.1097,4.5843]]]}},{"type":"Feature","properties":{"b":"Corabastos","loc":"Kennedy","upz":"Corabastos","uso":"Residencial","d":-5.5,"c":37.4,"a":42.7,"w":"A","cod":"004547","estrato":2,"estrato_mean":2.0,"np":1,"p2":55.3,"g22":12.4,"src":"2026","abs":40.4},"geometry":{"type":"Polygon","coordinates":[[[-74.1561,4.6347],[-74.1568,4.6331],[-74.1597,4.6338],[-74.1595,4.6347],[-74.1613,4.6349],[-74.1616,4.6342],[-74.1608,4.6339],[-74.1638,4.6314],[-74.1609,4.6277],[-74.1581,4.6275],[-74.1551,4.6309],[-74.1553,4.6339],[-74.1561,4.6347]]]}},{"type":"Feature","properties":{"b":"El Tintal","loc":"Fontibón","upz":"Zona Franca","uso":"Industrial","d":-7.0,"c":47.0,"a":33.0,"w":"C","cod":"105104","estrato":3,"estrato_mean":3.0,"np":1,"p2":66.5,"g22":12.6,"src":"2026","abs":26.5},"geometry":{"type":"Polygon","coordinates":[[[-74.1636,4.6711],[-74.1624,4.6748],[-74.1578,4.6767],[-74.1569,4.6778],[-74.1624,4.6752],[-74.1643,4.6708],[-74.1663,4.6731],[-74.1696,4.6717],[-74.1704,4.6704],[-74.1696,4.669],[-74.1631,4.6672],[-74.1603,4.6668],[-74.1585,4.6685],[-74.1606,4.6698],[-74.1652,4.6702],[-74.168,4.6713],[-74.1683,4.6722],[-74.1662,4.6729],[-74.1648,4.6705],[-74.1636,4.6711]]]}},{"type":"Feature","properties":{"b":"Danubio","loc":"Usme","upz":"Danubio","uso":"Residencial","d":-7.1,"c":53.5,"a":29.4,"w":"C","cod":"002519","estrato":2,"estrato_mean":1.53,"np":3,"p2":71.9,"g22":13.0,"src":"2026","abs":37.1},"geometry":{"type":"Polygon","coordinates":[[[-74.1135,4.5382],[-74.1131,4.5392],[-74.1142,4.5396],[-74.1133,4.5405],[-74.1163,4.5406],[-74.1174,4.542],[-74.1189,4.5405],[-74.1174,4.5388],[-74.1167,4.537],[-74.114,4.5379],[-74.114,4.5371],[-74.1123,4.5376],[-74.1123,4.5383],[-74.1135,4.5382]]]}},{"type":"Feature","properties":{"b":"San Felipe De Usme","loc":"Usme","upz":"Gran Yomasa","uso":"Residencial","d":-4.5,"c":64.5,"a":21.2,"w":"C","cod":"002621","estrato":1,"estrato_mean":1.0,"np":1,"p2":82.9,"g22":9.7,"src":"2026","abs":31.6},"geometry":{"type":"Polygon","coordinates":[[[-74.1015,4.5046],[-74.1025,4.5041],[-74.1009,4.5026],[-74.1007,4.5017],[-74.0986,4.5],[-74.096,4.4994],[-74.0967,4.5016],[-74.0984,4.5015],[-74.0986,4.5029],[-74.1006,4.5028],[-74.1002,4.505],[-74.1015,4.5046]]]}},{"type":"Feature","properties":{"b":"Claret","loc":"Rafael Uribe Uribe","upz":"Quiroga","uso":"Residencial","d":-7.1,"c":46.4,"a":35.7,"w":"C","cod":"002308","estrato":3,"estrato_mean":3.0,"np":3,"p2":65.5,"g22":11.9,"src":"2026","abs":39.6},"geometry":{"type":"Polygon","coordinates":[[[-74.1294,4.5801],[-74.128,4.5805],[-74.1278,4.5796],[-74.1242,4.5806],[-74.1273,4.5872],[-74.1309,4.5859],[-74.1294,4.5801]]]}},{"type":"Feature","properties":{"b":"El Playón","loc":"Rafael Uribe Uribe","upz":"Marruecos","uso":"Residencial","d":-2.1,"c":57.9,"a":27.1,"w":"C","cod":"001420","estrato":2,"estrato_mean":1.56,"np":1,"p2":75.0,"g22":15.0,"src":"2026","abs":38.6},"geometry":{"type":"Polygon","coordinates":[[[-74.1186,4.5628],[-74.1188,4.564],[-74.1238,4.5612],[-74.1242,4.5608],[-74.1231,4.5588],[-74.1195,4.5595],[-74.1201,4.5605],[-74.1213,4.5603],[-74.1183,4.5619],[-74.1186,4.5628]]]}},{"type":"Feature","properties":{"b":"Yomasa","loc":"San Cristóbal","upz":"Los Libertadores","uso":"Residencial","d":-5.3,"c":62.9,"a":20.3,"w":"C","cod":"001350","estrato":1,"estrato_mean":1.16,"np":1,"p2":81.6,"g22":13.4,"src":"2026","abs":42.6},"geometry":{"type":"Polygon","coordinates":[[[-74.0924,4.5247],[-74.0931,4.5272],[-74.0943,4.5262],[-74.0933,4.5233],[-74.0944,4.5172],[-74.0894,4.517],[-74.089,4.5178],[-74.0906,4.5181],[-74.0911,4.5194],[-74.09,4.5207],[-74.0933,4.5234],[-74.0917,4.5241],[-74.0924,4.5247]]]}},{"type":"Feature","properties":{"b":"La Cabaña Fontibón","loc":"Fontibón","upz":"Fontibón","uso":"Residencial","d":-4.9,"c":41.1,"a":37.9,"w":"C","cod":"006402","estrato":3,"estrato_mean":3.0,"np":3,"p2":57.9,"g22":12.6,"src":"2026","abs":29.4},"geometry":{"type":"Polygon","coordinates":[[[-74.1388,4.6849],[-74.1397,4.6861],[-74.1433,4.6828],[-74.1391,4.6783],[-74.1341,4.6815],[-74.1388,4.6849]]]}},{"type":"Feature","properties":{"b":"Muzú","loc":"Tunjuelito","upz":"Venecia","uso":"Residencial","d":-8.4,"c":51.7,"a":31.0,"w":"C","cod":"002413","estrato":2,"estrato_mean":2.11,"np":2,"p2":69.7,"g22":9.8,"src":"2026","abs":24.3},"geometry":{"type":"Polygon","coordinates":[[[-74.1425,4.5876],[-74.1447,4.5869],[-74.1495,4.583],[-74.1483,4.5833],[-74.1471,4.5819],[-74.1476,4.5813],[-74.1493,4.5815],[-74.1499,4.5781],[-74.1487,4.5766],[-74.1483,4.578],[-74.147,4.5763],[-74.1476,4.574],[-74.1462,4.5747],[-74.1451,4.573],[-74.1437,4.5744],[-74.1428,4.5772],[-74.1421,4.5773],[-74.1412,4.5764],[-74.1405,4.5768],[-74.1427,4.5819],[-74.1417,4.5855],[-74.1425,4.5876]]]}},{"type":"Feature","properties":{"b":"Modelia","loc":"Fontibón","upz":"Modelia","uso":"Residencial","d":-9.7,"c":22.2,"a":50.7,"w":"A","cod":"006311","estrato":4,"estrato_mean":4.0,"np":1,"p2":42.1,"g22":10.2,"src":"2026","abs":19.7},"geometry":{"type":"Polygon","coordinates":[[[-74.113,4.6686],[-74.1145,4.6708],[-74.1198,4.6661],[-74.1159,4.6616],[-74.1116,4.6664],[-74.113,4.6686]]]}},{"type":"Feature","properties":{"b":"San Vicente","loc":"San Cristóbal","upz":"San Blas","uso":"Residencial","d":-5.9,"c":62.4,"a":21.2,"w":"C","cod":"001309","estrato":2,"estrato_mean":2.0,"np":1,"p2":80.8,"g22":12.5,"src":"2026","abs":23.8},"geometry":{"type":"Polygon","coordinates":[[[-74.0891,4.5576],[-74.0906,4.5589],[-74.091,4.5574],[-74.0905,4.5565],[-74.0919,4.5547],[-74.0881,4.5536],[-74.0874,4.5517],[-74.0868,4.552],[-74.0863,4.5515],[-74.0851,4.5522],[-74.0848,4.5536],[-74.0877,4.5542],[-74.0891,4.5576]]]}},{"type":"Feature","properties":{"b":"Casablanca Suba","loc":"Suba","upz":"La Academia","uso":"Residencial","d":-3.7,"c":14.5,"a":63.6,"w":"A","cod":"107102","estrato":2,"estrato_mean":2.0,"np":1,"p2":26.8,"g22":8.6,"src":"2026","abs":32.3},"geometry":{"type":"Polygon","coordinates":[[[-74.049,4.7798],[-74.0473,4.7797],[-74.0458,4.7884],[-74.0454,4.7883],[-74.0447,4.7908],[-74.0476,4.7915],[-74.0473,4.7933],[-74.0439,4.7925],[-74.0429,4.797],[-74.0491,4.798],[-74.048,4.8028],[-74.042,4.8016],[-74.0406,4.8057],[-74.041,4.8077],[-74.0469,4.8093],[-74.0565,4.8131],[-74.0625,4.792],[-74.0601,4.792],[-74.0598,4.7948],[-74.0581,4.7947],[-74.0586,4.784],[-74.0484,4.7832],[-74.049,4.7798]]]}},{"type":"Feature","properties":{"b":"Usminia","loc":"Usme","upz":"Comuneros","uso":"Residencial","d":-3.4,"c":58.5,"a":24.9,"w":"C","cod":"002538","estrato":1,"estrato_mean":1.0,"np":1,"p2":75.1,"g22":13.2,"src":"2026","abs":38.2},"geometry":{"type":"Polygon","coordinates":[[[-74.1127,4.4959],[-74.1143,4.4969],[-74.116,4.4959],[-74.118,4.4963],[-74.1187,4.4937],[-74.1172,4.4937],[-74.1172,4.4926],[-74.1187,4.4927],[-74.1188,4.4915],[-74.1167,4.4908],[-74.116,4.4924],[-74.1162,4.4947],[-74.1136,4.4944],[-74.1127,4.4959]]]}},{"type":"Feature","properties":{"b":"Ciudad Bolívar Rural I","loc":"Ciudad Bolívar","upz":"Jerusalén","uso":"Residencial","d":-5.2,"c":61.5,"a":25.7,"w":"C","cod":"104119","estrato":1,"estrato_mean":1.0,"np":1,"p2":82.9,"g22":12.2,"src":"2026","abs":33.9},"geometry":{"type":"Polygon","coordinates":[[[-74.1695,4.5504],[-74.1694,4.5519],[-74.1716,4.5521],[-74.1717,4.5499],[-74.1742,4.5502],[-74.1748,4.5478],[-74.1768,4.5464],[-74.1757,4.5441],[-74.1747,4.5439],[-74.1739,4.5424],[-74.1739,4.5403],[-74.1696,4.5418],[-74.1714,4.5447],[-74.1701,4.5473],[-74.1674,4.5496],[-74.1695,4.5497],[-74.1695,4.5504]]]}},{"type":"Feature","properties":{"b":"El Rosario","loc":"Barrios Unidos","upz":"Parque Salitre","uso":"Dotacional","d":-5.2,"c":38.7,"a":35.7,"w":"C","cod":"005104","estrato":3,"estrato_mean":3.0,"np":1,"p2":52.4,"g22":10.5,"src":"2026","abs":17.2},"geometry":{"type":"Polygon","coordinates":[[[-74.0773,4.6587],[-74.078,4.6589],[-74.0859,4.6555],[-74.0839,4.6535],[-74.0782,4.652],[-74.0773,4.6587]]]}},{"type":"Feature","properties":{"b":"Villa Candelaria","loc":"Ciudad Bolívar","upz":"Jerusalén","uso":"Residencial","d":-6.9,"c":61.0,"a":23.6,"w":"C","cod":"002579","estrato":1,"estrato_mean":1.1,"np":1,"p2":79.4,"g22":11.5,"src":"2026","abs":36.0},"geometry":{"type":"Polygon","coordinates":[[[-74.1528,4.569],[-74.1541,4.569],[-74.1554,4.5654],[-74.151,4.5662],[-74.1512,4.5688],[-74.1518,4.5689],[-74.1527,4.5704],[-74.1528,4.569]]]}},{"type":"Feature","properties":{"b":"Veinte De Julio","loc":"San Cristóbal","upz":"20 De Julio","uso":"Residencial","d":-7.6,"c":55.4,"a":27.8,"w":"C","cod":"001405","estrato":3,"estrato_mean":3.0,"np":2,"p2":74.4,"g22":10.2,"src":"2026","abs":37.0},"geometry":{"type":"Polygon","coordinates":[[[-74.0945,4.5758],[-74.1008,4.5686],[-74.0983,4.5654],[-74.0916,4.5726],[-74.0945,4.5758]]]}},{"type":"Feature","properties":{"b":"El Poa","loc":"Suba","upz":"El Rincón","uso":"Residencial","d":-7.4,"c":39.0,"a":38.9,"w":"C","cod":"009211","estrato":3,"estrato_mean":2.67,"np":2,"p2":60.1,"g22":11.9,"src":"2026","abs":24.1},"geometry":{"type":"Polygon","coordinates":[[[-74.0914,4.7458],[-74.0911,4.7466],[-74.0953,4.7483],[-74.0989,4.7418],[-74.0936,4.74],[-74.0922,4.7429],[-74.0915,4.7426],[-74.0909,4.7439],[-74.0893,4.7434],[-74.0889,4.7445],[-74.0916,4.7453],[-74.0914,4.7458]]]}},{"type":"Feature","properties":{"b":"Santa Bárbara","loc":"Ciudad Bolívar","upz":"Ciudad Usme","uso":"Residencial","d":-20.9,"c":63.0,"a":15.1,"w":"C","cod":"104113","estrato":1,"estrato_mean":1.0,"np":1,"p2":91.5,"g22":7.5,"src":"2026","abs":78.8},"geometry":{"type":"Polygon","coordinates":[[[-74.1498,4.4133],[-74.1493,4.4154],[-74.1484,4.4162],[-74.1559,4.4156],[-74.1564,4.4147],[-74.1574,4.4115],[-74.1571,4.4096],[-74.1586,4.4073],[-74.1572,4.3984],[-74.1553,4.3955],[-74.1553,4.3927],[-74.1545,4.3906],[-74.1514,4.3873],[-74.1508,4.3869],[-74.1489,4.3875],[-74.1485,4.3868],[-74.1472,4.3868],[-74.1461,4.388],[-74.1427,4.3874],[-74.1423,4.3903],[-74.1413,4.392],[-74.1435,4.3977],[-74.1428,4.399],[-74.1444,4.4019],[-74.1439,4.4027],[-74.1447,4.4054],[-74.1436,4.408],[-74.1446,4.4108],[-74.1443,4.4125],[-74.1454,4.4137],[-74.1456,4.4149],[-74.148,4.4145],[-74.1498,4.4133]]]}},{"type":"Feature","properties":{"b":"Vitelma","loc":"San Cristóbal","upz":"San Blas","uso":"Residencial","d":-12.1,"c":62.3,"a":22.3,"w":"C","cod":"001103","estrato":2,"estrato_mean":2.0,"np":1,"p2":81.1,"g22":6.7,"src":"2026","abs":33.4},"geometry":{"type":"Polygon","coordinates":[[[-74.0758,4.5788],[-74.0778,4.5804],[-74.0792,4.574],[-74.0773,4.5718],[-74.0754,4.5732],[-74.0765,4.5739],[-74.0764,4.5758],[-74.0747,4.5759],[-74.0738,4.5766],[-74.0755,4.5773],[-74.0758,4.5788]]]}},{"type":"Feature","properties":{"b":"Las Guacamayas Ii","loc":"San Cristóbal","upz":"La Gloria","uso":"Residencial","d":-6.2,"c":68.6,"a":18.7,"w":"C","cod":"001352","estrato":2,"estrato_mean":2.0,"np":1,"p2":83.8,"g22":9.0,"src":"2026","abs":36.9},"geometry":{"type":"Polygon","coordinates":[[[-74.098,4.5562],[-74.1,4.5553],[-74.0982,4.5525],[-74.0975,4.5538],[-74.098,4.5562]]]}},{"type":"Feature","properties":{"b":"Molinos Norte","loc":"Usaquén","upz":"Santa Bárbara","uso":"Comercial","d":-2.3,"c":7.3,"a":63.0,"w":"A","cod":"008416","estrato":6,"estrato_mean":5.98,"np":1,"p2":16.4,"g22":6.8,"src":"2026","abs":24.1},"geometry":{"type":"Polygon","coordinates":[[[-74.0345,4.6942],[-74.0432,4.6963],[-74.0457,4.6904],[-74.0421,4.6884],[-74.0361,4.6919],[-74.0345,4.6942]]]}},{"type":"Feature","properties":{"b":"Centro Usme Rural I","loc":"Usme","upz":"Ciudad Usme","uso":"Residencial","d":-5.1,"c":62.7,"a":23.5,"w":"C","cod":"102602","estrato":2,"estrato_mean":2.0,"np":1,"p2":78.5,"g22":12.1,"src":"2026","abs":33.8},"geometry":{"type":"Polygon","coordinates":[[[-74.1224,4.4751],[-74.1211,4.4761],[-74.1221,4.4774],[-74.1228,4.4767],[-74.1224,4.4751]]]}},{"type":"Feature","properties":{"b":"Cundinamarca","loc":"Puente Aranda","upz":"Zona Industrial","uso":"Industrial","d":-7.4,"c":47.1,"a":34.4,"w":"C","cod":"006211","estrato":3,"estrato_mean":3.0,"np":2,"p2":63.5,"g22":9.0,"src":"2026","abs":46.0},"geometry":{"type":"Polygon","coordinates":[[[-74.0912,4.6239],[-74.093,4.6228],[-74.0898,4.6197],[-74.0878,4.6218],[-74.0892,4.6233],[-74.0912,4.6239]]]}},{"type":"Feature","properties":{"b":"Emaús","loc":"Chapinero","upz":"El Refugio","uso":"Residencial","d":-4.3,"c":40.2,"a":31.9,"w":"C","cod":"008202","estrato":6,"estrato_mean":5.55,"np":1,"p2":56.1,"g22":11.7,"src":"2026","abs":47.6},"geometry":{"type":"Polygon","coordinates":[[[-74.0571,4.6518],[-74.0547,4.6503],[-74.0538,4.6518],[-74.0548,4.6524],[-74.0533,4.6531],[-74.0529,4.654],[-74.0553,4.6552],[-74.0571,4.6518]]]}},{"type":"Feature","properties":{"b":"La Torre","loc":"Ciudad Bolívar","upz":"Lucero","uso":"Residencial","d":-4.8,"c":65.8,"a":19.3,"w":"C","cod":"002581","estrato":1,"estrato_mean":1.0,"np":1,"p2":82.9,"g22":12.2,"src":"2026","abs":49.9},"geometry":{"type":"Polygon","coordinates":[[[-74.1622,4.5424],[-74.1631,4.5425],[-74.1641,4.5415],[-74.1627,4.5399],[-74.1614,4.54],[-74.161,4.5406],[-74.1616,4.5411],[-74.1608,4.5423],[-74.1622,4.5424]]]}},{"type":"Feature","properties":{"b":"La Requilina Rural","loc":"Usme","upz":"Ciudad Usme","uso":"Residencial","d":-5.5,"c":60.9,"a":23.6,"w":"C","cod":"102122","estrato":1,"estrato_mean":1.0,"np":1,"p2":78.5,"g22":12.1,"src":"2026","abs":49.4},"geometry":{"type":"Polygon","coordinates":[[[-74.1195,4.4731],[-74.1207,4.4735],[-74.1198,4.4731],[-74.1199,4.4724],[-74.1214,4.4721],[-74.1208,4.4709],[-74.1229,4.4696],[-74.1224,4.469],[-74.1188,4.4691],[-74.1167,4.4673],[-74.1161,4.4681],[-74.1146,4.4662],[-74.1138,4.4668],[-74.1131,4.4654],[-74.1114,4.4664],[-74.1106,4.4653],[-74.1085,4.4652],[-74.1074,4.4641],[-74.1064,4.4652],[-74.1102,4.4673],[-74.1113,4.4699],[-74.115,4.4728],[-74.1163,4.4765],[-74.1171,4.4766],[-74.1177,4.4756],[-74.1192,4.4757],[-74.1202,4.4765],[-74.1207,4.4758],[-74.1195,4.4745],[-74.1195,4.4731]]]}},{"type":"Feature","properties":{"b":"Villa Gladys","loc":"Engativá","upz":"Engativá","uso":"Residencial","d":-4.3,"c":51.0,"a":30.7,"w":"C","cod":"005637","estrato":2,"estrato_mean":2.05,"np":1,"p2":67.8,"g22":12.4,"src":"2026","abs":32.4},"geometry":{"type":"Polygon","coordinates":[[[-74.1361,4.7085],[-74.1364,4.7107],[-74.1397,4.7106],[-74.1391,4.7094],[-74.1414,4.7076],[-74.1379,4.7049],[-74.1368,4.7056],[-74.1364,4.7049],[-74.1334,4.7055],[-74.1339,4.7077],[-74.1351,4.7077],[-74.1351,4.7082],[-74.1364,4.7082],[-74.1361,4.7085]]]}},{"type":"Feature","properties":{"b":"Tibaque Sur","loc":"Usme","upz":"La Flora","uso":"Residencial","d":-2.1,"c":66.3,"a":18.0,"w":"C","cod":"102407","estrato":1,"estrato_mean":1.0,"np":1,"p2":81.4,"g22":13.0,"src":"2026","abs":43.9},"geometry":{"type":"Polygon","coordinates":[[[-74.0868,4.5035],[-74.088,4.5042],[-74.0882,4.5051],[-74.0944,4.5056],[-74.0938,4.5038],[-74.0893,4.5035],[-74.0893,4.5024],[-74.0865,4.5026],[-74.0868,4.5035]]]}},{"type":"Feature","properties":{"b":"Vereda El Tintal Rural","loc":"Kennedy","upz":"Tintal Norte","uso":"Residencial","d":-11.8,"c":40.6,"a":37.8,"w":"C","cod":"105105","estrato":2,"estrato_mean":2.0,"np":1,"p2":64.0,"g22":11.7,"src":"2026","abs":21.0},"geometry":{"type":"Polygon","coordinates":[[[-74.1405,4.6622],[-74.1417,4.6636],[-74.1438,4.6618],[-74.1414,4.6606],[-74.1419,4.6598],[-74.1428,4.6602],[-74.1453,4.6586],[-74.1503,4.6581],[-74.1497,4.6573],[-74.1512,4.656],[-74.1492,4.6544],[-74.1423,4.659],[-74.1394,4.6562],[-74.1371,4.658],[-74.1372,4.6588],[-74.1395,4.6606],[-74.1405,4.6622]]]}},{"type":"Feature","properties":{"b":"Santa Inés","loc":"Santa Fe","upz":"Las Nieves","uso":"Comercial","d":4.6,"c":50.8,"a":35.5,"w":"C","cod":"003107","estrato":3,"estrato_mean":3.0,"np":2,"p2":55.6,"g22":9.4,"src":"2026","abs":57.2},"geometry":{"type":"Polygon","coordinates":[[[-74.0811,4.5951],[-74.0775,4.6009],[-74.0805,4.6028],[-74.0847,4.5971],[-74.0811,4.5951]]]}},{"type":"Feature","properties":{"b":"Altos Del Zuque","loc":"San Cristóbal","upz":"La Gloria","uso":"Residencial","d":-6.6,"c":67.5,"a":19.1,"w":"C","cod":"001331","estrato":1,"estrato_mean":1.14,"np":1,"p2":85.5,"g22":11.4,"src":"2026","abs":27.4},"geometry":{"type":"Polygon","coordinates":[[[-74.0772,4.5442],[-74.0773,4.5447],[-74.0794,4.5448],[-74.0797,4.5427],[-74.0818,4.5428],[-74.0825,4.5418],[-74.0824,4.5403],[-74.0838,4.5398],[-74.0757,4.5406],[-74.077,4.5419],[-74.0764,4.5433],[-74.0772,4.5442]]]}},{"type":"Feature","properties":{"b":"Puente Colorado","loc":"San Cristóbal","upz":"La Gloria","uso":"Residencial","d":-6.6,"c":67.5,"a":19.1,"w":"C","cod":"001317","estrato":2,"estrato_mean":2.0,"np":1,"p2":85.5,"g22":11.4,"src":"2026","abs":27.4},"geometry":{"type":"Polygon","coordinates":[[[-74.0818,4.5428],[-74.0831,4.544],[-74.083,4.5434],[-74.0839,4.5424],[-74.0834,4.5408],[-74.0838,4.5398],[-74.0824,4.5403],[-74.0825,4.5418],[-74.0818,4.5428]]]}},{"type":"Feature","properties":{"b":"Rafael Núñez","loc":"Teusaquillo","upz":"La Esmeralda","uso":"Residencial","d":0.1,"c":64.5,"a":10.7,"w":"C","cod":"005117","estrato":4,"estrato_mean":4.0,"np":1,"p2":72.7,"g22":8.3,"src":"2026","abs":23.0},"geometry":{"type":"Polygon","coordinates":[[[-74.0905,4.6424],[-74.0889,4.6398],[-74.0839,4.6453],[-74.0862,4.6469],[-74.0877,4.6443],[-74.0905,4.6424]]]}},{"type":"Feature","properties":{"b":"Sabana Del Dorado","loc":"Engativá","upz":"Engativá","uso":"Residencial","d":-5.8,"c":48.5,"a":35.4,"w":"C","cod":"005657","estrato":2,"estrato_mean":2.0,"np":1,"p2":60.6,"g22":12.6,"src":"2026","abs":13.1},"geometry":{"type":"Polygon","coordinates":[[[-74.1424,4.7084],[-74.1414,4.7076],[-74.1391,4.7094],[-74.1411,4.7129],[-74.1417,4.7126],[-74.1429,4.7147],[-74.1454,4.7122],[-74.1468,4.7117],[-74.1424,4.7084]]]}},{"type":"Feature","properties":{"b":"Polo Club","loc":"Barrios Unidos","upz":"Los Alcázares","uso":"Residencial","d":-4.1,"c":22.8,"a":50.0,"w":"A","cod":"007401","estrato":4,"estrato_mean":4.0,"np":2,"p2":35.3,"g22":10.0,"src":"2026","abs":34.9},"geometry":{"type":"Polygon","coordinates":[[[-74.0608,4.6657],[-74.0585,4.679],[-74.0674,4.6739],[-74.0608,4.6657]]]}},{"type":"Feature","properties":{"b":"La Fragua","loc":"Antonio Nariño","upz":"Restrepo","uso":"Comercial","d":-8.5,"c":40.6,"a":38.4,"w":"C","cod":"002107","estrato":3,"estrato_mean":3.0,"np":1,"p2":59.6,"g22":10.5,"src":"2026","abs":27.6},"geometry":{"type":"Polygon","coordinates":[[[-74.1022,4.595],[-74.107,4.5984],[-74.111,4.5955],[-74.1097,4.5938],[-74.109,4.5943],[-74.1082,4.5933],[-74.1078,4.5935],[-74.1065,4.5916],[-74.1022,4.595]]]}},{"type":"Feature","properties":{"b":"San Gabriel Norte","loc":"Usaquén","upz":"Usaquén","uso":"Comercial","d":-3.8,"c":22.5,"a":51.5,"w":"A","cod":"008406","estrato":2,"estrato_mean":3.12,"np":1,"p2":37.0,"g22":10.7,"src":"2026","abs":53.6},"geometry":{"type":"Polygon","coordinates":[[[-74.0247,4.7037],[-74.0238,4.7035],[-74.0224,4.7049],[-74.0285,4.7055],[-74.0289,4.6996],[-74.0304,4.698],[-74.0286,4.6965],[-74.0273,4.6969],[-74.026,4.6953],[-74.0247,4.6956],[-74.0258,4.6974],[-74.0253,4.6995],[-74.0285,4.7009],[-74.0284,4.7015],[-74.0282,4.702],[-74.0257,4.701],[-74.0251,4.702],[-74.0261,4.7025],[-74.0257,4.7034],[-74.0247,4.7037]]]}},{"type":"Feature","properties":{"b":"El Progreso Usme","loc":"Usme","upz":"Alfonso López","uso":"Residencial","d":-4.3,"c":66.1,"a":20.7,"w":"C","cod":"002613","estrato":1,"estrato_mean":1.0,"np":2,"p2":81.4,"g22":9.9,"src":"2026","abs":41.6},"geometry":{"type":"Polygon","coordinates":[[[-74.1032,4.4988],[-74.1036,4.4979],[-74.1055,4.4996],[-74.1073,4.4982],[-74.1044,4.4939],[-74.104,4.4938],[-74.1034,4.4969],[-74.1002,4.4964],[-74.0996,4.4982],[-74.0987,4.4981],[-74.1032,4.4988]]]}},{"type":"Feature","properties":{"b":"Arboleda Sur","loc":"Rafael Uribe Uribe","upz":"Marruecos","uso":"Residencial","d":-2.1,"c":57.9,"a":27.1,"w":"C","cod":"001423","estrato":1,"estrato_mean":1.48,"np":1,"p2":75.0,"g22":15.0,"src":"2026","abs":38.6},"geometry":{"type":"Polygon","coordinates":[[[-74.1168,4.5664],[-74.1178,4.5659],[-74.1183,4.5667],[-74.1215,4.5671],[-74.1216,4.5664],[-74.1235,4.5661],[-74.123,4.5643],[-74.125,4.5633],[-74.1245,4.5613],[-74.1242,4.5608],[-74.1188,4.564],[-74.1183,4.5619],[-74.1176,4.563],[-74.1156,4.5606],[-74.1163,4.56],[-74.1141,4.5602],[-74.1136,4.5584],[-74.1126,4.5581],[-74.1134,4.5595],[-74.1127,4.5595],[-74.1124,4.5625],[-74.1168,4.5664]]]}},{"type":"Feature","properties":{"b":"Paulo Vi","loc":"Teusaquillo","upz":"La Esmeralda","uso":"Residencial","d":-2.5,"c":27.1,"a":49.3,"w":"A","cod":"005113","estrato":4,"estrato_mean":4.0,"np":2,"p2":38.4,"g22":8.8,"src":"2026","abs":30.3},"geometry":{"type":"Polygon","coordinates":[[[-74.0917,4.653],[-74.0931,4.6519],[-74.0862,4.6469],[-74.0845,4.6512],[-74.0888,4.6542],[-74.0917,4.653]]]}},{"type":"Feature","properties":{"b":"Canódromo","loc":"Suba","upz":"El Prado","uso":"Residencial","d":-4.6,"c":22.6,"a":52.0,"w":"A","cod":"009130","estrato":3,"estrato_mean":3.59,"np":1,"p2":36.1,"g22":8.9,"src":"2026","abs":33.6},"geometry":{"type":"Polygon","coordinates":[[[-74.0527,4.7138],[-74.0596,4.7146],[-74.06,4.7121],[-74.0586,4.7122],[-74.0597,4.7077],[-74.0539,4.7069],[-74.0527,4.7138]]]}},{"type":"Feature","properties":{"b":"El Vervenal","loc":"Usaquén","upz":"Verbenal","uso":"Residencial","d":-5.2,"c":37.0,"a":42.0,"w":"A","cod":"008526","estrato":3,"estrato_mean":3.05,"np":1,"p2":57.0,"g22":12.3,"src":"2026","abs":29.4},"geometry":{"type":"Polygon","coordinates":[[[-74.0375,4.7662],[-74.0391,4.7661],[-74.0399,4.7631],[-74.0409,4.7632],[-74.0408,4.7641],[-74.0448,4.7621],[-74.0455,4.7577],[-74.0407,4.7603],[-74.0374,4.7603],[-74.0375,4.7662]]]}},{"type":"Feature","properties":{"b":"La Paz Bosa","loc":"Bosa","upz":"Bosa Occidental","uso":"Residencial","d":-1.7,"c":55.3,"a":28.1,"w":"C","cod":"004520","estrato":2,"estrato_mean":2.0,"np":1,"p2":69.9,"g22":12.9,"src":"2026","abs":25.0},"geometry":{"type":"Polygon","coordinates":[[[-74.1819,4.6189],[-74.1867,4.6192],[-74.1895,4.6171],[-74.1888,4.6155],[-74.1914,4.6143],[-74.1883,4.6127],[-74.186,4.6141],[-74.1859,4.6153],[-74.1846,4.6159],[-74.1821,4.6149],[-74.18,4.6182],[-74.1806,4.6189],[-74.1819,4.6189]]]}},{"type":"Feature","properties":{"b":"San José De Usaquén","loc":"Usaquén","upz":"La Uribe","uso":"Residencial","d":-4.9,"c":34.8,"a":42.3,"w":"A","cod":"008529","estrato":3,"estrato_mean":3.0,"np":1,"p2":51.8,"g22":12.1,"src":"2026","abs":29.4},"geometry":{"type":"Polygon","coordinates":[[[-74.0314,4.7603],[-74.0369,4.7603],[-74.0371,4.7539],[-74.0365,4.7538],[-74.0372,4.7492],[-74.0317,4.7483],[-74.0316,4.753],[-74.0307,4.7529],[-74.0305,4.7543],[-74.0244,4.7537],[-74.0245,4.7562],[-74.0313,4.7564],[-74.0314,4.7603]]]}},{"type":"Feature","properties":{"b":"La Uribe","loc":"Usaquén","upz":"La Uribe","uso":"Residencial","d":-2.6,"c":24.5,"a":49.4,"w":"A","cod":"008525","estrato":3,"estrato_mean":3.17,"np":2,"p2":38.6,"g22":10.4,"src":"2026","abs":15.9},"geometry":{"type":"Polygon","coordinates":[[[-74.037,4.7554],[-74.0401,4.7554],[-74.0402,4.7532],[-74.043,4.7534],[-74.0431,4.7528],[-74.0463,4.7534],[-74.0467,4.7514],[-74.0372,4.7492],[-74.0365,4.7538],[-74.0371,4.7539],[-74.037,4.7554]]]}},{"type":"Feature","properties":{"b":"La Sabana","loc":"Los Mártires","upz":"La Sabana","uso":"Comercial","d":-6.7,"c":29.2,"a":57.7,"w":"A","cod":"004102","estrato":2,"estrato_mean":2.35,"np":1,"p2":44.6,"g22":8.7,"src":"2026","abs":41.4},"geometry":{"type":"Polygon","coordinates":[[[-74.0899,4.6078],[-74.086,4.6052],[-74.0844,4.6076],[-74.0878,4.6106],[-74.0899,4.6078]]]}},{"type":"Feature","properties":{"b":"Valladolid","loc":"Kennedy","upz":"Castilla","uso":"Residencial","d":-12.7,"c":37.3,"a":43.5,"w":"A","cod":"006515","estrato":2,"estrato_mean":2.03,"np":2,"p2":52.7,"g22":10.6,"src":"2026","abs":28.8},"geometry":{"type":"Polygon","coordinates":[[[-74.1471,4.6492],[-74.1511,4.6451],[-74.1497,4.6435],[-74.149,4.6441],[-74.1477,4.6426],[-74.1469,4.6439],[-74.1445,4.6424],[-74.1429,4.6447],[-74.1471,4.6492]]]}},{"type":"Feature","properties":{"b":"Campanella","loc":"Suba","upz":"Suba","uso":"Residencial","d":-4.2,"c":31.9,"a":46.0,"w":"A","cod":"009219","estrato":4,"estrato_mean":3.18,"np":1,"p2":47.5,"g22":11.4,"src":"2026","abs":27.4},"geometry":{"type":"Polygon","coordinates":[[[-74.0838,4.7532],[-74.0854,4.7541],[-74.0868,4.7534],[-74.0885,4.7486],[-74.0859,4.7475],[-74.0849,4.7488],[-74.0835,4.7485],[-74.0818,4.7516],[-74.0838,4.7532]]]}},{"type":"Feature","properties":{"b":"Las Violetas","loc":"Usme","upz":"La Flora","uso":"Residencial","d":-2.1,"c":66.3,"a":18.0,"w":"C","cod":"002633","estrato":1,"estrato_mean":1.0,"np":1,"p2":81.4,"g22":13.0,"src":"2026","abs":43.9},"geometry":{"type":"Polygon","coordinates":[[[-74.0799,4.5002],[-74.083,4.4987],[-74.0825,4.4975],[-74.0788,4.4988],[-74.0799,4.5002]]]}},{"type":"Feature","properties":{"b":"La Estrellita Iii","loc":"Usaquén","upz":"Verbenal","uso":"Residencial","d":-4.2,"c":56.7,"a":27.0,"w":"C","cod":"008547","estrato":1,"estrato_mean":1.0,"np":1,"p2":73.4,"g22":12.6,"src":"2026","abs":47.6},"geometry":{"type":"Polygon","coordinates":[[[-74.0226,4.76],[-74.023,4.7602],[-74.0229,4.7593],[-74.0226,4.76]]]}},{"type":"Feature","properties":{"b":"Doce De Octubre","loc":"Barrios Unidos","upz":"Doce De Octubre","uso":"Residencial","d":-5.3,"c":33.5,"a":46.3,"w":"A","cod":"005202","estrato":3,"estrato_mean":3.0,"np":1,"p2":53.7,"g22":10.8,"src":"2026","abs":53.7},"geometry":{"type":"Polygon","coordinates":[[[-74.0767,4.6641],[-74.0761,4.6637],[-74.0751,4.6657],[-74.0707,4.6708],[-74.0756,4.6745],[-74.0765,4.6714],[-74.0759,4.6659],[-74.0767,4.6641]]]}},{"type":"Feature","properties":{"b":"Rafael Escamilla","loc":"Ciudad Bolívar","upz":"Arborizadora","uso":"Residencial","d":-8.8,"c":53.2,"a":27.1,"w":"C","cod":"002421","estrato":3,"estrato_mean":3.0,"np":1,"p2":73.5,"g22":11.6,"src":"2026","abs":29.7},"geometry":{"type":"Polygon","coordinates":[[[-74.1612,4.5922],[-74.1577,4.5926],[-74.1581,4.5962],[-74.162,4.5958],[-74.1616,4.5922],[-74.1612,4.5922]]]}},{"type":"Feature","properties":{"b":"Tabora","loc":"Engativá","upz":"Boyacá Real","uso":"Residencial","d":-6.9,"c":38.2,"a":39.0,"w":"A","cod":"005609","estrato":3,"estrato_mean":3.0,"np":1,"p2":56.9,"g22":11.8,"src":"2026","abs":25.6},"geometry":{"type":"Polygon","coordinates":[[[-74.1029,4.6935],[-74.0989,4.6903],[-74.0957,4.6947],[-74.0993,4.6976],[-74.1029,4.6935]]]}},{"type":"Feature","properties":{"b":"Callejón Santa Bárbara","loc":"Rafael Uribe Uribe","upz":"Marruecos","uso":"Residencial","d":-7.5,"c":51.8,"a":30.6,"w":"C","cod":"001419","estrato":2,"estrato_mean":1.97,"np":2,"p2":72.0,"g22":12.7,"src":"2026","abs":34.6},"geometry":{"type":"Polygon","coordinates":[[[-74.1127,4.5595],[-74.1134,4.5595],[-74.1126,4.5581],[-74.1136,4.5584],[-74.1141,4.5593],[-74.1149,4.5592],[-74.1162,4.5562],[-74.1148,4.5555],[-74.1147,4.5563],[-74.1141,4.5563],[-74.1125,4.5552],[-74.1114,4.5574],[-74.1115,4.5595],[-74.1127,4.5595]]]}},{"type":"Feature","properties":{"b":"Los Tres Reyes I","loc":"Ciudad Bolívar","upz":"Ismael Perdomo","uso":"Residencial","d":-5.4,"c":61.8,"a":27.5,"w":"C","cod":"002441","estrato":1,"estrato_mean":1.0,"np":1,"p2":79.7,"g22":11.1,"src":"2026","abs":21.2},"geometry":{"type":"Polygon","coordinates":[[[-74.1798,4.5885],[-74.1811,4.5876],[-74.1808,4.5858],[-74.1764,4.5862],[-74.1767,4.5886],[-74.1798,4.5885]]]}},{"type":"Feature","properties":{"b":"Santa Cecilia","loc":"Fontibón","upz":"Capellanía","uso":"Industrial","d":-6.9,"c":24.3,"a":50.4,"w":"A","cod":"006301","estrato":4,"estrato_mean":3.74,"np":3,"p2":41.0,"g22":10.7,"src":"2026","abs":28.7},"geometry":{"type":"Polygon","coordinates":[[[-74.1177,4.6758],[-74.1236,4.6839],[-74.1212,4.6775],[-74.1234,4.6749],[-74.1214,4.6722],[-74.1235,4.6701],[-74.1198,4.6661],[-74.1145,4.6708],[-74.1177,4.6758]]]}},{"type":"Feature","properties":{"b":"Nueva Tibabuyes","loc":"Suba","upz":"Tibabuyes","uso":"Residencial","d":-8.1,"c":49.1,"a":33.5,"w":"C","cod":"009224","estrato":2,"estrato_mean":2.0,"np":1,"p2":68.2,"g22":11.0,"src":"2026","abs":20.8},"geometry":{"type":"Polygon","coordinates":[[[-74.1073,4.7388],[-74.1095,4.735],[-74.1089,4.7327],[-74.1069,4.7321],[-74.1059,4.7303],[-74.1047,4.7305],[-74.105,4.7297],[-74.1045,4.7293],[-74.103,4.7294],[-74.1036,4.7333],[-74.1032,4.734],[-74.1055,4.735],[-74.1037,4.7376],[-74.1073,4.7388]]]}},{"type":"Feature","properties":{"b":"Santa Librada Norte","loc":"Usme","upz":"Gran Yomasa","uso":"Residencial","d":-7.1,"c":58.2,"a":26.0,"w":"C","cod":"002528","estrato":2,"estrato_mean":2.0,"np":2,"p2":75.9,"g22":11.4,"src":"2026","abs":38.0},"geometry":{"type":"Polygon","coordinates":[[[-74.1154,4.5205],[-74.1175,4.5198],[-74.1168,4.5158],[-74.1135,4.5167],[-74.1121,4.5153],[-74.1116,4.5131],[-74.1102,4.5129],[-74.11,4.5138],[-74.1108,4.5145],[-74.1098,4.5159],[-74.1104,4.5173],[-74.1128,4.5187],[-74.1139,4.5176],[-74.1146,4.5177],[-74.1148,4.5182],[-74.114,4.5184],[-74.1154,4.5205]]]}},{"type":"Feature","properties":{"b":"Villa Elisa","loc":"Suba","upz":"El Rincón","uso":"Residencial","d":-6.5,"c":41.0,"a":37.3,"w":"C","cod":"009207","estrato":3,"estrato_mean":2.95,"np":4,"p2":57.8,"g22":11.5,"src":"2026","abs":27.4},"geometry":{"type":"Polygon","coordinates":[[[-74.0925,4.7337],[-74.0913,4.733],[-74.0919,4.7319],[-74.0913,4.7315],[-74.0905,4.7311],[-74.0899,4.7321],[-74.0871,4.7307],[-74.0849,4.7379],[-74.0863,4.7383],[-74.0867,4.7377],[-74.0902,4.7388],[-74.0916,4.7337],[-74.0925,4.7337]]]}},{"type":"Feature","properties":{"b":"Parque Popular Salitre","loc":"Barrios Unidos","upz":"Parque Salitre","uso":"Dotacional","d":-15.7,"c":30.8,"a":39.5,"w":"A","cod":"005115","estrato":3,"estrato_mean":3.0,"np":1,"p2":59.8,"g22":13.3,"src":"2026","abs":21.1},"geometry":{"type":"Polygon","coordinates":[[[-74.0894,4.6713],[-74.0937,4.666],[-74.0886,4.6595],[-74.0855,4.6662],[-74.0884,4.6711],[-74.0894,4.6713]]]}},{"type":"Feature","properties":{"b":"Dindalito","loc":"Kennedy","upz":"Patio Bonito","uso":"Residencial","d":-5.2,"c":48.9,"a":32.7,"w":"C","cod":"004614","estrato":2,"estrato_mean":2.0,"np":1,"p2":66.7,"g22":12.6,"src":"2026","abs":30.6},"geometry":{"type":"Polygon","coordinates":[[[-74.173,4.6329],[-74.1704,4.6348],[-74.1721,4.6379],[-74.175,4.6367],[-74.173,4.6329]]]}},{"type":"Feature","properties":{"b":"Montebello","loc":"San Cristóbal","upz":"20 De Julio","uso":"Residencial","d":-6.1,"c":52.5,"a":29.7,"w":"C","cod":"001302","estrato":3,"estrato_mean":2.67,"np":2,"p2":71.1,"g22":12.6,"src":"2026","abs":36.2},"geometry":{"type":"Polygon","coordinates":[[[-74.0911,4.5688],[-74.0936,4.5683],[-74.0938,4.5674],[-74.0872,4.5643],[-74.0865,4.5673],[-74.0875,4.5665],[-74.0911,4.5688]]]}},{"type":"Feature","properties":{"b":"Canadá O Güira","loc":"San Cristóbal","upz":"Los Libertadores","uso":"Residencial","d":-5.7,"c":60.4,"a":24.4,"w":"C","cod":"001330","estrato":2,"estrato_mean":2.0,"np":1,"p2":77.9,"g22":11.8,"src":"2026","abs":33.7},"geometry":{"type":"Polygon","coordinates":[[[-74.1027,4.5468],[-74.1024,4.5459],[-74.0998,4.5448],[-74.0971,4.54],[-74.097,4.5417],[-74.0957,4.5429],[-74.0977,4.5451],[-74.0961,4.5461],[-74.0978,4.5473],[-74.1003,4.5475],[-74.1013,4.549],[-74.1027,4.5468]]]}},{"type":"Feature","properties":{"b":"El Corzo Ii","loc":"Bosa","upz":"El Porvenir","uso":"Residencial","d":-5.5,"c":56.3,"a":26.9,"w":"C","cod":"004646","estrato":2,"estrato_mean":2.0,"np":1,"p2":75.1,"g22":11.6,"src":"2026","abs":21.5},"geometry":{"type":"Polygon","coordinates":[[[-74.1947,4.6505],[-74.1955,4.652],[-74.1964,4.6506],[-74.2012,4.6482],[-74.2027,4.6456],[-74.2007,4.6449],[-74.1999,4.6453],[-74.1992,4.6441],[-74.1971,4.6453],[-74.1963,4.6439],[-74.1983,4.6473],[-74.1969,4.648],[-74.1958,4.6461],[-74.1941,4.6471],[-74.1934,4.648],[-74.1947,4.6505]]]}},{"type":"Feature","properties":{"b":"Torca Rural I","loc":"Usaquén","upz":"Paseo De Los Libertadores","uso":"Residencial","d":0.5,"c":27.0,"a":53.6,"w":"A","cod":"108101","estrato":6,"estrato_mean":6.0,"np":1,"p2":34.6,"g22":8.1,"src":"2026","abs":58.6},"geometry":{"type":"Polygon","coordinates":[[[-74.002,4.8071],[-74.0051,4.8104],[-74.0071,4.8111],[-74.0069,4.812],[-74.0049,4.8132],[-74.0045,4.8186],[-74.0069,4.8187],[-74.0106,4.8213],[-74.0144,4.8216],[-74.0167,4.821],[-74.0216,4.8227],[-74.0235,4.8218],[-74.0252,4.8223],[-74.0253,4.8231],[-74.0302,4.8234],[-74.034,4.8246],[-74.0343,4.8217],[-74.0313,4.8214],[-74.0307,4.8172],[-74.0309,4.8121],[-74.0324,4.8122],[-74.0324,4.8114],[-74.0308,4.8114],[-74.0305,4.8089],[-74.0309,4.8127],[-74.0283,4.8117],[-74.0279,4.8135],[-74.0256,4.8137],[-74.0237,4.8133],[-74.0231,4.8085],[-74.002,4.8071]]]}},{"type":"Feature","properties":{"b":"Santander","loc":"Antonio Nariño","upz":"Restrepo","uso":"Comercial","d":-4.4,"c":40.4,"a":32.2,"w":"C","cod":"002105","estrato":3,"estrato_mean":3.0,"np":1,"p2":56.8,"g22":12.0,"src":"2026","abs":40.9},"geometry":{"type":"Polygon","coordinates":[[[-74.1123,4.5941],[-74.1089,4.5894],[-74.1065,4.5916],[-74.1078,4.5935],[-74.1082,4.5933],[-74.109,4.5943],[-74.1097,4.5938],[-74.111,4.5955],[-74.1123,4.5941]]]}},{"type":"Feature","properties":{"b":"Remanso Urbano","loc":"Bosa","upz":"Bosa Occidental","uso":"Residencial","d":-5.4,"c":62.1,"a":20.9,"w":"C","cod":"004602","estrato":1,"estrato_mean":1.09,"np":1,"p2":77.9,"g22":12.5,"src":"2026","abs":31.8},"geometry":{"type":"Polygon","coordinates":[[[-74.2029,4.6193],[-74.2035,4.6203],[-74.2037,4.6192],[-74.2059,4.6187],[-74.2055,4.6181],[-74.2037,4.6188],[-74.2056,4.6143],[-74.2063,4.6147],[-74.2067,4.6162],[-74.206,4.6172],[-74.207,4.6168],[-74.2061,4.614],[-74.2052,4.6141],[-74.2045,4.6166],[-74.2028,4.6174],[-74.2029,4.6185],[-74.2021,4.6193],[-74.2029,4.6193]]]}},{"type":"Feature","properties":{"b":"Osorio Ii","loc":"Kennedy","upz":"Tintal Norte","uso":"Residencial","d":-22.0,"c":43.5,"a":36.8,"w":"C","cod":"105203","estrato":2,"estrato_mean":2.0,"np":1,"p2":73.9,"g22":8.4,"src":"2026","abs":14.0},"geometry":{"type":"Polygon","coordinates":[[[-74.1631,4.659],[-74.1642,4.6584],[-74.1663,4.6596],[-74.1669,4.6572],[-74.1677,4.6562],[-74.1693,4.6561],[-74.1709,4.657],[-74.165,4.6502],[-74.1646,4.6537],[-74.1611,4.6558],[-74.1631,4.659]]]}},{"type":"Feature","properties":{"b":"La Estrada","loc":"Engativá","upz":"Las Ferias","uso":"Residencial","d":-4.7,"c":40.0,"a":38.9,"w":"C","cod":"005502","estrato":3,"estrato_mean":3.0,"np":2,"p2":56.0,"g22":11.1,"src":"2026","abs":29.8},"geometry":{"type":"Polygon","coordinates":[[[-74.0906,4.6779],[-74.0888,4.681],[-74.0915,4.684],[-74.0982,4.6743],[-74.096,4.6728],[-74.0955,4.6736],[-74.0949,4.6732],[-74.0906,4.6779]]]}},{"type":"Feature","properties":{"b":"Las Margaritas","loc":"Usme","upz":"Ciudad Usme","uso":"Residencial","d":-12.0,"c":64.6,"a":22.3,"w":"C","cod":"102113","estrato":1,"estrato_mean":1.0,"np":1,"p2":87.9,"g22":11.3,"src":"2026","abs":80.0},"geometry":{"type":"Polygon","coordinates":[[[-74.2203,4.3615],[-74.2201,4.3606],[-74.2116,4.3608],[-74.2096,4.3599],[-74.2072,4.3612],[-74.2032,4.3613],[-74.1991,4.3641],[-74.1938,4.3626],[-74.1917,4.3636],[-74.1908,4.3632],[-74.1905,4.3623],[-74.1916,4.3596],[-74.1898,4.3587],[-74.1877,4.3562],[-74.1869,4.3603],[-74.186,4.3616],[-74.1863,4.3635],[-74.1857,4.3655],[-74.1834,4.3695],[-74.1824,4.3688],[-74.1821,4.3725],[-74.1803,4.3751],[-74.1828,4.3767],[-74.1813,4.3812],[-74.1818,4.3831],[-74.1804,4.3842],[-74.1805,4.386],[-74.1774,4.3886],[-74.1781,4.3918],[-74.1792,4.3931],[-74.1794,4.3948],[-74.1802,4.395],[-74.1803,4.3974],[-74.1824,4.3988],[-74.1857,4.3987],[-74.1867,4.398],[-74.191,4.398],[-74.1922,4.3969],[-74.1968,4.396],[-74.1985,4.3972],[-74.1998,4.3953],[-74.2008,4.3955],[-74.2011,4.3937],[-74.2025,4.393],[-74.2038,4.3912],[-74.2059,4.39],[-74.2066,4.3907],[-74.2069,4.3879],[-74.2106,4.3909],[-74.2112,4.3883],[-74.213,4.3871],[-74.2126,4.3839],[-74.2141,4.3811],[-74.2154,4.38],[-74.2155,4.3707],[-74.2173,4.3672],[-74.2204,4.3648],[-74.2203,4.3615]]]}},{"type":"Feature","properties":{"b":"Santa Cecilia De Suba Ii","loc":"Suba","upz":"Tibabuyes","uso":"Residencial","d":-2.3,"c":57.5,"a":26.5,"w":"C","cod":"207801","estrato":2,"estrato_mean":2.0,"np":1,"p2":71.5,"g22":11.8,"src":"2026","abs":42.4},"geometry":{"type":"Polygon","coordinates":[[[-74.1309,4.7417],[-74.1319,4.7405],[-74.1311,4.7396],[-74.1316,4.7402],[-74.1309,4.7417]]]}},{"type":"Feature","properties":{"b":"El Mirador De La Estancia","loc":"Ciudad Bolívar","upz":"Ismael Perdomo","uso":"Residencial","d":-5.8,"c":61.8,"a":27.5,"w":"C","cod":"002447","estrato":1,"estrato_mean":1.0,"np":1,"p2":74.2,"g22":12.1,"src":"2026","abs":21.2},"geometry":{"type":"Polygon","coordinates":[[[-74.1764,4.5862],[-74.1806,4.5858],[-74.1805,4.584],[-74.1761,4.5852],[-74.1764,4.5862]]]}},{"type":"Feature","properties":{"b":"Granada","loc":"Chapinero","upz":"Pardo Rubio","uso":"Residencial","d":-7.6,"c":32.2,"a":32.9,"w":"A","cod":"008204","estrato":4,"estrato_mean":4.0,"np":2,"p2":54.4,"g22":13.6,"src":"2026","abs":31.0},"geometry":{"type":"Polygon","coordinates":[[[-74.0534,4.6509],[-74.054,4.6513],[-74.0547,4.6503],[-74.0571,4.6518],[-74.0591,4.6493],[-74.0551,4.6465],[-74.0546,4.6476],[-74.0535,4.6478],[-74.0524,4.6505],[-74.0534,4.6509]]]}},{"type":"Feature","properties":{"b":"La Merced Norte","loc":"Barrios Unidos","upz":"Los Alcázares","uso":"Residencial","d":-6.6,"c":36.3,"a":43.5,"w":"A","cod":"007301","estrato":3,"estrato_mean":3.0,"np":1,"p2":53.7,"g22":10.8,"src":"2026","abs":38.1},"geometry":{"type":"Polygon","coordinates":[[[-74.0738,4.6621],[-74.071,4.666],[-74.0734,4.6677],[-74.0761,4.6637],[-74.0738,4.6621]]]}},{"type":"Feature","properties":{"b":"La Huerta","loc":"Usme","upz":"Ciudad Usme","uso":"Residencial","d":-2.6,"c":65.2,"a":21.0,"w":"C","cod":"002636","estrato":1,"estrato_mean":1.0,"np":1,"p2":78.6,"g22":10.8,"src":"2026","abs":40.0},"geometry":{"type":"Polygon","coordinates":[[[-74.1019,4.4847],[-74.1026,4.485],[-74.1026,4.4841],[-74.1017,4.4837],[-74.1013,4.4843],[-74.1019,4.4847]]]}},{"type":"Feature","properties":{"b":"Las Acacias","loc":"Chapinero","upz":"Pardo Rubio","uso":"Residencial","d":-2.8,"c":16.5,"a":49.3,"w":"A","cod":"008203","estrato":6,"estrato_mean":5.88,"np":1,"p2":28.2,"g22":8.9,"src":"2026","abs":19.6},"geometry":{"type":"Polygon","coordinates":[[[-74.051,4.6518],[-74.0533,4.6532],[-74.0548,4.6524],[-74.0524,4.6505],[-74.0534,4.6484],[-74.0518,4.6473],[-74.0505,4.6497],[-74.0482,4.6497],[-74.0485,4.6511],[-74.0505,4.6529],[-74.051,4.6518]]]}},{"type":"Feature","properties":{"b":"Estrella Del Sur","loc":"Ciudad Bolívar","upz":"Lucero","uso":"Residencial","d":-4.7,"c":68.7,"a":18.3,"w":"C","cod":"002540","estrato":1,"estrato_mean":1.0,"np":1,"p2":83.1,"g22":9.6,"src":"2026","abs":40.8},"geometry":{"type":"Polygon","coordinates":[[[-74.145,4.5418],[-74.1434,4.5417],[-74.1433,4.5435],[-74.1419,4.5446],[-74.1426,4.5479],[-74.1447,4.5482],[-74.1458,4.5477],[-74.1458,4.5467],[-74.1474,4.5462],[-74.1465,4.5454],[-74.1476,4.5443],[-74.1464,4.5442],[-74.1466,4.5423],[-74.148,4.5426],[-74.1477,4.5416],[-74.145,4.5418]]]}},{"type":"Feature","properties":{"b":"Granada Sur","loc":"San Cristóbal","upz":"20 De Julio","uso":"Residencial","d":-5.9,"c":52.6,"a":30.1,"w":"C","cod":"001301","estrato":2,"estrato_mean":2.0,"np":1,"p2":70.9,"g22":12.4,"src":"2026","abs":36.8},"geometry":{"type":"Polygon","coordinates":[[[-74.0884,4.5705],[-74.0916,4.5726],[-74.0938,4.5702],[-74.0936,4.5683],[-74.0912,4.5689],[-74.0875,4.5665],[-74.0856,4.5695],[-74.0864,4.5693],[-74.0884,4.5705]]]}},{"type":"Feature","properties":{"b":"Atlanta","loc":"Ciudad Bolívar","upz":"Arborizadora","uso":"Residencial","d":-6.9,"c":48.6,"a":32.6,"w":"C","cod":"002422","estrato":3,"estrato_mean":3.0,"np":2,"p2":69.7,"g22":12.4,"src":"2026","abs":26.0},"geometry":{"type":"Polygon","coordinates":[[[-74.1566,4.5896],[-74.1578,4.5891],[-74.1554,4.5808],[-74.1526,4.5813],[-74.1495,4.5798],[-74.1491,4.5816],[-74.1474,4.5814],[-74.1471,4.582],[-74.1483,4.5833],[-74.1507,4.5824],[-74.1515,4.583],[-74.1515,4.5838],[-74.1506,4.5845],[-74.1521,4.5855],[-74.1504,4.5878],[-74.151,4.5888],[-74.1527,4.5888],[-74.1518,4.5874],[-74.1533,4.5864],[-74.1532,4.5877],[-74.1569,4.5885],[-74.1566,4.5896]]]}},{"type":"Feature","properties":{"b":"Nueva Granada Bosa","loc":"Bosa","upz":"Bosa Central","uso":"Residencial","d":-4.3,"c":52.0,"a":31.3,"w":"C","cod":"004527","estrato":2,"estrato_mean":2.0,"np":2,"p2":69.4,"g22":13.1,"src":"2026","abs":37.8},"geometry":{"type":"Polygon","coordinates":[[[-74.1899,4.602],[-74.1935,4.6031],[-74.1933,4.6015],[-74.195,4.6017],[-74.1945,4.5988],[-74.1908,4.598],[-74.1899,4.602]]]}},{"type":"Feature","properties":{"b":"Arboleda Santa Teresita","loc":"San Cristóbal","upz":"Los Libertadores","uso":"Residencial","d":-5.4,"c":65.4,"a":23.6,"w":"C","cod":"001362","estrato":2,"estrato_mean":2.0,"np":1,"p2":74.2,"g22":11.2,"src":"2026","abs":45.2},"geometry":{"type":"Polygon","coordinates":[[[-74.0862,4.5245],[-74.084,4.5283],[-74.0866,4.5294],[-74.0859,4.5283],[-74.0871,4.5274],[-74.0873,4.5246],[-74.0867,4.5243],[-74.0875,4.5243],[-74.0868,4.5239],[-74.0872,4.5234],[-74.0855,4.5233],[-74.0851,4.524],[-74.0862,4.5245]]]}},{"type":"Feature","properties":{"b":"Quinta Camacho","loc":"Chapinero","upz":"Chicó Lago","uso":"Comercial","d":-4.0,"c":35.9,"a":37.2,"w":"A","cod":"008201","estrato":4,"estrato_mean":4.0,"np":2,"p2":49.5,"g22":11.6,"src":"2026","abs":40.2},"geometry":{"type":"Polygon","coordinates":[[[-74.0619,4.6594],[-74.0625,4.656],[-74.0635,4.6541],[-74.0582,4.6507],[-74.0554,4.655],[-74.0619,4.6594]]]}},{"type":"Feature","properties":{"b":"Ingemar Oriental I","loc":"Chapinero","upz":"Pardo Rubio","uso":"Residencial","d":-2.8,"c":16.5,"a":49.3,"w":"A","cod":"201110","estrato":6,"estrato_mean":6.0,"np":1,"p2":28.2,"g22":8.9,"src":"2026","abs":19.6},"geometry":{"type":"Polygon","coordinates":[[[-74.0526,4.6448],[-74.0524,4.6461],[-74.0539,4.6431],[-74.053,4.6426],[-74.0538,4.642],[-74.0533,4.641],[-74.0537,4.639],[-74.0525,4.6385],[-74.052,4.6388],[-74.0516,4.6404],[-74.0521,4.6408],[-74.0509,4.644],[-74.0526,4.6448]]]}},{"type":"Feature","properties":{"b":"El Contador","loc":"Usaquén","upz":"Los Cedros","uso":"Residencial","d":-2.1,"c":11.6,"a":63.7,"w":"A","cod":"008514","estrato":5,"estrato_mean":5.0,"np":1,"p2":21.3,"g22":7.6,"src":"2026","abs":30.5},"geometry":{"type":"Polygon","coordinates":[[[-74.0413,4.7237],[-74.0462,4.7241],[-74.0471,4.7177],[-74.0434,4.7164],[-74.0416,4.7198],[-74.0413,4.7237]]]}},{"type":"Feature","properties":{"b":"Villas De Granada I","loc":"Engativá","upz":"Garcés Navas","uso":"Residencial","d":-5.6,"c":38.6,"a":40.4,"w":"A","cod":"005649","estrato":3,"estrato_mean":3.0,"np":1,"p2":55.4,"g22":12.1,"src":"2026","abs":8.7},"geometry":{"type":"Polygon","coordinates":[[[-74.1189,4.7186],[-74.1209,4.7217],[-74.1256,4.7182],[-74.1211,4.7142],[-74.1177,4.7168],[-74.1189,4.7186]]]}},{"type":"Feature","properties":{"b":"Puerto Rico","loc":"Rafael Uribe Uribe","upz":"Marruecos","uso":"Residencial","d":-7.4,"c":51.5,"a":30.9,"w":"C","cod":"001427","estrato":2,"estrato_mean":2.0,"np":1,"p2":71.7,"g22":12.7,"src":"2026","abs":32.6},"geometry":{"type":"Polygon","coordinates":[[[-74.1087,4.5639],[-74.1117,4.5633],[-74.1114,4.5574],[-74.1098,4.5567],[-74.1093,4.5568],[-74.1092,4.558],[-74.1084,4.558],[-74.1084,4.5586],[-74.1093,4.5586],[-74.1083,4.5627],[-74.107,4.5611],[-74.1065,4.5618],[-74.1073,4.5628],[-74.1065,4.5628],[-74.1065,4.5637],[-74.1081,4.5633],[-74.1087,4.5639]]]}},{"type":"Feature","properties":{"b":"Brisas Del Llano","loc":"Usme","upz":"Ciudad Usme","uso":"Residencial","d":-2.6,"c":65.2,"a":21.0,"w":"C","cod":"002635","estrato":1,"estrato_mean":1.0,"np":1,"p2":78.6,"g22":10.8,"src":"2026","abs":40.0},"geometry":{"type":"Polygon","coordinates":[[[-74.1045,4.4865],[-74.1056,4.4869],[-74.1062,4.4851],[-74.1052,4.4855],[-74.105,4.4864],[-74.1045,4.4863],[-74.1048,4.4853],[-74.1039,4.4857],[-74.1036,4.4851],[-74.1026,4.4859],[-74.1045,4.4865]]]}},{"type":"Feature","properties":{"b":"Los Andes","loc":"Barrios Unidos","upz":"Los Andes","uso":"Residencial","d":-8.0,"c":27.5,"a":46.9,"w":"A","cod":"005307","estrato":4,"estrato_mean":3.92,"np":2,"p2":46.5,"g22":11.5,"src":"2026","abs":26.7},"geometry":{"type":"Polygon","coordinates":[[[-74.0652,4.6891],[-74.0701,4.6899],[-74.0718,4.6895],[-74.0773,4.6854],[-74.0769,4.6846],[-74.0714,4.6836],[-74.069,4.6816],[-74.0689,4.6823],[-74.0657,4.6855],[-74.0652,4.6891]]]}},{"type":"Feature","properties":{"b":"José María Carbonel","loc":"Bosa","upz":"Bosa Central","uso":"Residencial","d":-5.6,"c":58.3,"a":27.2,"w":"C","cod":"004550","estrato":2,"estrato_mean":2.0,"np":3,"p2":75.1,"g22":10.7,"src":"2026","abs":30.5},"geometry":{"type":"Polygon","coordinates":[[[-74.1935,4.6031],[-74.1987,4.6064],[-74.1992,4.6048],[-74.2001,4.6054],[-74.2006,4.6049],[-74.2002,4.6028],[-74.1984,4.6024],[-74.198,4.5996],[-74.1945,4.5988],[-74.195,4.6017],[-74.1933,4.6015],[-74.1935,4.6031]]]}},{"type":"Feature","properties":{"b":"María Paz","loc":"Kennedy","upz":"Corabastos","uso":"Residencial","d":-5.2,"c":46.4,"a":37.2,"w":"C","cod":"006517","estrato":2,"estrato_mean":2.0,"np":1,"p2":64.0,"g22":12.4,"src":"2026","abs":40.8},"geometry":{"type":"Polygon","coordinates":[[[-74.1609,4.6348],[-74.1595,4.6347],[-74.1597,4.6338],[-74.1568,4.6331],[-74.1564,4.6349],[-74.1544,4.6364],[-74.1552,4.638],[-74.1561,4.6376],[-74.1573,4.6398],[-74.1614,4.6362],[-74.1609,4.6348]]]}},{"type":"Feature","properties":{"b":"Santa Sofía","loc":"Barrios Unidos","upz":"Los Alcázares","uso":"Residencial","d":-5.0,"c":33.9,"a":46.5,"w":"A","cod":"007406","estrato":3,"estrato_mean":3.0,"np":1,"p2":49.2,"g22":10.3,"src":"2026","abs":37.0},"geometry":{"type":"Polygon","coordinates":[[[-74.0707,4.6708],[-74.0665,4.6678],[-74.0647,4.6706],[-74.0674,4.6739],[-74.0707,4.6708]]]}},{"type":"Feature","properties":{"b":"Buenos Aires","loc":"San Cristóbal","upz":"Sosiego","uso":"Residencial","d":-6.2,"c":60.6,"a":22.6,"w":"C","cod":"001102","estrato":2,"estrato_mean":2.08,"np":1,"p2":78.7,"g22":11.9,"src":"2026","abs":49.9},"geometry":{"type":"Polygon","coordinates":[[[-74.0782,4.581],[-74.079,4.5825],[-74.0809,4.581],[-74.0828,4.5818],[-74.0841,4.5815],[-74.085,4.5804],[-74.0821,4.5781],[-74.0819,4.579],[-74.081,4.5783],[-74.0791,4.5743],[-74.0776,4.5809],[-74.0782,4.581]]]}},{"type":"Feature","properties":{"b":"Veracruz","loc":"Santa Fe","upz":"Las Nieves","uso":"Comercial","d":-5.0,"c":52.7,"a":29.7,"w":"C","cod":"003109","estrato":3,"estrato_mean":3.0,"np":2,"p2":65.7,"g22":9.3,"src":"2026","abs":51.3},"geometry":{"type":"Polygon","coordinates":[[[-74.0738,4.6069],[-74.0767,4.6021],[-74.0741,4.6022],[-74.0711,4.6006],[-74.0689,4.601],[-74.0683,4.6031],[-74.0738,4.6069]]]}},{"type":"Feature","properties":{"b":"Diana Turbay Arrayanes","loc":"Rafael Uribe Uribe","upz":"Diana Turbay","uso":"Residencial","d":-3.7,"c":66.8,"a":19.2,"w":"C","cod":"001422","estrato":2,"estrato_mean":1.99,"np":2,"p2":82.0,"g22":11.0,"src":"2026","abs":41.3},"geometry":{"type":"Polygon","coordinates":[[[-74.1107,4.5465],[-74.1114,4.5471],[-74.112,4.5468],[-74.1111,4.5453],[-74.108,4.5442],[-74.1061,4.5422],[-74.1047,4.5422],[-74.1042,4.543],[-74.1044,4.5457],[-74.1036,4.5424],[-74.1029,4.5424],[-74.1037,4.5453],[-74.1024,4.5459],[-74.1028,4.5467],[-74.1045,4.5459],[-74.1049,4.5468],[-74.1059,4.545],[-74.1107,4.5465]]]}},{"type":"Feature","properties":{"b":"Espino I","loc":"Ciudad Bolívar","upz":"Ismael Perdomo","uso":"Residencial","d":-4.5,"c":57.5,"a":27.3,"w":"C","cod":"002449","estrato":1,"estrato_mean":1.0,"np":1,"p2":74.2,"g22":12.1,"src":"2026","abs":42.7},"geometry":{"type":"Polygon","coordinates":[[[-74.1753,4.5813],[-74.1745,4.5824],[-74.1756,4.5853],[-74.1804,4.584],[-74.18,4.5815],[-74.1757,4.5822],[-74.1753,4.5813]]]}},{"type":"Feature","properties":{"b":"Escuela De Caballería I","loc":"Usaquén","upz":"Usaquén","uso":"Comercial","d":-3.4,"c":9.3,"a":60.9,"w":"A","cod":"008409","estrato":4,"estrato_mean":4.0,"np":1,"p2":18.6,"g22":5.9,"src":"2026","abs":28.4},"geometry":{"type":"Polygon","coordinates":[[[-74.0346,4.6869],[-74.0352,4.6866],[-74.0323,4.6827],[-74.031,4.6839],[-74.0311,4.6844],[-74.033,4.685],[-74.0338,4.6867],[-74.0346,4.6869]]]}},{"type":"Feature","properties":{"b":"Escocia","loc":"Bosa","upz":"Bosa Occidental","uso":"Residencial","d":-5.8,"c":47.1,"a":34.6,"w":"C","cod":"004579","estrato":2,"estrato_mean":2.0,"np":2,"p2":64.8,"g22":11.8,"src":"2026","abs":31.6},"geometry":{"type":"Polygon","coordinates":[[[-74.1916,4.626],[-74.1891,4.623],[-74.1874,4.6231],[-74.1864,4.6248],[-74.1854,4.6235],[-74.1834,4.6244],[-74.1864,4.628],[-74.1916,4.626]]]}},{"type":"Feature","properties":{"b":"Provivienda Norte","loc":"Puente Aranda","upz":"San Rafael","uso":"Residencial","d":-5.9,"c":30.8,"a":48.4,"w":"A","cod":"004310","estrato":3,"estrato_mean":3.0,"np":1,"p2":46.8,"g22":10.5,"src":"2026","abs":18.7},"geometry":{"type":"Polygon","coordinates":[[[-74.1245,4.6183],[-74.1262,4.6182],[-74.1289,4.6095],[-74.1222,4.6121],[-74.1239,4.6146],[-74.1245,4.6183]]]}},{"type":"Feature","properties":{"b":"Tintalito","loc":"Kennedy","upz":"Patio Bonito","uso":"Residencial","d":-4.2,"c":51.3,"a":33.8,"w":"C","cod":"004617","estrato":2,"estrato_mean":2.0,"np":1,"p2":65.5,"g22":10.0,"src":"2026","abs":15.8},"geometry":{"type":"Polygon","coordinates":[[[-74.1716,4.6335],[-74.173,4.6329],[-74.1694,4.6257],[-74.1701,4.6276],[-74.1675,4.6306],[-74.1692,4.6292],[-74.1716,4.6335]]]}},{"type":"Feature","properties":{"b":"San José Sur","loc":"Rafael Uribe Uribe","upz":"San José","uso":"Residencial","d":-8.9,"c":44.7,"a":35.8,"w":"C","cod":"001401","estrato":3,"estrato_mean":3.0,"np":2,"p2":63.3,"g22":11.2,"src":"2026","abs":36.3},"geometry":{"type":"Polygon","coordinates":[[[-74.0986,4.5757],[-74.0971,4.5776],[-74.1024,4.5812],[-74.1068,4.5792],[-74.1001,4.5737],[-74.0986,4.5757]]]}},{"type":"Feature","properties":{"b":"Molinos De Oriente","loc":"San Cristóbal","upz":"San Blas","uso":"Residencial","d":-5.6,"c":58.7,"a":25.4,"w":"C","cod":"001104","estrato":1,"estrato_mean":1.0,"np":1,"p2":76.4,"g22":12.1,"src":"2026","abs":24.9},"geometry":{"type":"Polygon","coordinates":[[[-74.0698,4.5687],[-74.0705,4.5678],[-74.0691,4.5665],[-74.0682,4.568],[-74.0698,4.5687]]]}},{"type":"Feature","properties":{"b":"Arrayán","loc":"Usme","upz":"Ciudad Usme","uso":"Residencial","d":-12.0,"c":64.6,"a":22.3,"w":"C","cod":"102910","estrato":1,"estrato_mean":1.0,"np":1,"p2":87.9,"g22":11.3,"src":"2026","abs":80.0},"geometry":{"type":"Polygon","coordinates":[[[-74.1418,4.3305],[-74.1397,4.3277],[-74.1409,4.323],[-74.1408,4.32],[-74.1381,4.3155],[-74.138,4.3145],[-74.1388,4.3139],[-74.1394,4.3117],[-74.1386,4.3084],[-74.1377,4.3073],[-74.1386,4.3048],[-74.1383,4.3026],[-74.1395,4.3006],[-74.1393,4.2993],[-74.1413,4.2948],[-74.1413,4.2935],[-74.1341,4.3],[-74.1222,4.3073],[-74.1213,4.3088],[-74.1168,4.3128],[-74.1154,4.3124],[-74.1142,4.3134],[-74.1135,4.3162],[-74.1149,4.3175],[-74.1135,4.3193],[-74.1152,4.3206],[-74.1145,4.3228],[-74.1163,4.3235],[-74.1168,4.3246],[-74.1156,4.3253],[-74.1147,4.3277],[-74.1139,4.3274],[-74.1125,4.3291],[-74.1129,4.3309],[-74.112,4.3344],[-74.1105,4.3362],[-74.1135,4.3448],[-74.115,4.3464],[-74.1158,4.3485],[-74.1166,4.3486],[-74.1176,4.35],[-74.1178,4.3512],[-74.1226,4.3538],[-74.1253,4.3535],[-74.1237,4.3578],[-74.1264,4.3591],[-74.1322,4.3601],[-74.1348,4.3651],[-74.1354,4.3685],[-74.1367,4.366],[-74.1363,4.3648],[-74.1379,4.3623],[-74.1377,4.3608],[-74.1386,4.3573],[-74.1406,4.355],[-74.1389,4.3539],[-74.1389,4.3502],[-74.138,4.348],[-74.1365,4.3465],[-74.1385,4.3425],[-74.1385,4.3402],[-74.1351,4.3394],[-74.1337,4.3372],[-74.1316,4.3355],[-74.1335,4.3317],[-74.1373,4.3343],[-74.1387,4.334],[-74.1412,4.3351],[-74.1431,4.3325],[-74.1431,4.3316],[-74.1418,4.3305]]]}},{"type":"Feature","properties":{"b":"Puente Largo","loc":"Suba","upz":"La Alhambra","uso":"Residencial","d":-5.3,"c":16.0,"a":53.5,"w":"A","cod":"009124","estrato":5,"estrato_mean":5.0,"np":1,"p2":32.4,"g22":11.1,"src":"2026","abs":17.3},"geometry":{"type":"Polygon","coordinates":[[[-74.0663,4.7018],[-74.0667,4.7024],[-74.0705,4.7013],[-74.0688,4.6961],[-74.0663,4.6919],[-74.0632,4.6929],[-74.0627,4.6918],[-74.0627,4.6977],[-74.0647,4.6983],[-74.0663,4.7018]]]}},{"type":"Feature","properties":{"b":"Salitre Occidental","loc":"Fontibón","upz":"Ciudad Salitre Occidental","uso":"Dotacional","d":-8.2,"c":22.4,"a":49.3,"w":"A","cod":"006313","estrato":4,"estrato_mean":4.19,"np":1,"p2":41.6,"g22":11.0,"src":"2026","abs":11.5},"geometry":{"type":"Polygon","coordinates":[[[-74.1034,4.6536],[-74.1063,4.6581],[-74.1103,4.6555],[-74.1099,4.6548],[-74.1146,4.6495],[-74.1104,4.6452],[-74.1034,4.6536]]]}},{"type":"Feature","properties":{"b":"Quiba I","loc":"Ciudad Bolívar","upz":"El Tesoro","uso":"Residencial","d":-6.1,"c":59.5,"a":22.9,"w":"C","cod":"002456","estrato":1,"estrato_mean":1.0,"np":2,"p2":77.4,"g22":12.3,"src":"2026","abs":35.0},"geometry":{"type":"Polygon","coordinates":[[[-74.1393,4.542],[-74.1392,4.5435],[-74.1433,4.5435],[-74.1434,4.541],[-74.1421,4.541],[-74.142,4.5404],[-74.1397,4.5394],[-74.1366,4.5392],[-74.1381,4.5406],[-74.1377,4.5413],[-74.1393,4.5413],[-74.1393,4.542]]]}},{"type":"Feature","properties":{"b":"Muequeta","loc":"Barrios Unidos","upz":"Los Alcázares","uso":"Residencial","d":-4.8,"c":36.6,"a":43.1,"w":"A","cod":"007307","estrato":3,"estrato_mean":3.0,"np":1,"p2":51.1,"g22":9.7,"src":"2026","abs":35.8},"geometry":{"type":"Polygon","coordinates":[[[-74.0705,4.6507],[-74.0698,4.6549],[-74.0716,4.6555],[-74.0724,4.651],[-74.0705,4.6507]]]}},{"type":"Feature","properties":{"b":"Gibraltar Sur","loc":"Ciudad Bolívar","upz":"Lucero","uso":"Residencial","d":-0.5,"c":63.3,"a":22.5,"w":"C","cod":"002554","estrato":1,"estrato_mean":1.0,"np":1,"p2":75.7,"g22":11.9,"src":"2026","abs":35.1},"geometry":{"type":"Polygon","coordinates":[[[-74.1417,4.5571],[-74.1429,4.559],[-74.1434,4.5588],[-74.1429,4.5569],[-74.1451,4.5572],[-74.1438,4.555],[-74.1447,4.5541],[-74.1441,4.5532],[-74.1434,4.5535],[-74.1433,4.5528],[-74.1399,4.554],[-74.1405,4.5561],[-74.1411,4.556],[-74.1417,4.5571]]]}},{"type":"Feature","properties":{"b":"La Macarena","loc":"Santa Fe","upz":"La Macarena","uso":"Residencial","d":-2.9,"c":51.2,"a":26.5,"w":"C","cod":"008105","estrato":4,"estrato_mean":3.64,"np":1,"p2":65.8,"g22":11.7,"src":"2026","abs":50.7},"geometry":{"type":"Polygon","coordinates":[[[-74.0635,4.6146],[-74.0633,4.616],[-74.0662,4.6168],[-74.0674,4.6121],[-74.0653,4.6116],[-74.0648,4.6133],[-74.0635,4.6146]]]}},{"type":"Feature","properties":{"b":"La Esmeralda","loc":"Teusaquillo","upz":"La Esmeralda","uso":"Residencial","d":-4.4,"c":29.0,"a":44.8,"w":"A","cod":"005111","estrato":4,"estrato_mean":4.0,"np":2,"p2":42.2,"g22":9.5,"src":"2026","abs":22.0},"geometry":{"type":"Polygon","coordinates":[[[-74.0901,4.6426],[-74.0877,4.6443],[-74.0862,4.6469],[-74.0931,4.6519],[-74.0955,4.6502],[-74.0901,4.6426]]]}},{"type":"Feature","properties":{"b":"Ingemar Oriental Ii","loc":"Chapinero","upz":"Pardo Rubio","uso":"Residencial","d":-2.8,"c":16.5,"a":49.3,"w":"A","cod":"008321","estrato":6,"estrato_mean":6.0,"np":1,"p2":28.2,"g22":8.9,"src":"2026","abs":19.6},"geometry":{"type":"Polygon","coordinates":[[[-74.0522,4.6446],[-74.0514,4.6461],[-74.0506,4.6463],[-74.0487,4.6483],[-74.0489,4.6489],[-74.0473,4.6493],[-74.0502,4.6499],[-74.0507,4.6495],[-74.0523,4.6461],[-74.0522,4.6446]]]}},{"type":"Feature","properties":{"b":"Santa Cecilia Puente Norte","loc":"Usaquén","upz":"San Cristóbal Norte","uso":"Residencial","d":-4.8,"c":50.4,"a":31.5,"w":"C","cod":"008543","estrato":1,"estrato_mean":1.06,"np":1,"p2":49.3,"g22":12.2,"src":"2026","abs":46.8},"geometry":{"type":"Polygon","coordinates":[[[-74.0148,4.7362],[-74.015,4.736],[-74.0148,4.736],[-74.0148,4.7362]]]}},{"type":"Feature","properties":{"b":"Mirador Del Norte","loc":"Usaquén","upz":"Verbenal","uso":"Residencial","d":-5.1,"c":54.4,"a":29.1,"w":"C","cod":"008545","estrato":1,"estrato_mean":1.0,"np":1,"p2":71.5,"g22":12.0,"src":"2026","abs":32.6},"geometry":{"type":"Polygon","coordinates":[[[-74.0188,4.7649],[-74.0226,4.7647],[-74.0226,4.7645],[-74.0188,4.7649]]]}},{"type":"Feature","properties":{"b":"El Chicó","loc":"Chapinero","upz":"Chicó Lago","uso":"Comercial","d":-6.2,"c":9.9,"a":53.7,"w":"A","cod":"008308","estrato":6,"estrato_mean":6.0,"np":1,"p2":23.7,"g22":7.7,"src":"2026","abs":24.6},"geometry":{"type":"Polygon","coordinates":[[[-74.0451,4.6688],[-74.0438,4.6714],[-74.0585,4.679],[-74.059,4.6759],[-74.0451,4.6688]]]}},{"type":"Feature","properties":{"b":"Villa Diana","loc":"Usme","upz":"La Flora","uso":"Residencial","d":-2.1,"c":66.3,"a":18.0,"w":"C","cod":"001335","estrato":1,"estrato_mean":1.0,"np":1,"p2":81.4,"g22":13.0,"src":"2026","abs":43.9},"geometry":{"type":"Polygon","coordinates":[[[-74.0923,4.5008],[-74.0913,4.4993],[-74.0889,4.501],[-74.0864,4.502],[-74.0865,4.5026],[-74.0893,4.5024],[-74.0893,4.5035],[-74.0927,4.5036],[-74.0923,4.5008]]]}},{"type":"Feature","properties":{"b":"Aures","loc":"Suba","upz":"El Rincón","uso":"Residencial","d":-6.1,"c":41.6,"a":38.1,"w":"C","cod":"009205","estrato":2,"estrato_mean":2.05,"np":1,"p2":60.0,"g22":12.3,"src":"2026","abs":27.4},"geometry":{"type":"Polygon","coordinates":[[[-74.0974,4.7354],[-74.0987,4.7321],[-74.0955,4.7309],[-74.0952,4.7301],[-74.0936,4.7328],[-74.0924,4.7322],[-74.0919,4.7332],[-74.0924,4.734],[-74.0974,4.7354]]]}},{"type":"Feature","properties":{"b":"Villabel","loc":"San Cristóbal","upz":"Los Libertadores","uso":"Residencial","d":-9.4,"c":66.0,"a":21.0,"w":"C","cod":"001332","estrato":2,"estrato_mean":2.0,"np":1,"p2":84.5,"g22":9.1,"src":"2026","abs":36.7},"geometry":{"type":"Polygon","coordinates":[[[-74.0949,4.5438],[-74.097,4.5417],[-74.0972,4.5405],[-74.0958,4.5383],[-74.0946,4.5315],[-74.0942,4.5362],[-74.0949,4.5438]]]}},{"type":"Feature","properties":{"b":"El Nogal","loc":"Chapinero","upz":"El Refugio","uso":"Residencial","d":-2.3,"c":15.3,"a":44.6,"w":"A","cod":"008311","estrato":6,"estrato_mean":5.7,"np":1,"p2":21.6,"g22":8.2,"src":"2026","abs":9.7},"geometry":{"type":"Polygon","coordinates":[[[-74.0529,4.6657],[-74.0562,4.6609],[-74.0529,4.6588],[-74.0487,4.6631],[-74.0522,4.6668],[-74.0529,4.6657]]]}},{"type":"Feature","properties":{"b":"Los Cedros","loc":"Usaquén","upz":"Los Cedros","uso":"Residencial","d":-2.1,"c":11.6,"a":63.7,"w":"A","cod":"008515","estrato":4,"estrato_mean":4.39,"np":1,"p2":21.3,"g22":7.6,"src":"2026","abs":30.5},"geometry":{"type":"Polygon","coordinates":[[[-74.0517,4.7202],[-74.0518,4.719],[-74.0471,4.7177],[-74.0462,4.7241],[-74.0413,4.7237],[-74.0412,4.7294],[-74.05,4.7301],[-74.0517,4.7202]]]}},{"type":"Feature","properties":{"b":"Calvo Sur","loc":"San Cristóbal","upz":"Sosiego","uso":"Residencial","d":-11.1,"c":60.8,"a":20.9,"w":"C","cod":"001210","estrato":3,"estrato_mean":3.0,"np":1,"p2":76.9,"g22":5.0,"src":"2026","abs":57.1},"geometry":{"type":"Polygon","coordinates":[[[-74.082,4.585],[-74.0818,4.5866],[-74.0829,4.5874],[-74.0863,4.583],[-74.0847,4.5819],[-74.082,4.585]]]}},{"type":"Feature","properties":{"b":"Autopista Muzú","loc":"Puente Aranda","upz":"Muzú","uso":"Residencial","d":-6.7,"c":35.6,"a":43.5,"w":"A","cod":"004403","estrato":3,"estrato_mean":3.0,"np":3,"p2":51.8,"g22":11.4,"src":"2026","abs":29.5},"geometry":{"type":"Polygon","coordinates":[[[-74.1263,4.596],[-74.1267,4.5944],[-74.1289,4.5937],[-74.1232,4.5938],[-74.1232,4.5949],[-74.1204,4.5974],[-74.1198,4.5973],[-74.1174,4.6],[-74.1213,4.6026],[-74.1263,4.596]]]}},{"type":"Feature","properties":{"b":"Vergel Occidental","loc":"Kennedy","upz":"Castilla","uso":"Residencial","d":-5.3,"c":38.7,"a":40.9,"w":"A","cod":"006514","estrato":2,"estrato_mean":2.0,"np":2,"p2":53.9,"g22":10.6,"src":"2026","abs":22.3},"geometry":{"type":"Polygon","coordinates":[[[-74.1386,4.6565],[-74.1442,4.6518],[-74.1425,4.6502],[-74.1431,4.65],[-74.1405,4.6474],[-74.137,4.6507],[-74.1412,4.6525],[-74.1409,4.6534],[-74.1361,4.6516],[-74.1346,4.653],[-74.1386,4.6565]]]}},{"type":"Feature","properties":{"b":"Colombia","loc":"Barrios Unidos","upz":"Los Alcázares","uso":"Residencial","d":-2.9,"c":39.4,"a":41.9,"w":"A","cod":"007303","estrato":3,"estrato_mean":3.0,"np":1,"p2":53.0,"g22":10.7,"src":"2026","abs":39.7},"geometry":{"type":"Polygon","coordinates":[[[-74.0657,4.6564],[-74.0632,4.6603],[-74.0671,4.663],[-74.0696,4.659],[-74.0657,4.6564]]]}},{"type":"Feature","properties":{"b":"Santa Ana Occidental","loc":"Usaquén","upz":"Usaquén","uso":"Comercial","d":-2.3,"c":7.3,"a":63.0,"w":"A","cod":"008414","estrato":5,"estrato_mean":4.56,"np":1,"p2":16.4,"g22":6.8,"src":"2026","abs":24.1},"geometry":{"type":"Polygon","coordinates":[[[-74.0421,4.6884],[-74.0357,4.6852],[-74.0332,4.6937],[-74.0345,4.6942],[-74.0361,4.6919],[-74.0421,4.6884]]]}},{"type":"Feature","properties":{"b":"Santa Rita Sur Oriental","loc":"San Cristóbal","upz":"Los Libertadores","uso":"Residencial","d":-9.4,"c":66.0,"a":21.0,"w":"C","cod":"001328","estrato":2,"estrato_mean":2.0,"np":1,"p2":84.5,"g22":9.1,"src":"2026","abs":36.7},"geometry":{"type":"Polygon","coordinates":[[[-74.0926,4.5345],[-74.0915,4.5366],[-74.0912,4.5392],[-74.0925,4.5402],[-74.0936,4.5433],[-74.0948,4.5438],[-74.0942,4.5355],[-74.0926,4.5345]]]}},{"type":"Feature","properties":{"b":"Buenavista","loc":"Usaquén","upz":"Verbenal","uso":"Residencial","d":-2.4,"c":50.4,"a":31.8,"w":"C","cod":"008535","estrato":2,"estrato_mean":2.0,"np":2,"p2":64.6,"g22":13.9,"src":"2026","abs":33.2},"geometry":{"type":"Polygon","coordinates":[[[-74.0254,4.7694],[-74.027,4.7698],[-74.0274,4.7689],[-74.0275,4.7639],[-74.0241,4.7644],[-74.0242,4.7679],[-74.0256,4.7679],[-74.0254,4.7694]]]}},{"type":"Feature","properties":{"b":"Llano Grande","loc":"Kennedy","upz":"Corabastos","uso":"Residencial","d":-5.5,"c":37.4,"a":42.7,"w":"A","cod":"004562","estrato":2,"estrato_mean":2.0,"np":1,"p2":55.3,"g22":12.4,"src":"2026","abs":40.4},"geometry":{"type":"Polygon","coordinates":[[[-74.162,4.6328],[-74.1608,4.6339],[-74.163,4.6345],[-74.1659,4.632],[-74.1644,4.6309],[-74.162,4.6328]]]}},{"type":"Feature","properties":{"b":"Catalina Ii","loc":"Kennedy","upz":"Timiza","uso":"Residencial","d":-7.2,"c":47.6,"a":34.7,"w":"C","cod":"004540","estrato":2,"estrato_mean":2.44,"np":1,"p2":66.6,"g22":11.7,"src":"2026","abs":32.7},"geometry":{"type":"Polygon","coordinates":[[[-74.1729,4.6032],[-74.1694,4.6033],[-74.1685,4.6043],[-74.1687,4.6107],[-74.1724,4.6074],[-74.1729,4.6032]]]}},{"type":"Feature","properties":{"b":"Osorio Iii","loc":"Kennedy","upz":"Calandaima","uso":"Residencial","d":-6.8,"c":54.7,"a":28.4,"w":"C","cod":"006518","estrato":2,"estrato_mean":2.0,"np":1,"p2":72.5,"g22":10.9,"src":"2026","abs":25.2},"geometry":{"type":"Polygon","coordinates":[[[-74.165,4.6502],[-74.1684,4.6541],[-74.1728,4.6535],[-74.1637,4.6423],[-74.1605,4.6451],[-74.165,4.6502]]]}},{"type":"Feature","properties":{"b":"Popular Modelo","loc":"Barrios Unidos","upz":"Doce De Octubre","uso":"Residencial","d":-6.9,"c":30.7,"a":44.3,"w":"A","cod":"005102","estrato":4,"estrato_mean":3.98,"np":2,"p2":47.6,"g22":10.7,"src":"2026","abs":24.4},"geometry":{"type":"Polygon","coordinates":[[[-74.0808,4.67],[-74.0819,4.6711],[-74.0855,4.6662],[-74.0815,4.6606],[-74.0777,4.6656],[-74.0808,4.67]]]}},{"type":"Feature","properties":{"b":"Verona","loc":"Ciudad Bolívar","upz":"Jerusalén","uso":"Residencial","d":-5.8,"c":58.1,"a":24.9,"w":"C","cod":"002412","estrato":2,"estrato_mean":1.65,"np":3,"p2":72.3,"g22":10.6,"src":"2026","abs":32.1},"geometry":{"type":"Polygon","coordinates":[[[-74.1552,4.58],[-74.1554,4.5807],[-74.1573,4.5799],[-74.1604,4.58],[-74.1585,4.5774],[-74.1595,4.5761],[-74.1589,4.575],[-74.1579,4.5745],[-74.1564,4.5758],[-74.1548,4.574],[-74.1531,4.5753],[-74.1552,4.58]]]}},{"type":"Feature","properties":{"b":"Páramo Urbano I","loc":"Usaquén","upz":"Usaquén","uso":"Comercial","d":-10.5,"c":32.9,"a":42.4,"w":"A","cod":"008420","estrato":2,"estrato_mean":2.38,"np":1,"p2":56.3,"g22":13.0,"src":"2026","abs":22.3},"geometry":{"type":"Polygon","coordinates":[[[-74.0226,4.7029],[-74.0218,4.7043],[-74.0225,4.7049],[-74.0238,4.7035],[-74.0226,4.7029]]]}},{"type":"Feature","properties":{"b":"Nueva York","loc":"Kennedy","upz":"Carvajal","uso":"Comercial","d":-13.7,"c":49.2,"a":31.6,"w":"C","cod":"004549","estrato":2,"estrato_mean":2.04,"np":1,"p2":73.5,"g22":10.6,"src":"2026","abs":41.9},"geometry":{"type":"Polygon","coordinates":[[[-74.1373,4.6072],[-74.1421,4.6063],[-74.1431,4.6036],[-74.1381,4.6057],[-74.1387,4.606],[-74.1373,4.6072]]]}},{"type":"Feature","properties":{"b":"La Fraguita","loc":"Antonio Nariño","upz":"Restrepo","uso":"Comercial","d":-5.5,"c":40.3,"a":40.2,"w":"C","cod":"002101","estrato":3,"estrato_mean":3.0,"np":2,"p2":56.7,"g22":11.4,"src":"2026","abs":37.5},"geometry":{"type":"Polygon","coordinates":[[[-74.0971,4.5928],[-74.0959,4.594],[-74.0995,4.595],[-74.1021,4.5949],[-74.103,4.5943],[-74.0996,4.5896],[-74.0971,4.5928]]]}},{"type":"Feature","properties":{"b":"El Tuno","loc":"Usme","upz":"Ciudad Usme","uso":"Residencial","d":-3.7,"c":69.4,"a":17.8,"w":"C","cod":"002634","estrato":1,"estrato_mean":1.0,"np":1,"p2":83.9,"g22":10.8,"src":"2026","abs":34.5},"geometry":{"type":"Polygon","coordinates":[[[-74.1106,4.4846],[-74.1101,4.4846],[-74.1106,4.486],[-74.1102,4.4876],[-74.1116,4.4872],[-74.1106,4.4846]]]}},{"type":"Feature","properties":{"b":"Ramajal","loc":"San Cristóbal","upz":"San Blas","uso":"Residencial","d":-10.7,"c":64.8,"a":20.9,"w":"C","cod":"001307","estrato":1,"estrato_mean":1.15,"np":1,"p2":86.6,"g22":11.0,"src":"2026","abs":34.2},"geometry":{"type":"Polygon","coordinates":[[[-74.0808,4.5609],[-74.0818,4.5624],[-74.0832,4.5621],[-74.0826,4.5596],[-74.0843,4.5591],[-74.084,4.5567],[-74.0814,4.5593],[-74.0797,4.5588],[-74.0794,4.5597],[-74.0802,4.5597],[-74.0808,4.5609]]]}},{"type":"Feature","properties":{"b":"El Paraíso","loc":"San Cristóbal","upz":"Los Libertadores","uso":"Residencial","d":-6.3,"c":57.5,"a":23.8,"w":"C","cod":"001329","estrato":2,"estrato_mean":2.0,"np":1,"p2":77.3,"g22":13.5,"src":"2026","abs":34.9},"geometry":{"type":"Polygon","coordinates":[[[-74.0925,4.5423],[-74.0936,4.5433],[-74.0925,4.5402],[-74.0906,4.5387],[-74.0902,4.5397],[-74.0925,4.5423]]]}},{"type":"Feature","properties":{"b":"El Cedro","loc":"Engativá","upz":"Garcés Navas","uso":"Residencial","d":-9.8,"c":36.8,"a":39.5,"w":"A","cod":"005629","estrato":3,"estrato_mean":3.0,"np":1,"p2":59.1,"g22":12.5,"src":"2026","abs":29.2},"geometry":{"type":"Polygon","coordinates":[[[-74.1139,4.7117],[-74.1147,4.7127],[-74.1174,4.7063],[-74.1164,4.7054],[-74.1182,4.7032],[-74.1169,4.7022],[-74.1133,4.7012],[-74.1116,4.7043],[-74.1161,4.7065],[-74.1139,4.7117]]]}},{"type":"Feature","properties":{"b":"Villa De Los Alpes","loc":"San Cristóbal","upz":"20 De Julio","uso":"Residencial","d":-6.1,"c":50.0,"a":30.4,"w":"C","cod":"001408","estrato":2,"estrato_mean":2.0,"np":1,"p2":68.9,"g22":12.8,"src":"2026","abs":30.8},"geometry":{"type":"Polygon","coordinates":[[[-74.0969,4.5621],[-74.0977,4.562],[-74.0994,4.5602],[-74.0983,4.5579],[-74.097,4.5576],[-74.0959,4.5565],[-74.0951,4.5596],[-74.0969,4.5621]]]}},{"type":"Feature","properties":{"b":"San Martín","loc":"Bosa","upz":"Bosa Occidental","uso":"Residencial","d":-6.9,"c":59.3,"a":24.7,"w":"C","cod":"004592","estrato":2,"estrato_mean":2.0,"np":1,"p2":76.4,"g22":10.2,"src":"2026","abs":27.4},"geometry":{"type":"Polygon","coordinates":[[[-74.1883,4.6273],[-74.1866,4.628],[-74.1877,4.6302],[-74.1893,4.6295],[-74.1883,4.6273]]]}},{"type":"Feature","properties":{"b":"Quinta Mutis","loc":"Barrios Unidos","upz":"Los Alcázares","uso":"Residencial","d":-4.8,"c":36.6,"a":43.1,"w":"A","cod":"007308","estrato":3,"estrato_mean":3.0,"np":1,"p2":51.1,"g22":9.7,"src":"2026","abs":35.8},"geometry":{"type":"Polygon","coordinates":[[[-74.0724,4.651],[-74.0716,4.6555],[-74.0743,4.656],[-74.0756,4.6516],[-74.0724,4.651]]]}},{"type":"Feature","properties":{"b":"Aeropuerto El Dorado","loc":"Fontibón","upz":"Aeropuerto El Dorado","uso":"Residencial","d":-4.7,"c":42.0,"a":38.0,"w":"C","cod":"005624","estrato":3,"estrato_mean":3.0,"np":1,"p2":59.5,"g22":12.8,"src":"2026","abs":29.2},"geometry":{"type":"Polygon","coordinates":[[[-74.1519,4.7144],[-74.1554,4.7173],[-74.1547,4.713],[-74.155,4.7096],[-74.1543,4.7098],[-74.1533,4.7084],[-74.1551,4.7095],[-74.156,4.708],[-74.1549,4.7065],[-74.1583,4.7041],[-74.159,4.705],[-74.1608,4.7039],[-74.1618,4.7059],[-74.1653,4.7053],[-74.1588,4.7004],[-74.1603,4.6992],[-74.1596,4.6981],[-74.1578,4.6995],[-74.1558,4.697],[-74.1549,4.6974],[-74.1397,4.6861],[-74.1376,4.6837],[-74.136,4.683],[-74.1309,4.6895],[-74.1266,4.6863],[-74.126,4.6871],[-74.1256,4.6869],[-74.1238,4.6892],[-74.1247,4.6898],[-74.1239,4.6908],[-74.1228,4.69],[-74.1218,4.6912],[-74.123,4.6921],[-74.1222,4.6932],[-74.1369,4.7043],[-74.1364,4.7049],[-74.1368,4.7056],[-74.1379,4.7049],[-74.15,4.7141],[-74.1519,4.7144]]]}},{"type":"Feature","properties":{"b":"Eduardo Frey","loc":"Antonio Nariño","upz":"Restrepo","uso":"Comercial","d":-7.2,"c":46.5,"a":32.6,"w":"C","cod":"002301","estrato":3,"estrato_mean":3.0,"np":1,"p2":60.2,"g22":11.4,"src":"2026","abs":49.9},"geometry":{"type":"Polygon","coordinates":[[[-74.1125,4.5944],[-74.1134,4.596],[-74.118,4.5946],[-74.1187,4.5901],[-74.1195,4.5891],[-74.1154,4.5884],[-74.1146,4.5905],[-74.1154,4.5923],[-74.1125,4.5944]]]}},{"type":"Feature","properties":{"b":"Páramo I","loc":"Chapinero","upz":"El Refugio","uso":"Residencial","d":-5.2,"c":47.6,"a":32.7,"w":"C","cod":"108109","estrato":6,"estrato_mean":6.0,"np":1,"p2":71.4,"g22":13.4,"src":"2026","abs":51.1},"geometry":{"type":"Polygon","coordinates":[[[-74.0271,4.6693],[-74.0279,4.6688],[-74.0286,4.666],[-74.0338,4.6773],[-74.0356,4.6767],[-74.0361,4.6743],[-74.039,4.6734],[-74.0387,4.6722],[-74.0362,4.6719],[-74.0379,4.6679],[-74.0387,4.6684],[-74.0396,4.668],[-74.0377,4.6664],[-74.0368,4.6646],[-74.0365,4.6643],[-74.0357,4.6652],[-74.0333,4.6625],[-74.0307,4.6628],[-74.028,4.6619],[-74.026,4.6622],[-74.0261,4.6634],[-74.0251,4.6633],[-74.0257,4.6648],[-74.025,4.6655],[-74.0271,4.6693]]]}},{"type":"Feature","properties":{"b":"Palermo","loc":"Teusaquillo","upz":"Teusaquillo","uso":"Comercial","d":-3.6,"c":38.3,"a":38.4,"w":"A","cod":"007205","estrato":4,"estrato_mean":3.96,"np":3,"p2":48.4,"g22":10.0,"src":"2026","abs":40.3},"geometry":{"type":"Polygon","coordinates":[[[-74.0677,4.6325],[-74.0672,4.6354],[-74.0708,4.6361],[-74.0729,4.6375],[-74.0747,4.6375],[-74.0748,4.6369],[-74.0765,4.6372],[-74.0754,4.6339],[-74.0677,4.6325]]]}},{"type":"Feature","properties":{"b":"Santa Teresa","loc":"Usaquén","upz":"La Uribe","uso":"Residencial","d":-3.1,"c":31.6,"a":45.0,"w":"A","cod":"008503","estrato":3,"estrato_mean":2.87,"np":3,"p2":49.3,"g22":12.2,"src":"2026","abs":31.4},"geometry":{"type":"Polygon","coordinates":[[[-74.0277,4.7475],[-74.0317,4.7482],[-74.0318,4.7429],[-74.0223,4.741],[-74.0224,4.7462],[-74.022,4.7472],[-74.0239,4.7469],[-74.0277,4.7475]]]}},{"type":"Feature","properties":{"b":"Alfonso López","loc":"Teusaquillo","upz":"Galerías","uso":"Residencial","d":4.5,"c":39.1,"a":38.9,"w":"C","cod":"007209","estrato":3,"estrato_mean":3.12,"np":3,"p2":42.2,"g22":10.3,"src":"2026","abs":35.1},"geometry":{"type":"Polygon","coordinates":[[[-74.0702,4.636],[-74.0695,4.6399],[-74.0773,4.6413],[-74.0775,4.6387],[-74.0765,4.6372],[-74.0748,4.6369],[-74.0747,4.6375],[-74.0729,4.6375],[-74.0702,4.636]]]}},{"type":"Feature","properties":{"b":"Sumapaz","loc":"Ciudad Bolívar","upz":"Lucero","uso":"Residencial","d":-6.1,"c":62.0,"a":23.2,"w":"C","cod":"002553","estrato":1,"estrato_mean":1.0,"np":1,"p2":80.2,"g22":12.2,"src":"2026","abs":40.2},"geometry":{"type":"Polygon","coordinates":[[[-74.1457,4.5548],[-74.1471,4.5578],[-74.1484,4.5573],[-74.1478,4.5542],[-74.1479,4.5528],[-74.1489,4.5524],[-74.1485,4.551],[-74.1471,4.5517],[-74.1471,4.5524],[-74.1459,4.5527],[-74.1451,4.5516],[-74.1449,4.552],[-74.1441,4.5532],[-74.1447,4.5541],[-74.144,4.5546],[-74.1456,4.5539],[-74.1457,4.5548]]]}},{"type":"Feature","properties":{"b":"Santa Helenita","loc":"Engativá","upz":"Boyacá Real","uso":"Residencial","d":-6.6,"c":37.0,"a":41.4,"w":"A","cod":"005608","estrato":3,"estrato_mean":3.0,"np":4,"p2":54.3,"g22":11.2,"src":"2026","abs":26.5},"geometry":{"type":"Polygon","coordinates":[[[-74.1055,4.6954],[-74.1064,4.695],[-74.109,4.6898],[-74.1044,4.6852],[-74.0999,4.6911],[-74.1055,4.6954]]]}},{"type":"Feature","properties":{"b":"Almirante Colón","loc":"Suba","upz":"Niza","uso":"Residencial","d":-5.9,"c":36.0,"a":40.2,"w":"A","cod":"009218","estrato":2,"estrato_mean":2.04,"np":1,"p2":59.7,"g22":12.5,"src":"2026","abs":25.4},"geometry":{"type":"Polygon","coordinates":[[[-74.0878,4.719],[-74.0903,4.7198],[-74.0913,4.7182],[-74.09,4.7179],[-74.0892,4.7144],[-74.0866,4.7137],[-74.0829,4.7113],[-74.0836,4.717],[-74.0882,4.7177],[-74.0878,4.719]]]}},{"type":"Feature","properties":{"b":"Moravia","loc":"Fontibón","upz":"Zona Franca","uso":"Industrial","d":-4.5,"c":45.6,"a":35.9,"w":"C","cod":"006519","estrato":2,"estrato_mean":2.0,"np":1,"p2":61.7,"g22":11.6,"src":"2026","abs":33.4},"geometry":{"type":"Polygon","coordinates":[[[-74.1544,4.6789],[-74.1549,4.68],[-74.1568,4.6788],[-74.1569,4.6778],[-74.1552,4.6767],[-74.1545,4.677],[-74.1538,4.678],[-74.1544,4.6789]]]}},{"type":"Feature","properties":{"b":"Nuevo Muzú","loc":"Tunjuelito","upz":"Venecia","uso":"Residencial","d":-7.4,"c":44.3,"a":36.6,"w":"C","cod":"002409","estrato":3,"estrato_mean":2.93,"np":3,"p2":61.3,"g22":11.3,"src":"2026","abs":32.2},"geometry":{"type":"Polygon","coordinates":[[[-74.1453,4.5891],[-74.1453,4.593],[-74.1511,4.5888],[-74.1504,4.5878],[-74.1521,4.5855],[-74.1506,4.5845],[-74.1515,4.5838],[-74.1512,4.5826],[-74.1495,4.583],[-74.1445,4.5866],[-74.1453,4.5891]]]}},{"type":"Feature","properties":{"b":"Ciudad Berna","loc":"Antonio Nariño","upz":"Ciudad Jardín","uso":"Residencial","d":-8.6,"c":39.1,"a":40.8,"w":"A","cod":"001202","estrato":3,"estrato_mean":3.0,"np":2,"p2":57.3,"g22":9.8,"src":"2026","abs":33.0},"geometry":{"type":"Polygon","coordinates":[[[-74.0945,4.5855],[-74.0899,4.5821],[-74.088,4.5847],[-74.0924,4.5882],[-74.0945,4.5855]]]}},{"type":"Feature","properties":{"b":"La Pradera Norte","loc":"Usaquén","upz":"Toberín","uso":"Industrial","d":-7.4,"c":31.6,"a":42.8,"w":"A","cod":"008502","estrato":3,"estrato_mean":3.3,"np":1,"p2":50.4,"g22":11.4,"src":"2026","abs":26.3},"geometry":{"type":"Polygon","coordinates":[[[-74.0372,4.7492],[-74.0378,4.7492],[-74.0365,4.7437],[-74.0376,4.7396],[-74.032,4.7382],[-74.0317,4.7483],[-74.0372,4.7492]]]}},{"type":"Feature","properties":{"b":"La Resurrección I","loc":"Rafael Uribe Uribe","upz":"Marco Fidel Suárez","uso":"Residencial","d":-6.5,"c":57.4,"a":23.9,"w":"C","cod":"001431","estrato":2,"estrato_mean":2.0,"np":1,"p2":76.5,"g22":12.6,"src":"2026","abs":40.6},"geometry":{"type":"Polygon","coordinates":[[[-74.1071,4.5667],[-74.1071,4.5659],[-74.1091,4.5684],[-74.111,4.5671],[-74.1094,4.5655],[-74.1097,4.5651],[-74.1081,4.5638],[-74.1077,4.5654],[-74.1062,4.5657],[-74.1071,4.5667]]]}},{"type":"Feature","properties":{"b":"Boyacá","loc":"Engativá","upz":"Boyacá Real","uso":"Residencial","d":-6.6,"c":37.3,"a":42.5,"w":"A","cod":"005603","estrato":3,"estrato_mean":3.01,"np":3,"p2":54.3,"g22":11.9,"src":"2026","abs":40.1},"geometry":{"type":"Polygon","coordinates":[[[-74.1036,4.6846],[-74.0994,4.6811],[-74.095,4.6873],[-74.0999,4.6911],[-74.1044,4.6852],[-74.1036,4.6846]]]}},{"type":"Feature","properties":{"b":"Ingemar I","loc":"Chapinero","upz":"Pardo Rubio","uso":"Residencial","d":-10.9,"c":36.1,"a":28.8,"w":"C","cod":"201109","estrato":6,"estrato_mean":6.0,"np":1,"p2":62.2,"g22":15.2,"src":"2026","abs":20.8},"geometry":{"type":"Polygon","coordinates":[[[-74.0558,4.6408],[-74.0561,4.6415],[-74.0565,4.6412],[-74.0556,4.6383],[-74.0546,4.6385],[-74.0541,4.6374],[-74.0526,4.6378],[-74.0524,4.6383],[-74.0527,4.638],[-74.0542,4.6395],[-74.055,4.6394],[-74.0558,4.6408]]]}},{"type":"Feature","properties":{"b":"San Fernando Occidental","loc":"Barrios Unidos","upz":"Doce De Octubre","uso":"Residencial","d":-8.6,"c":37.0,"a":41.0,"w":"A","cod":"005204","estrato":3,"estrato_mean":3.0,"np":2,"p2":55.5,"g22":11.7,"src":"2026","abs":31.7},"geometry":{"type":"Polygon","coordinates":[[[-74.0855,4.6784],[-74.086,4.6776],[-74.0808,4.67],[-74.0776,4.6741],[-74.0834,4.6779],[-74.0845,4.6775],[-74.0855,4.6784]]]}},{"type":"Feature","properties":{"b":"Marco Fidel Suárez I","loc":"Rafael Uribe Uribe","upz":"Marruecos","uso":"Residencial","d":-5.6,"c":52.8,"a":30.3,"w":"C","cod":"001415","estrato":2,"estrato_mean":2.1,"np":2,"p2":70.1,"g22":11.7,"src":"2026","abs":35.0},"geometry":{"type":"Polygon","coordinates":[[[-74.1231,4.5682],[-74.1255,4.5693],[-74.1265,4.5674],[-74.1266,4.5663],[-74.125,4.5633],[-74.123,4.5643],[-74.1235,4.5661],[-74.1216,4.5664],[-74.1215,4.5671],[-74.1183,4.5667],[-74.1178,4.5659],[-74.1168,4.5666],[-74.1164,4.5657],[-74.1167,4.5661],[-74.1161,4.5664],[-74.1146,4.5659],[-74.1143,4.5668],[-74.1223,4.5687],[-74.1231,4.5682]]]}},{"type":"Feature","properties":{"b":"Samper","loc":"Santa Fe","upz":"Sagrado Corazón","uso":"Residencial","d":-7.3,"c":47.1,"a":26.0,"w":"C","cod":"008108","estrato":4,"estrato_mean":3.85,"np":1,"p2":64.8,"g22":10.5,"src":"2026","abs":25.1},"geometry":{"type":"Polygon","coordinates":[[[-74.069,4.6155],[-74.0671,4.6214],[-74.0695,4.6227],[-74.0718,4.6174],[-74.0699,4.6155],[-74.069,4.6163],[-74.069,4.6155]]]}},{"type":"Feature","properties":{"b":"Bella Suiza","loc":"Usaquén","upz":"Usaquén","uso":"Comercial","d":-3.9,"c":12.8,"a":59.7,"w":"A","cod":"008404","estrato":5,"estrato_mean":5.0,"np":1,"p2":25.2,"g22":8.4,"src":"2026","abs":33.5},"geometry":{"type":"Polygon","coordinates":[[[-74.0285,4.7063],[-74.0291,4.7116],[-74.0327,4.7127],[-74.0329,4.7035],[-74.0286,4.702],[-74.0285,4.7063]]]}},{"type":"Feature","properties":{"b":"Colmena I Los Pinares","loc":"San Cristóbal","upz":"Los Libertadores","uso":"Residencial","d":-3.6,"c":59.1,"a":22.6,"w":"C","cod":"001363","estrato":2,"estrato_mean":2.0,"np":1,"p2":77.2,"g22":14.4,"src":"2026","abs":32.7},"geometry":{"type":"Polygon","coordinates":[[[-74.0849,4.5341],[-74.0839,4.5347],[-74.0837,4.5362],[-74.0864,4.5397],[-74.0881,4.5385],[-74.0849,4.5341]]]}},{"type":"Feature","properties":{"b":"Atenas","loc":"Suba","upz":"Casa Blanca Suba","uso":"Residencial","d":-3.1,"c":12.6,"a":62.9,"w":"A","cod":"009119","estrato":5,"estrato_mean":5.0,"np":1,"p2":23.3,"g22":7.5,"src":"2026","abs":25.0},"geometry":{"type":"Polygon","coordinates":[[[-74.073,4.7328],[-74.0742,4.7333],[-74.0749,4.7319],[-74.0644,4.7282],[-74.0635,4.7306],[-74.073,4.7328]]]}},{"type":"Feature","properties":{"b":"Mochuelo Alto Urbano","loc":"Ciudad Bolívar","upz":"Monte Blanco","uso":"Residencial","d":-10.2,"c":65.3,"a":19.0,"w":"C","cod":"234131","estrato":1,"estrato_mean":1.0,"np":1,"p2":86.3,"g22":10.8,"src":"2026","abs":56.7},"geometry":{"type":"Polygon","coordinates":[[[-74.148,4.4876],[-74.1484,4.4903],[-74.1487,4.4876],[-74.148,4.4876]]]}},{"type":"Feature","properties":{"b":"Quiba Bajo","loc":"Ciudad Bolívar","upz":"Lucero","uso":"Residencial","d":-4.5,"c":52.5,"a":30.2,"w":"C","cod":"104110","estrato":1,"estrato_mean":1.0,"np":1,"p2":75.3,"g22":18.3,"src":"2026","abs":50.6},"geometry":{"type":"Polygon","coordinates":[[[-74.166,4.55],[-74.1674,4.5496],[-74.1701,4.5473],[-74.1713,4.5449],[-74.1696,4.5418],[-74.1744,4.5401],[-74.1802,4.5366],[-74.1847,4.5361],[-74.1854,4.5352],[-74.1837,4.533],[-74.1857,4.5302],[-74.1877,4.5292],[-74.1867,4.5268],[-74.1832,4.5224],[-74.1828,4.518],[-74.1813,4.5135],[-74.1791,4.5125],[-74.1749,4.5076],[-74.1739,4.5078],[-74.1737,4.5071],[-74.1707,4.5074],[-74.1704,4.5064],[-74.1695,4.5073],[-74.1694,4.5107],[-74.1686,4.5134],[-74.1698,4.514],[-74.1654,4.5185],[-74.1639,4.5192],[-74.1616,4.5227],[-74.1597,4.5236],[-74.1588,4.5253],[-74.1582,4.5243],[-74.1564,4.5271],[-74.1546,4.5328],[-74.1547,4.5371],[-74.1554,4.539],[-74.1593,4.5377],[-74.1605,4.5398],[-74.1615,4.5382],[-74.1622,4.5391],[-74.167,4.5382],[-74.1663,4.54],[-74.162,4.5435],[-74.1664,4.5468],[-74.1657,4.5493],[-74.166,4.55]],[[-74.1657,4.5307],[-74.1647,4.5296],[-74.1664,4.5282],[-74.1674,4.5258],[-74.1677,4.5262],[-74.1716,4.5246],[-74.1731,4.5276],[-74.1685,4.5288],[-74.1675,4.5307],[-74.1657,4.5307]]]}},{"type":"Feature","properties":{"b":"San Pedro De Los Robles","loc":"Fontibón","upz":"Fontibón","uso":"Residencial","d":-13.9,"c":43.4,"a":37.8,"w":"C","cod":"006523","estrato":2,"estrato_mean":2.0,"np":1,"p2":65.0,"g22":7.7,"src":"2026","abs":19.1},"geometry":{"type":"Polygon","coordinates":[[[-74.1454,4.6656],[-74.1477,4.6685],[-74.1491,4.6671],[-74.1454,4.6656]]]}},{"type":"Feature","properties":{"b":"El Laurel","loc":"Engativá","upz":"Las Ferias","uso":"Residencial","d":-5.6,"c":38.0,"a":38.6,"w":"A","cod":"005510","estrato":3,"estrato_mean":3.0,"np":1,"p2":52.0,"g22":9.6,"src":"2026","abs":26.4},"geometry":{"type":"Polygon","coordinates":[[[-74.0973,4.684],[-74.0994,4.6811],[-74.0956,4.6781],[-74.0935,4.681],[-74.0973,4.684]]]}},{"type":"Feature","properties":{"b":"Villa María I","loc":"Suba","upz":"El Rincón","uso":"Residencial","d":-9.2,"c":52.5,"a":28.2,"w":"C","cod":"009267","estrato":2,"estrato_mean":2.0,"np":1,"p2":73.0,"g22":11.3,"src":"2026","abs":40.1},"geometry":{"type":"Polygon","coordinates":[[[-74.103,4.7433],[-74.1053,4.7441],[-74.1048,4.742],[-74.1015,4.7408],[-74.1018,4.7399],[-74.0994,4.739],[-74.0985,4.7417],[-74.103,4.7433]]]}},{"type":"Feature","properties":{"b":"San Rafael","loc":"Ciudad Bolívar","upz":"Lucero","uso":"Residencial","d":-4.9,"c":59.5,"a":24.9,"w":"C","cod":"002539","estrato":1,"estrato_mean":1.0,"np":1,"p2":77.2,"g22":12.8,"src":"2026","abs":38.3},"geometry":{"type":"Polygon","coordinates":[[[-74.1528,4.5455],[-74.1523,4.5449],[-74.1528,4.5447],[-74.1526,4.5436],[-74.1514,4.5434],[-74.1498,4.5443],[-74.1481,4.5465],[-74.1476,4.5499],[-74.1451,4.5516],[-74.1459,4.5527],[-74.1511,4.5496],[-74.1516,4.5488],[-74.1507,4.5473],[-74.1524,4.5467],[-74.1528,4.5455]]]}},{"type":"Feature","properties":{"b":"Mandalay","loc":"Kennedy","upz":"Américas","uso":"Residencial","d":-10.9,"c":37.0,"a":40.6,"w":"A","cod":"004531","estrato":4,"estrato_mean":3.93,"np":1,"p2":58.2,"g22":10.2,"src":"2026","abs":17.4},"geometry":{"type":"Polygon","coordinates":[[[-74.1451,4.626],[-74.1397,4.6285],[-74.138,4.6283],[-74.1378,4.6305],[-74.15,4.6315],[-74.1451,4.626]]]}},{"type":"Feature","properties":{"b":"Egipto","loc":"Candelaria","upz":"La Candelaria","uso":"Residencial","d":-6.6,"c":57.8,"a":22.5,"w":"C","cod":"003105","estrato":2,"estrato_mean":2.0,"np":3,"p2":77.2,"g22":13.5,"src":"2026","abs":43.9},"geometry":{"type":"Polygon","coordinates":[[[-74.0734,4.5933],[-74.0706,4.5917],[-74.0694,4.5937],[-74.0679,4.5938],[-74.0667,4.5969],[-74.066,4.5975],[-74.0651,4.5973],[-74.0659,4.5982],[-74.0669,4.5983],[-74.069,4.5956],[-74.0713,4.5969],[-74.0734,4.5933]]]}},{"type":"Feature","properties":{"b":"Ttes De Colombia","loc":"Suba","upz":"El Rincón","uso":"Residencial","d":-4.9,"c":52.1,"a":31.1,"w":"C","cod":"009223","estrato":2,"estrato_mean":2.0,"np":2,"p2":68.6,"g22":11.7,"src":"2026","abs":27.1},"geometry":{"type":"Polygon","coordinates":[[[-74.0913,4.733],[-74.0919,4.7332],[-74.0924,4.7322],[-74.0936,4.7328],[-74.0952,4.7301],[-74.0957,4.7304],[-74.0961,4.7298],[-74.0943,4.7288],[-74.0937,4.7298],[-74.0915,4.7289],[-74.0895,4.7318],[-74.0899,4.7321],[-74.0905,4.7311],[-74.0919,4.7319],[-74.0913,4.733]]]}},{"type":"Feature","properties":{"b":"Nuevo Techo","loc":"Kennedy","upz":"Castilla","uso":"Residencial","d":-6.5,"c":31.7,"a":45.3,"w":"A","cod":"006507","estrato":3,"estrato_mean":3.0,"np":1,"p2":57.2,"g22":11.8,"src":"2026","abs":21.4},"geometry":{"type":"Polygon","coordinates":[[[-74.1339,4.6495],[-74.137,4.6507],[-74.1433,4.6441],[-74.1408,4.642],[-74.1411,4.6431],[-74.1325,4.646],[-74.1317,4.6449],[-74.1283,4.6479],[-74.1295,4.6488],[-74.1319,4.6488],[-74.1326,4.65],[-74.1339,4.6495]]]}},{"type":"Feature","properties":{"b":"Venecia","loc":"Tunjuelito","upz":"Venecia","uso":"Residencial","d":-4.8,"c":46.8,"a":36.8,"w":"C","cod":"002404","estrato":3,"estrato_mean":3.0,"np":3,"p2":64.8,"g22":11.1,"src":"2026","abs":28.6},"geometry":{"type":"Polygon","coordinates":[[[-74.1357,4.591],[-74.1348,4.5914],[-74.1342,4.5942],[-74.1411,4.5955],[-74.1421,4.5903],[-74.1415,4.5881],[-74.1388,4.5899],[-74.1357,4.591]]]}},{"type":"Feature","properties":{"b":"Puente Grande","loc":"Fontibón","upz":"Fontibón San Pablo","uso":"Residencial","d":-8.3,"c":55.9,"a":29.1,"w":"C","cod":"006418","estrato":2,"estrato_mean":2.0,"np":2,"p2":71.9,"g22":10.4,"src":"2026","abs":24.5},"geometry":{"type":"Polygon","coordinates":[[[-74.1649,4.6968],[-74.168,4.6985],[-74.1677,4.698],[-74.1685,4.6972],[-74.1671,4.6957],[-74.1679,4.6965],[-74.1697,4.6949],[-74.1637,4.69],[-74.1613,4.6924],[-74.1616,4.693],[-74.1601,4.6941],[-74.1649,4.6968]]]}},{"type":"Feature","properties":{"b":"San Bernardino Xix","loc":"Bosa","upz":"Tintal Sur","uso":"Residencial","d":-3.1,"c":63.3,"a":20.9,"w":"C","cod":"205319","estrato":2,"estrato_mean":2.0,"np":2,"p2":78.7,"g22":10.8,"src":"2026","abs":25.5},"geometry":{"type":"Polygon","coordinates":[[[-74.205,4.6246],[-74.2013,4.6261],[-74.2068,4.6376],[-74.2018,4.6405],[-74.2033,4.6432],[-74.2039,4.6429],[-74.2064,4.6465],[-74.2069,4.6459],[-74.2052,4.6425],[-74.2058,4.6413],[-74.2077,4.6404],[-74.2114,4.6405],[-74.205,4.6246]]]}},{"type":"Feature","properties":{"b":"El Uval Rural","loc":"Usme","upz":"Ciudad Usme","uso":"Residencial","d":-9.4,"c":59.9,"a":21.7,"w":"C","cod":"102502","estrato":1,"estrato_mean":1.0,"np":1,"p2":87.1,"g22":17.9,"src":"2026","abs":56.8},"geometry":{"type":"Polygon","coordinates":[[[-74.1092,4.4872],[-74.1102,4.4876],[-74.1106,4.486],[-74.1101,4.4846],[-74.1109,4.4845],[-74.1116,4.4872],[-74.1126,4.4871],[-74.1117,4.4831],[-74.1122,4.4818],[-74.1134,4.4798],[-74.1137,4.4805],[-74.1153,4.4797],[-74.1174,4.4807],[-74.1179,4.4787],[-74.1176,4.4773],[-74.1161,4.4763],[-74.115,4.4728],[-74.1113,4.4698],[-74.1102,4.4673],[-74.1005,4.4623],[-74.1004,4.4609],[-74.1016,4.4597],[-74.1011,4.4583],[-74.0975,4.4545],[-74.0957,4.4554],[-74.0933,4.4552],[-74.0914,4.4567],[-74.0879,4.458],[-74.0848,4.4566],[-74.0818,4.4577],[-74.0792,4.4614],[-74.077,4.4623],[-74.0768,4.4634],[-74.0803,4.4651],[-74.0831,4.4681],[-74.0847,4.4683],[-74.0873,4.4699],[-74.09,4.4739],[-74.0924,4.4757],[-74.0945,4.4787],[-74.0955,4.4789],[-74.0952,4.4799],[-74.0984,4.4842],[-74.1021,4.4857],[-74.1026,4.485],[-74.1013,4.4843],[-74.1017,4.4837],[-74.1028,4.4847],[-74.1035,4.4834],[-74.1039,4.4837],[-74.1025,4.4858],[-74.1036,4.4851],[-74.1039,4.4857],[-74.1048,4.4853],[-74.1045,4.4863],[-74.105,4.4864],[-74.1059,4.485],[-74.1056,4.4869],[-74.1069,4.4875],[-74.1083,4.4865],[-74.1092,4.4872]]]}},{"type":"Feature","properties":{"b":"El Salteador","loc":"Usme","upz":"Ciudad Usme","uso":"Residencial","d":-2.6,"c":65.2,"a":21.0,"w":"C","cod":"002643","estrato":1,"estrato_mean":1.0,"np":1,"p2":78.6,"g22":10.8,"src":"2026","abs":40.0},"geometry":{"type":"Polygon","coordinates":[[[-74.1035,4.4835],[-74.1032,4.4846],[-74.1039,4.4837],[-74.1035,4.4835]]]}},{"type":"Feature","properties":{"b":"Granjas San Pablo","loc":"Rafael Uribe Uribe","upz":"Marco Fidel Suárez","uso":"Residencial","d":-5.5,"c":57.7,"a":26.2,"w":"C","cod":"001412","estrato":2,"estrato_mean":2.05,"np":3,"p2":74.1,"g22":12.5,"src":"2026","abs":39.1},"geometry":{"type":"Polygon","coordinates":[[[-74.1142,4.5731],[-74.115,4.5767],[-74.1211,4.5756],[-74.1208,4.5728],[-74.1193,4.5731],[-74.1193,4.5719],[-74.1141,4.568],[-74.1141,4.5691],[-74.1147,4.5699],[-74.1132,4.5703],[-74.1135,4.5724],[-74.114,4.5722],[-74.1142,4.5731]]]}},{"type":"Feature","properties":{"b":"La Estrellita I","loc":"Usaquén","upz":"Verbenal","uso":"Residencial","d":-5.1,"c":54.4,"a":29.1,"w":"C","cod":"008549","estrato":3,"estrato_mean":3.0,"np":1,"p2":71.5,"g22":12.0,"src":"2026","abs":32.6},"geometry":{"type":"Polygon","coordinates":[[[-74.0215,4.7602],[-74.0227,4.7644],[-74.0229,4.7603],[-74.0215,4.7602]]]}},{"type":"Feature","properties":{"b":"Florencia","loc":"Engativá","upz":"Boyacá Real","uso":"Residencial","d":-6.2,"c":36.5,"a":41.2,"w":"A","cod":"005620","estrato":3,"estrato_mean":3.0,"np":3,"p2":54.5,"g22":11.8,"src":"2026","abs":24.8},"geometry":{"type":"Polygon","coordinates":[[[-74.1113,4.6996],[-74.1058,4.6958],[-74.1037,4.6995],[-74.1115,4.7045],[-74.1133,4.7012],[-74.1113,4.6996]]]}},{"type":"Feature","properties":{"b":"Campín Occidental","loc":"Teusaquillo","upz":"La Esmeralda","uso":"Residencial","d":-6.1,"c":24.5,"a":48.2,"w":"A","cod":"005105","estrato":4,"estrato_mean":4.0,"np":1,"p2":39.9,"g22":9.3,"src":"2026","abs":26.7},"geometry":{"type":"Polygon","coordinates":[[[-74.0787,4.6452],[-74.0782,4.652],[-74.0807,4.6525],[-74.0812,4.646],[-74.0787,4.6452]]]}},{"type":"Feature","properties":{"b":"El Rocío Norte","loc":"Usaquén","upz":"Verbenal","uso":"Residencial","d":-4.9,"c":34.8,"a":42.3,"w":"A","cod":"008522","estrato":3,"estrato_mean":3.0,"np":1,"p2":51.8,"g22":12.1,"src":"2026","abs":29.4},"geometry":{"type":"Polygon","coordinates":[[[-74.0313,4.7588],[-74.0259,4.7588],[-74.0266,4.7603],[-74.0314,4.7603],[-74.0313,4.7588]]]}},{"type":"Feature","properties":{"b":"Salazar Gómez","loc":"Puente Aranda","upz":"Puente Aranda","uso":"Industrial","d":-8.8,"c":38.1,"a":42.4,"w":"A","cod":"006212","estrato":3,"estrato_mean":3.0,"np":2,"p2":58.2,"g22":12.0,"src":"2026","abs":44.2},"geometry":{"type":"Polygon","coordinates":[[[-74.1077,4.6275],[-74.1123,4.6324],[-74.1183,4.6373],[-74.1195,4.636],[-74.1223,4.6289],[-74.1124,4.6279],[-74.1128,4.6275],[-74.1077,4.6275]]]}},{"type":"Feature","properties":{"b":"Santa Fe","loc":"Los Mártires","upz":"La Sabana","uso":"Comercial","d":-6.0,"c":47.9,"a":36.6,"w":"C","cod":"006103","estrato":3,"estrato_mean":2.76,"np":4,"p2":64.3,"g22":11.5,"src":"2026","abs":54.1},"geometry":{"type":"Polygon","coordinates":[[[-74.0815,4.6147],[-74.0755,4.6101],[-74.0728,4.6154],[-74.0773,4.6217],[-74.0797,4.6201],[-74.0792,4.6194],[-74.0823,4.616],[-74.0815,4.6147]]]}},{"type":"Feature","properties":{"b":"El Charco","loc":"Fontibón","upz":"Fontibón San Pablo","uso":"Residencial","d":-1.0,"c":52.5,"a":31.6,"w":"C","cod":"205402","estrato":2,"estrato_mean":2.0,"np":1,"p2":66.2,"g22":12.7,"src":"2026","abs":39.5},"geometry":{"type":"Polygon","coordinates":[[[-74.168,4.6985],[-74.1692,4.6992],[-74.172,4.6966],[-74.1721,4.6941],[-74.1711,4.6935],[-74.1679,4.6965],[-74.1671,4.6957],[-74.1685,4.6972],[-74.1697,4.696],[-74.1701,4.6964],[-74.168,4.6985]]]}},{"type":"Feature","properties":{"b":"Vereda El Tintal","loc":"Fontibón","upz":"Granjas De Techo","uso":"Industrial","d":-5.1,"c":26.5,"a":47.5,"w":"A","cod":"205102","estrato":3,"estrato_mean":3.0,"np":1,"p2":44.8,"g22":11.3,"src":"2026","abs":27.1},"geometry":{"type":"Polygon","coordinates":[[[-74.137,4.658],[-74.1358,4.6592],[-74.1393,4.663],[-74.1405,4.6622],[-74.1395,4.6606],[-74.1372,4.6589],[-74.137,4.658]]]}},{"type":"Feature","properties":{"b":"Sabana De Tibabuyes Norte","loc":"Suba","upz":"Tibabuyes","uso":"Residencial","d":-7.2,"c":43.8,"a":33.8,"w":"C","cod":"009234","estrato":3,"estrato_mean":3.0,"np":2,"p2":63.1,"g22":12.2,"src":"2026","abs":22.6},"geometry":{"type":"Polygon","coordinates":[[[-74.1048,4.7613],[-74.106,4.7609],[-74.1069,4.7589],[-74.1078,4.76],[-74.1091,4.7594],[-74.1078,4.7578],[-74.1091,4.7572],[-74.111,4.7527],[-74.1043,4.7512],[-74.104,4.7518],[-74.1054,4.7534],[-74.1038,4.7598],[-74.1048,4.7613]]]}},{"type":"Feature","properties":{"b":"El Peñón Del Cortijo","loc":"Ciudad Bolívar","upz":"Ismael Perdomo","uso":"Residencial","d":-5.4,"c":55.7,"a":27.7,"w":"C","cod":"002433","estrato":2,"estrato_mean":1.75,"np":1,"p2":73.0,"g22":11.9,"src":"2026","abs":27.5},"geometry":{"type":"Polygon","coordinates":[[[-74.1633,4.5842],[-74.1627,4.5877],[-74.1634,4.5878],[-74.1641,4.5858],[-74.1697,4.5847],[-74.1672,4.5815],[-74.1633,4.5842]]]}},{"type":"Feature","properties":{"b":"Sierra Morena","loc":"Ciudad Bolívar","upz":"Ismael Perdomo","uso":"Residencial","d":-4.3,"c":60.3,"a":24.4,"w":"C","cod":"002438","estrato":1,"estrato_mean":1.33,"np":3,"p2":75.9,"g22":11.4,"src":"2026","abs":37.3},"geometry":{"type":"Polygon","coordinates":[[[-74.1602,4.5792],[-74.1617,4.5811],[-74.1615,4.5848],[-74.1649,4.5832],[-74.1658,4.579],[-74.167,4.5771],[-74.165,4.5747],[-74.1598,4.5788],[-74.1602,4.5792]]]}},{"type":"Feature","properties":{"b":"San Gabriel","loc":"Puente Aranda","upz":"San Rafael","uso":"Residencial","d":-4.5,"c":31.5,"a":47.9,"w":"A","cod":"004307","estrato":3,"estrato_mean":3.0,"np":2,"p2":46.1,"g22":9.8,"src":"2026","abs":28.7},"geometry":{"type":"Polygon","coordinates":[[[-74.1212,4.6212],[-74.1196,4.6196],[-74.1145,4.6256],[-74.1157,4.6266],[-74.1181,4.6236],[-74.1188,4.6242],[-74.1212,4.6212]]]}},{"type":"Feature","properties":{"b":"Nariño Sur","loc":"San Cristóbal","upz":"Sosiego","uso":"Residencial","d":-13.2,"c":50.6,"a":30.8,"w":"C","cod":"001207","estrato":3,"estrato_mean":3.0,"np":1,"p2":72.6,"g22":8.9,"src":"2026","abs":23.3},"geometry":{"type":"Polygon","coordinates":[[[-74.0896,4.5791],[-74.0882,4.5807],[-74.0867,4.5789],[-74.0847,4.5819],[-74.0882,4.5844],[-74.0906,4.5812],[-74.0896,4.5791]]]}},{"type":"Feature","properties":{"b":"Provivienda Occidental","loc":"Kennedy","upz":"Carvajal","uso":"Comercial","d":-7.1,"c":41.3,"a":38.7,"w":"C","cod":"004505","estrato":3,"estrato_mean":3.0,"np":1,"p2":59.3,"g22":11.0,"src":"2026","abs":35.2},"geometry":{"type":"Polygon","coordinates":[[[-74.1406,4.614],[-74.1395,4.6187],[-74.1428,4.6193],[-74.1444,4.6192],[-74.1508,4.6139],[-74.1481,4.6098],[-74.1466,4.6113],[-74.1458,4.6106],[-74.1443,4.6119],[-74.1424,4.6101],[-74.1438,4.6086],[-74.1436,4.6071],[-74.1418,4.6064],[-74.1406,4.614]]]}},{"type":"Feature","properties":{"b":"Inglés","loc":"Rafael Uribe Uribe","upz":"Quiroga","uso":"Residencial","d":-6.6,"c":46.7,"a":35.5,"w":"C","cod":"002307","estrato":3,"estrato_mean":3.0,"np":3,"p2":65.2,"g22":11.8,"src":"2026","abs":41.3},"geometry":{"type":"Polygon","coordinates":[[[-74.1224,4.5878],[-74.1231,4.589],[-74.1273,4.5872],[-74.1238,4.5798],[-74.1188,4.5816],[-74.1215,4.5849],[-74.1224,4.5878]]]}},{"type":"Feature","properties":{"b":"Altamira","loc":"San Cristóbal","upz":"La Gloria","uso":"Residencial","d":-5.0,"c":59.9,"a":24.0,"w":"C","cod":"001315","estrato":2,"estrato_mean":2.0,"np":1,"p2":78.4,"g22":13.5,"src":"2026","abs":35.4},"geometry":{"type":"Polygon","coordinates":[[[-74.0856,4.5456],[-74.0872,4.5463],[-74.0891,4.5421],[-74.0869,4.5404],[-74.0837,4.5362],[-74.0836,4.5455],[-74.0856,4.5456]]]}},{"type":"Feature","properties":{"b":"Villa Gloria","loc":"Ciudad Bolívar","upz":"Lucero","uso":"Residencial","d":-4.7,"c":61.1,"a":22.3,"w":"C","cod":"002549","estrato":1,"estrato_mean":1.0,"np":1,"p2":77.3,"g22":11.6,"src":"2026","abs":38.6},"geometry":{"type":"Polygon","coordinates":[[[-74.1523,4.5494],[-74.1546,4.5477],[-74.1528,4.5455],[-74.1524,4.5467],[-74.1507,4.5473],[-74.1516,4.5488],[-74.1504,4.5501],[-74.1515,4.5512],[-74.1527,4.5549],[-74.1536,4.5543],[-74.1523,4.5494]]]}},{"type":"Feature","properties":{"b":"Cañaveralejo Rural","loc":"Bosa","upz":"El Porvenir","uso":"Residencial","d":-4.7,"c":58.8,"a":25.7,"w":"C","cod":"205308","estrato":2,"estrato_mean":2.0,"np":1,"p2":75.1,"g22":11.6,"src":"2026","abs":33.7},"geometry":{"type":"Polygon","coordinates":[[[-74.2002,4.644],[-74.2004,4.645],[-74.2009,4.6439],[-74.2019,4.6438],[-74.2065,4.6466],[-74.2039,4.6429],[-74.2033,4.6432],[-74.2021,4.6409],[-74.1992,4.6417],[-74.2007,4.644],[-74.1992,4.6421],[-74.1983,4.6427],[-74.1981,4.6438],[-74.1987,4.6434],[-74.1994,4.6445],[-74.2002,4.644]]]}},{"type":"Feature","properties":{"b":"Cañaveralejo I","loc":"Bosa","upz":"El Porvenir","uso":"Residencial","d":-4.7,"c":58.8,"a":25.7,"w":"C","cod":"004645","estrato":2,"estrato_mean":2.0,"np":1,"p2":75.1,"g22":11.6,"src":"2026","abs":33.7},"geometry":{"type":"Polygon","coordinates":[[[-74.1998,4.6438],[-74.1994,4.6445],[-74.1999,4.6453],[-74.2004,4.6444],[-74.1998,4.6438]]]}},{"type":"Feature","properties":{"b":"Primavera","loc":"Engativá","upz":"Minuto De Dios","uso":"Residencial","d":-5.1,"c":38.8,"a":40.8,"w":"A","cod":"005617","estrato":3,"estrato_mean":3.0,"np":2,"p2":54.3,"g22":11.8,"src":"2026","abs":29.8},"geometry":{"type":"Polygon","coordinates":[[[-74.107,4.7058],[-74.1046,4.7081],[-74.1026,4.7062],[-74.0971,4.7124],[-74.0977,4.7131],[-74.1024,4.7094],[-74.1028,4.7097],[-74.1079,4.7062],[-74.107,4.7058]]]}},{"type":"Feature","properties":{"b":"Monteblanco","loc":"Usme","upz":"Comuneros","uso":"Residencial","d":-5.6,"c":66.9,"a":20.1,"w":"C","cod":"002536","estrato":2,"estrato_mean":2.0,"np":1,"p2":82.6,"g22":10.2,"src":"2026","abs":34.0},"geometry":{"type":"Polygon","coordinates":[[[-74.1178,4.5098],[-74.1178,4.5082],[-74.1172,4.5077],[-74.1178,4.5069],[-74.1209,4.5057],[-74.1221,4.5043],[-74.1248,4.504],[-74.1181,4.5017],[-74.1164,4.5005],[-74.114,4.5079],[-74.1178,4.5098]]]}},{"type":"Feature","properties":{"b":"Santa Helena","loc":"Suba","upz":"El Prado","uso":"Residencial","d":-8.5,"c":16.4,"a":54.8,"w":"A","cod":"009131","estrato":5,"estrato_mean":5.0,"np":2,"p2":35.6,"g22":10.7,"src":"2026","abs":21.3},"geometry":{"type":"Polygon","coordinates":[[[-74.0616,4.7331],[-74.0627,4.7333],[-74.0626,4.7347],[-74.0662,4.7359],[-74.068,4.7316],[-74.0635,4.7306],[-74.0644,4.7282],[-74.0593,4.7263],[-74.0586,4.7297],[-74.0578,4.7295],[-74.0575,4.7308],[-74.0596,4.7312],[-74.06,4.7328],[-74.0616,4.7331]]]}},{"type":"Feature","properties":{"b":"Chapinero Central","loc":"Chapinero","upz":"Chapinero","uso":"Comercial","d":-3.4,"c":28.3,"a":40.9,"w":"A","cod":"008213","estrato":3,"estrato_mean":3.0,"np":1,"p2":42.1,"g22":10.5,"src":"2026","abs":36.2},"geometry":{"type":"Polygon","coordinates":[[[-74.0629,4.6395],[-74.0614,4.6451],[-74.0603,4.6468],[-74.0616,4.6491],[-74.0646,4.6496],[-74.0663,4.6404],[-74.0629,4.6395]]]}},{"type":"Feature","properties":{"b":"Juan José Rondón I","loc":"Usme","upz":"La Flora","uso":"Residencial","d":-2.1,"c":66.3,"a":18.0,"w":"C","cod":"001336","estrato":1,"estrato_mean":1.0,"np":1,"p2":81.4,"g22":13.0,"src":"2026","abs":43.9},"geometry":{"type":"Polygon","coordinates":[[[-74.0857,4.5],[-74.086,4.501],[-74.0876,4.5004],[-74.0872,4.4994],[-74.0887,4.4973],[-74.0851,4.4976],[-74.0853,4.4981],[-74.0844,4.4981],[-74.0857,4.5]]]}},{"type":"Feature","properties":{"b":"Quesada","loc":"Teusaquillo","upz":"Galerías","uso":"Residencial","d":-6.9,"c":35.7,"a":41.9,"w":"A","cod":"007204","estrato":3,"estrato_mean":3.1,"np":1,"p2":52.2,"g22":9.6,"src":"2026","abs":40.7},"geometry":{"type":"Polygon","coordinates":[[[-74.069,4.6423],[-74.0702,4.636],[-74.0672,4.6354],[-74.0662,4.6407],[-74.069,4.6423]]]}},{"type":"Feature","properties":{"b":"San José De Fontibón","loc":"Fontibón","upz":"Capellanía","uso":"Industrial","d":-7.7,"c":38.9,"a":40.7,"w":"A","cod":"006403","estrato":3,"estrato_mean":3.0,"np":2,"p2":58.6,"g22":13.1,"src":"2026","abs":19.8},"geometry":{"type":"Polygon","coordinates":[[[-74.1314,4.6893],[-74.1359,4.6831],[-74.1341,4.6815],[-74.1386,4.6785],[-74.1373,4.6767],[-74.1311,4.6817],[-74.1296,4.6813],[-74.1257,4.6855],[-74.1309,4.6895],[-74.1314,4.6893]]]}},{"type":"Feature","properties":{"b":"Nueva Zelandia","loc":"Suba","upz":"San José De Bavaria","uso":"Residencial","d":-6.1,"c":28.7,"a":49.4,"w":"A","cod":"009120","estrato":3,"estrato_mean":3.16,"np":1,"p2":45.4,"g22":10.6,"src":"2026","abs":26.2},"geometry":{"type":"Polygon","coordinates":[[[-74.0451,4.7601],[-74.0497,4.7628],[-74.0537,4.7576],[-74.0461,4.7549],[-74.0451,4.7601]]]}},{"type":"Feature","properties":{"b":"Sierra Morena","loc":"Ciudad Bolívar","upz":"Ismael Perdomo","uso":"Residencial","d":0.1,"c":65.6,"a":20.3,"w":"C","cod":"002439","estrato":1,"estrato_mean":1.0,"np":1,"p2":80.1,"g22":14.6,"src":"2026","abs":41.9},"geometry":{"type":"Polygon","coordinates":[[[-74.1651,4.5829],[-74.1647,4.5834],[-74.1672,4.5816],[-74.1707,4.5803],[-74.1706,4.5795],[-74.1678,4.5787],[-74.1668,4.5773],[-74.1658,4.579],[-74.1651,4.5829]]]}},{"type":"Feature","properties":{"b":"Caracas","loc":"Antonio Nariño","upz":"Ciudad Jardín","uso":"Residencial","d":-7.2,"c":39.6,"a":41.7,"w":"A","cod":"001203","estrato":3,"estrato_mean":3.0,"np":1,"p2":57.3,"g22":9.8,"src":"2026","abs":28.2},"geometry":{"type":"Polygon","coordinates":[[[-74.0905,4.5813],[-74.0899,4.5821],[-74.0946,4.5855],[-74.0957,4.5849],[-74.0936,4.5821],[-74.0905,4.5813]]]}},{"type":"Feature","properties":{"b":"La Calleja","loc":"Usaquén","upz":"Country Club","uso":"Residencial","d":-3.2,"c":11.2,"a":60.4,"w":"A","cod":"008401","estrato":5,"estrato_mean":5.32,"np":3,"p2":22.3,"g22":8.0,"src":"2026","abs":21.7},"geometry":{"type":"Polygon","coordinates":[[[-74.0482,4.7097],[-74.0471,4.7177],[-74.0518,4.719],[-74.0539,4.7067],[-74.0428,4.7041],[-74.0425,4.7088],[-74.0482,4.7097]]]}},{"type":"Feature","properties":{"b":"Hipotecho","loc":"Kennedy","upz":"Américas","uso":"Residencial","d":-10.8,"c":30.7,"a":45.7,"w":"A","cod":"004501","estrato":3,"estrato_mean":2.88,"np":3,"p2":49.4,"g22":10.4,"src":"2026","abs":26.6},"geometry":{"type":"Polygon","coordinates":[[[-74.1265,4.6246],[-74.1261,4.6293],[-74.1378,4.6305],[-74.1383,4.6258],[-74.1265,4.6246]]]}},{"type":"Feature","properties":{"b":"Ramírez","loc":"Santa Fe","upz":"Lourdes","uso":"Residencial","d":-9.6,"c":61.4,"a":23.2,"w":"C","cod":"003210","estrato":1,"estrato_mean":1.31,"np":1,"p2":81.6,"g22":10.6,"src":"2026","abs":29.3},"geometry":{"type":"Polygon","coordinates":[[[-74.0741,4.5848],[-74.0771,4.586],[-74.078,4.5832],[-74.079,4.5825],[-74.0772,4.5795],[-74.0756,4.5787],[-74.0754,4.5808],[-74.0728,4.584],[-74.0741,4.5848]]]}},{"type":"Feature","properties":{"b":"Centro Nariño","loc":"Teusaquillo","upz":"Quinta Paredes","uso":"Residencial","d":-6.3,"c":39.0,"a":45.7,"w":"A","cod":"006210","estrato":3,"estrato_mean":3.0,"np":1,"p2":59.2,"g22":13.9,"src":"2026","abs":45.7},"geometry":{"type":"Polygon","coordinates":[[[-74.0878,4.6258],[-74.0869,4.6257],[-74.0867,4.6276],[-74.0902,4.6325],[-74.0928,4.6307],[-74.0908,4.6278],[-74.0909,4.6261],[-74.0878,4.6258]]]}},{"type":"Feature","properties":{"b":"Cantagallo","loc":"Suba","upz":"Britalia","uso":"Residencial","d":-6.7,"c":24.9,"a":52.5,"w":"A","cod":"009103","estrato":3,"estrato_mean":3.21,"np":1,"p2":41.6,"g22":10.0,"src":"2026","abs":28.0},"geometry":{"type":"Polygon","coordinates":[[[-74.0589,4.7464],[-74.0594,4.7465],[-74.0606,4.7406],[-74.0487,4.7378],[-74.0475,4.7448],[-74.0535,4.7462],[-74.0537,4.7457],[-74.0567,4.7461],[-74.0571,4.7425],[-74.0591,4.7428],[-74.0589,4.7464]]]}},{"type":"Feature","properties":{"b":"Puente Aranda","loc":"Puente Aranda","upz":"Puente Aranda","uso":"Industrial","d":-7.9,"c":37.5,"a":45.1,"w":"A","cod":"006215","estrato":3,"estrato_mean":3.0,"np":3,"p2":54.7,"g22":9.0,"src":"2026","abs":47.4},"geometry":{"type":"Polygon","coordinates":[[[-74.1019,4.6367],[-74.1035,4.6382],[-74.1057,4.6357],[-74.1073,4.637],[-74.1089,4.6354],[-74.1094,4.6358],[-74.1122,4.6323],[-74.1077,4.6275],[-74.1067,4.6274],[-74.1008,4.6355],[-74.1019,4.6367]]]}},{"type":"Feature","properties":{"b":"Ciudad Kennedy Oriental","loc":"Kennedy","upz":"Kennedy Central","uso":"Residencial","d":-7.2,"c":43.9,"a":37.0,"w":"C","cod":"004510","estrato":3,"estrato_mean":3.0,"np":4,"p2":62.0,"g22":10.8,"src":"2026","abs":36.0},"geometry":{"type":"Polygon","coordinates":[[[-74.1528,4.6171],[-74.1444,4.6192],[-74.1419,4.6191],[-74.1418,4.6198],[-74.1478,4.6254],[-74.1531,4.6195],[-74.1528,4.6171]]]}},{"type":"Feature","properties":{"b":"Santa Matilde","loc":"Puente Aranda","upz":"Ciudad Montes","uso":"Residencial","d":-5.7,"c":30.9,"a":48.4,"w":"A","cod":"004209","estrato":3,"estrato_mean":3.0,"np":1,"p2":47.2,"g22":10.6,"src":"2026","abs":34.0},"geometry":{"type":"Polygon","coordinates":[[[-74.1106,4.6043],[-74.1117,4.6028],[-74.1071,4.5984],[-74.1049,4.5999],[-74.1106,4.6043]]]}},{"type":"Feature","properties":{"b":"El Vergel Oriental","loc":"Kennedy","upz":"Castilla","uso":"Residencial","d":-5.3,"c":38.0,"a":40.8,"w":"A","cod":"006529","estrato":2,"estrato_mean":2.04,"np":1,"p2":53.9,"g22":10.6,"src":"2026","abs":22.0},"geometry":{"type":"Polygon","coordinates":[[[-74.1452,4.6512],[-74.1471,4.6492],[-74.1429,4.6447],[-74.1405,4.6475],[-74.1431,4.65],[-74.1425,4.6502],[-74.1442,4.6518],[-74.1429,4.6532],[-74.1452,4.6512]]]}},{"type":"Feature","properties":{"b":"Quinta Paredes","loc":"Teusaquillo","upz":"Quinta Paredes","uso":"Residencial","d":-9.7,"c":37.3,"a":35.9,"w":"C","cod":"006209","estrato":4,"estrato_mean":3.83,"np":1,"p2":56.9,"g22":9.9,"src":"2026","abs":36.9},"geometry":{"type":"Polygon","coordinates":[[[-74.0929,4.6373],[-74.0958,4.6388],[-74.0977,4.6376],[-74.0928,4.6307],[-74.0902,4.6325],[-74.0929,4.6373]]]}},{"type":"Feature","properties":{"b":"La Catedral","loc":"Candelaria","upz":"La Candelaria","uso":"Residencial","d":-5.1,"c":51.4,"a":31.9,"w":"C","cod":"003110","estrato":2,"estrato_mean":2.4,"np":3,"p2":66.4,"g22":9.9,"src":"2026","abs":43.8},"geometry":{"type":"Polygon","coordinates":[[[-74.0775,4.6009],[-74.078,4.6001],[-74.0718,4.596],[-74.0691,4.6004],[-74.0725,4.6009],[-74.075,4.6023],[-74.0767,4.6021],[-74.0775,4.6009]]]}},{"type":"Feature","properties":{"b":"Delmonte","loc":"Suba","upz":"Casa Blanca Suba","uso":"Residencial","d":-10.1,"c":43.3,"a":35.6,"w":"C","cod":"009246","estrato":2,"estrato_mean":2.0,"np":1,"p2":65.7,"g22":12.3,"src":"2026","abs":36.0},"geometry":{"type":"Polygon","coordinates":[[[-74.074,4.7577],[-74.0728,4.7598],[-74.0735,4.7602],[-74.0754,4.7585],[-74.074,4.7577]]]}},{"type":"Feature","properties":{"b":"Acacias Usaquén","loc":"Usaquén","upz":"Los Cedros","uso":"Residencial","d":-5.3,"c":15.7,"a":56.9,"w":"A","cod":"008510","estrato":4,"estrato_mean":4.0,"np":2,"p2":30.1,"g22":9.0,"src":"2026","abs":22.8},"geometry":{"type":"Polygon","coordinates":[[[-74.0274,4.7217],[-74.0403,4.7277],[-74.0413,4.7277],[-74.0413,4.7253],[-74.0325,4.7214],[-74.0275,4.7194],[-74.0263,4.7212],[-74.0274,4.7217]]]}},{"type":"Feature","properties":{"b":"Danubio Ii","loc":"Usme","upz":"Danubio","uso":"Residencial","d":-5.3,"c":57.0,"a":23.3,"w":"C","cod":"002577","estrato":1,"estrato_mean":1.0,"np":1,"p2":79.9,"g22":12.2,"src":"2026","abs":75.1},"geometry":{"type":"Polygon","coordinates":[[[-74.1127,4.5403],[-74.1142,4.5396],[-74.1131,4.5392],[-74.1137,4.5379],[-74.1123,4.5383],[-74.1123,4.5375],[-74.1116,4.538],[-74.1099,4.5374],[-74.1088,4.539],[-74.1105,4.539],[-74.1084,4.5393],[-74.1127,4.5403]]]}},{"type":"Feature","properties":{"b":"Palo Blanco","loc":"Engativá","upz":"Las Ferias","uso":"Residencial","d":-6.1,"c":32.4,"a":46.5,"w":"A","cod":"005501","estrato":3,"estrato_mean":3.0,"np":3,"p2":47.2,"g22":10.4,"src":"2026","abs":32.7},"geometry":{"type":"Polygon","coordinates":[[[-74.0935,4.681],[-74.0915,4.684],[-74.095,4.6873],[-74.0973,4.684],[-74.0935,4.681]]]}},{"type":"Feature","properties":{"b":"San Antonio Norte","loc":"Usaquén","upz":"Verbenal","uso":"Residencial","d":-4.9,"c":34.8,"a":42.3,"w":"A","cod":"008523","estrato":3,"estrato_mean":3.0,"np":1,"p2":51.8,"g22":12.1,"src":"2026","abs":29.4},"geometry":{"type":"Polygon","coordinates":[[[-74.0246,4.7564],[-74.0259,4.7588],[-74.0313,4.7588],[-74.0313,4.7564],[-74.0246,4.7564]]]}},{"type":"Feature","properties":{"b":"El Nevado","loc":"Usme","upz":"Gran Yomasa","uso":"Residencial","d":-5.2,"c":64.6,"a":23.2,"w":"C","cod":"002631","estrato":1,"estrato_mean":1.06,"np":1,"p2":77.1,"g22":12.6,"src":"2026","abs":48.5},"geometry":{"type":"Polygon","coordinates":[[[-74.1124,4.53],[-74.1152,4.5301],[-74.1149,4.528],[-74.1134,4.5278],[-74.1136,4.5261],[-74.1131,4.5259],[-74.1139,4.5249],[-74.1115,4.5252],[-74.1091,4.5238],[-74.1093,4.5263],[-74.108,4.5261],[-74.1082,4.5283],[-74.1076,4.5282],[-74.1082,4.5288],[-74.1122,4.5295],[-74.1124,4.53]]]}},{"type":"Feature","properties":{"b":"San Pedro Sur","loc":"Usme","upz":"La Flora","uso":"Residencial","d":-2.1,"c":66.3,"a":18.0,"w":"C","cod":"001337","estrato":1,"estrato_mean":1.0,"np":1,"p2":81.4,"g22":13.0,"src":"2026","abs":43.9},"geometry":{"type":"Polygon","coordinates":[[[-74.083,4.5083],[-74.0832,4.509],[-74.0855,4.5082],[-74.0886,4.5088],[-74.0889,4.5057],[-74.0881,4.505],[-74.0859,4.5058],[-74.0861,4.5067],[-74.0827,4.5075],[-74.083,4.5083]]]}},{"type":"Feature","properties":{"b":"La Castellana","loc":"Barrios Unidos","upz":"Los Andes","uso":"Residencial","d":-5.6,"c":21.2,"a":54.8,"w":"A","cod":"005304","estrato":5,"estrato_mean":4.54,"np":4,"p2":35.9,"g22":9.5,"src":"2026","abs":31.6},"geometry":{"type":"Polygon","coordinates":[[[-74.061,4.6776],[-74.0585,4.679],[-74.0572,4.6868],[-74.0652,4.6891],[-74.0628,4.6835],[-74.0656,4.6789],[-74.0618,4.6783],[-74.061,4.6776]]]}},{"type":"Feature","properties":{"b":"Las Brisas","loc":"San Cristóbal","upz":"Sosiego","uso":"Residencial","d":-9.6,"c":61.4,"a":23.2,"w":"C","cod":"001101","estrato":2,"estrato_mean":2.0,"np":1,"p2":81.6,"g22":10.6,"src":"2026","abs":29.3},"geometry":{"type":"Polygon","coordinates":[[[-74.0811,4.581],[-74.079,4.5825],[-74.0818,4.5866],[-74.0822,4.5845],[-74.0847,4.5819],[-74.0811,4.581]]]}},{"type":"Feature","properties":{"b":"El Retiro","loc":"Chapinero","upz":"El Refugio","uso":"Residencial","d":-4.8,"c":6.5,"a":54.0,"w":"A","cod":"008310","estrato":5,"estrato_mean":5.41,"np":1,"p2":17.1,"g22":5.8,"src":"2026","abs":11.7},"geometry":{"type":"Polygon","coordinates":[[[-74.0487,4.6631],[-74.0468,4.6652],[-74.0553,4.67],[-74.0564,4.6678],[-74.0529,4.6657],[-74.0522,4.6668],[-74.0487,4.6631]]]}},{"type":"Feature","properties":{"b":"Comuneros","loc":"Puente Aranda","upz":"Ciudad Montes","uso":"Residencial","d":-8.1,"c":31.6,"a":46.8,"w":"A","cod":"004202","estrato":3,"estrato_mean":3.0,"np":3,"p2":47.7,"g22":9.3,"src":"2026","abs":29.0},"geometry":{"type":"Polygon","coordinates":[[[-74.1006,4.6034],[-74.098,4.6066],[-74.1032,4.6112],[-74.1068,4.6078],[-74.1006,4.6034]]]}},{"type":"Feature","properties":{"b":"San Martín","loc":"Santa Fe","upz":"Sagrado Corazón","uso":"Residencial","d":-5.4,"c":48.8,"a":26.2,"w":"C","cod":"008109","estrato":3,"estrato_mean":3.0,"np":2,"p2":65.3,"g22":11.1,"src":"2026","abs":38.5},"geometry":{"type":"Polygon","coordinates":[[[-74.069,4.6155],[-74.0669,4.6142],[-74.0657,4.6188],[-74.0677,4.6199],[-74.069,4.6155]]]}},{"type":"Feature","properties":{"b":"Bochica Ii","loc":"Engativá","upz":"Bolivia","uso":"Residencial","d":-7.7,"c":38.2,"a":39.1,"w":"A","cod":"005644","estrato":3,"estrato_mean":3.0,"np":3,"p2":57.0,"g22":11.6,"src":"2026","abs":23.4},"geometry":{"type":"Polygon","coordinates":[[[-74.1033,4.723],[-74.1151,4.7132],[-74.1101,4.708],[-74.1067,4.7155],[-74.1064,4.7151],[-74.1033,4.723]]]}},{"type":"Feature","properties":{"b":"Autopista Muzú Oriental","loc":"Puente Aranda","upz":"Muzú","uso":"Residencial","d":-7.7,"c":32.4,"a":46.6,"w":"A","cod":"004413","estrato":3,"estrato_mean":3.0,"np":1,"p2":52.5,"g22":12.3,"src":"2026","abs":27.9},"geometry":{"type":"Polygon","coordinates":[[[-74.1148,4.5979],[-74.1174,4.6],[-74.1198,4.5973],[-74.1204,4.5974],[-74.1232,4.5949],[-74.1232,4.5938],[-74.118,4.5946],[-74.1131,4.5961],[-74.1148,4.5979]]]}},{"type":"Feature","properties":{"b":"Banco Central","loc":"Teusaquillo","upz":"Galerías","uso":"Residencial","d":12.3,"c":42.7,"a":35.6,"w":"C","cod":"007208","estrato":4,"estrato_mean":3.75,"np":1,"p2":42.0,"g22":11.5,"src":"2026","abs":24.3},"geometry":{"type":"Polygon","coordinates":[[[-74.0718,4.6425],[-74.0722,4.6404],[-74.0695,4.6399],[-74.0686,4.6446],[-74.0713,4.645],[-74.0718,4.6425]]]}},{"type":"Feature","properties":{"b":"Lusitania","loc":"Kennedy","upz":"Bavaria","uso":"Residencial","d":-24.8,"c":35.6,"a":40.2,"w":"A","cod":"006509","estrato":2,"estrato_mean":2.5,"np":1,"p2":67.7,"g22":7.2,"src":"2026","abs":29.2},"geometry":{"type":"Polygon","coordinates":[[[-74.1259,4.6314],[-74.1261,4.6293],[-74.1223,4.6289],[-74.1195,4.636],[-74.1183,4.6373],[-74.1231,4.6409],[-74.1259,4.6314]]]}},{"type":"Feature","properties":{"b":"Arrayanes Vi","loc":"Rafael Uribe Uribe","upz":"Diana Turbay","uso":"Residencial","d":-9.4,"c":66.0,"a":21.0,"w":"C","cod":"002637","estrato":3,"estrato_mean":3.0,"np":1,"p2":84.5,"g22":9.1,"src":"2026","abs":36.7},"geometry":{"type":"Polygon","coordinates":[[[-74.1,4.5349],[-74.0986,4.5338],[-74.0981,4.5323],[-74.0959,4.5319],[-74.0969,4.5354],[-74.1002,4.5411],[-74.1024,4.5402],[-74.1033,4.5409],[-74.1032,4.5396],[-74.1042,4.5397],[-74.1037,4.5386],[-74.1022,4.5364],[-74.1,4.5349]]]}},{"type":"Feature","properties":{"b":"San Rafael Industrial","loc":"Puente Aranda","upz":"San Rafael","uso":"Residencial","d":-10.4,"c":36.8,"a":43.6,"w":"A","cod":"004301","estrato":3,"estrato_mean":3.0,"np":1,"p2":57.8,"g22":10.7,"src":"2026","abs":41.6},"geometry":{"type":"Polygon","coordinates":[[[-74.1118,4.6274],[-74.1145,4.6281],[-74.1157,4.6266],[-74.1108,4.6218],[-74.1069,4.6274],[-74.1118,4.6274]]]}},{"type":"Feature","properties":{"b":"Tocarema","loc":"Kennedy","upz":"Timiza","uso":"Residencial","d":-2.7,"c":55.6,"a":29.0,"w":"C","cod":"004565","estrato":2,"estrato_mean":2.1,"np":1,"p2":68.4,"g22":10.2,"src":"2026","abs":28.3},"geometry":{"type":"Polygon","coordinates":[[[-74.1631,4.6148],[-74.1644,4.6146],[-74.1671,4.6126],[-74.1665,4.6118],[-74.1657,4.6127],[-74.1657,4.6118],[-74.1643,4.6118],[-74.1643,4.6109],[-74.1599,4.6123],[-74.1612,4.614],[-74.1625,4.6136],[-74.1631,4.6148]]]}},{"type":"Feature","properties":{"b":"El Redil","loc":"Usaquén","upz":"La Uribe","uso":"Residencial","d":-5.7,"c":32.3,"a":41.3,"w":"A","cod":"008532","estrato":4,"estrato_mean":3.2,"np":1,"p2":53.7,"g22":15.6,"src":"2026","abs":30.4},"geometry":{"type":"Polygon","coordinates":[[[-74.0189,4.7552],[-74.0216,4.7544],[-74.0223,4.7549],[-74.0244,4.7537],[-74.0305,4.7543],[-74.0307,4.7529],[-74.025,4.752],[-74.0238,4.7504],[-74.0201,4.75],[-74.0201,4.7518],[-74.0241,4.7519],[-74.0228,4.7521],[-74.0231,4.7532],[-74.0189,4.7552]]]}},{"type":"Feature","properties":{"b":"La Gloria Oriental","loc":"San Cristóbal","upz":"La Gloria","uso":"Residencial","d":-9.3,"c":65.4,"a":19.8,"w":"C","cod":"001319","estrato":2,"estrato_mean":2.0,"np":2,"p2":84.4,"g22":9.8,"src":"2026","abs":31.9},"geometry":{"type":"Polygon","coordinates":[[[-74.0917,4.5483],[-74.0924,4.5491],[-74.0938,4.5482],[-74.095,4.5458],[-74.0919,4.5433],[-74.0891,4.5421],[-74.0872,4.5463],[-74.0904,4.547],[-74.0917,4.5483]]]}},{"type":"Feature","properties":{"b":"El Chanco I","loc":"Fontibón","upz":"Zona Franca","uso":"Industrial","d":-5.5,"c":46.7,"a":33.7,"w":"C","cod":"006525","estrato":2,"estrato_mean":2.0,"np":2,"p2":64.1,"g22":12.2,"src":"2026","abs":25.4},"geometry":{"type":"Polygon","coordinates":[[[-74.1637,4.69],[-74.1647,4.6908],[-74.1655,4.6901],[-74.1647,4.6881],[-74.1655,4.6866],[-74.1686,4.683],[-74.1683,4.6826],[-74.1711,4.6807],[-74.1717,4.678],[-74.1705,4.6777],[-74.1691,4.6758],[-74.1664,4.6784],[-74.1655,4.6781],[-74.165,4.6757],[-74.1607,4.6783],[-74.1605,4.6788],[-74.1626,4.6809],[-74.1595,4.6833],[-74.1568,4.6788],[-74.1549,4.68],[-74.1581,4.6853],[-74.1637,4.69]]]}},{"type":"Feature","properties":{"b":"Gilmar","loc":"Suba","upz":"Britalia","uso":"Residencial","d":-4.6,"c":13.8,"a":61.3,"w":"A","cod":"009114","estrato":3,"estrato_mean":3.37,"np":1,"p2":26.2,"g22":7.8,"src":"2026","abs":16.9},"geometry":{"type":"Polygon","coordinates":[[[-74.0688,4.7479],[-74.0695,4.7481],[-74.0715,4.7465],[-74.0717,4.7454],[-74.0607,4.7406],[-74.0594,4.7465],[-74.0688,4.7479]]]}},{"type":"Feature","properties":{"b":"El Corzo","loc":"Bosa","upz":"El Porvenir","uso":"Residencial","d":-3.6,"c":54.5,"a":27.8,"w":"C","cod":"004631","estrato":1,"estrato_mean":1.23,"np":1,"p2":70.4,"g22":12.3,"src":"2026","abs":25.4},"geometry":{"type":"Polygon","coordinates":[[[-74.1918,4.6411],[-74.192,4.6416],[-74.1943,4.6405],[-74.1887,4.6312],[-74.1851,4.6327],[-74.1888,4.6395],[-74.1906,4.6387],[-74.1918,4.6411]]]}},{"type":"Feature","properties":{"b":"Osorio X Urbano","loc":"Bosa","upz":"El Porvenir","uso":"Residencial","d":-5.2,"c":56.9,"a":26.8,"w":"C","cod":"004616","estrato":1,"estrato_mean":1.29,"np":2,"p2":75.0,"g22":11.7,"src":"2026","abs":29.1},"geometry":{"type":"Polygon","coordinates":[[[-74.1844,4.6442],[-74.1863,4.6441],[-74.1873,4.6461],[-74.1889,4.6456],[-74.1883,4.6444],[-74.1865,4.6442],[-74.1862,4.6435],[-74.1879,4.6426],[-74.1877,4.6422],[-74.1861,4.643],[-74.1854,4.6415],[-74.1862,4.6411],[-74.1852,4.6391],[-74.1826,4.6403],[-74.1818,4.6386],[-74.1843,4.6372],[-74.1841,4.6368],[-74.1829,4.6373],[-74.1826,4.6367],[-74.1838,4.6361],[-74.1826,4.6336],[-74.1799,4.6346],[-74.1844,4.6442]]]}},{"type":"Feature","properties":{"b":"El Vergel","loc":"Fontibón","upz":"Granjas De Techo","uso":"Industrial","d":-4.8,"c":43.4,"a":41.0,"w":"C","cod":"006528","estrato":2,"estrato_mean":1.95,"np":1,"p2":43.3,"g22":12.2,"src":"2026","abs":24.2},"geometry":{"type":"Polygon","coordinates":[[[-74.1342,4.6575],[-74.1358,4.6592],[-74.1394,4.6562],[-74.1386,4.6565],[-74.1373,4.6551],[-74.1369,4.6555],[-74.1346,4.6531],[-74.1323,4.6552],[-74.1342,4.6575]]]}},{"type":"Feature","properties":{"b":"San Carlos De Suba","loc":"Suba","upz":"Tibabuyes","uso":"Residencial","d":-3.7,"c":54.5,"a":28.0,"w":"C","cod":"009251","estrato":2,"estrato_mean":2.0,"np":1,"p2":70.0,"g22":11.8,"src":"2026","abs":31.3},"geometry":{"type":"Polygon","coordinates":[[[-74.1156,4.7477],[-74.1135,4.7475],[-74.1111,4.7516],[-74.1131,4.752],[-74.1137,4.751],[-74.1133,4.7506],[-74.1156,4.7477]]]}},{"type":"Feature","properties":{"b":"San Martín Sur","loc":"San Cristóbal","upz":"La Gloria","uso":"Residencial","d":-9.1,"c":63.3,"a":22.0,"w":"C","cod":"001321","estrato":2,"estrato_mean":1.77,"np":1,"p2":79.5,"g22":7.2,"src":"2026","abs":26.9},"geometry":{"type":"Polygon","coordinates":[[[-74.1007,4.5551],[-74.1019,4.5559],[-74.1033,4.5465],[-74.1013,4.549],[-74.101,4.5487],[-74.0997,4.5493],[-74.0965,4.5486],[-74.0955,4.5495],[-74.0948,4.5521],[-74.0974,4.5517],[-74.1007,4.5551]]]}},{"type":"Feature","properties":{"b":"El Plan","loc":"Suba","upz":"Casa Blanca Suba","uso":"Residencial","d":-16.8,"c":16.3,"a":57.2,"w":"A","cod":"009128","estrato":4,"estrato_mean":3.82,"np":2,"p2":27.2,"g22":8.0,"src":"2026","abs":13.5},"geometry":{"type":"Polygon","coordinates":[[[-74.064,4.7418],[-74.0717,4.7454],[-74.0725,4.7412],[-74.0738,4.7388],[-74.0723,4.7392],[-74.0703,4.7385],[-74.0678,4.7371],[-74.068,4.7366],[-74.0626,4.7347],[-74.0627,4.7333],[-74.0604,4.7328],[-74.06,4.7346],[-74.0626,4.7351],[-74.0607,4.7406],[-74.064,4.7418]]]}},{"type":"Feature","properties":{"b":"Ismael Perdomo","loc":"Ciudad Bolívar","upz":"Ismael Perdomo","uso":"Residencial","d":0.1,"c":65.6,"a":20.3,"w":"C","cod":"002414","estrato":1,"estrato_mean":1.24,"np":1,"p2":80.1,"g22":14.6,"src":"2026","abs":41.9},"geometry":{"type":"Polygon","coordinates":[[[-74.1672,4.5815],[-74.1697,4.5847],[-74.1707,4.5844],[-74.1702,4.5827],[-74.1713,4.5822],[-74.1715,4.58],[-74.1672,4.5815]]]}},{"type":"Feature","properties":{"b":"Barrancas","loc":"Usaquén","upz":"San Cristóbal Norte","uso":"Residencial","d":-7.2,"c":32.9,"a":43.1,"w":"A","cod":"008507","estrato":3,"estrato_mean":3.04,"np":1,"p2":51.7,"g22":11.6,"src":"2026","abs":22.4},"geometry":{"type":"Polygon","coordinates":[[[-74.024,4.7316],[-74.0321,4.7344],[-74.0321,4.7312],[-74.0246,4.7276],[-74.024,4.7316]]]}},{"type":"Feature","properties":{"b":"Catalina","loc":"Kennedy","upz":"Timiza","uso":"Residencial","d":-5.3,"c":49.7,"a":33.2,"w":"C","cod":"004545","estrato":3,"estrato_mean":2.6,"np":1,"p2":68.3,"g22":13.3,"src":"2026","abs":38.2},"geometry":{"type":"Polygon","coordinates":[[[-74.166,4.6135],[-74.1644,4.6144],[-74.1646,4.6148],[-74.1724,4.6132],[-74.17,4.6113],[-74.1713,4.6103],[-74.1703,4.6089],[-74.1687,4.6107],[-74.1685,4.6043],[-74.1667,4.6048],[-74.1665,4.6118],[-74.1671,4.6126],[-74.166,4.6135]]]}},{"type":"Feature","properties":{"b":"Terminal De Transportes","loc":"Fontibón","upz":"Ciudad Salitre Occidental","uso":"Dotacional","d":-3.2,"c":26.7,"a":48.1,"w":"A","cod":"006319","estrato":4,"estrato_mean":4.0,"np":1,"p2":40.4,"g22":10.5,"src":"2026","abs":25.2},"geometry":{"type":"Polygon","coordinates":[[[-74.1127,4.6518],[-74.1111,4.6536],[-74.1142,4.6585],[-74.1182,4.6537],[-74.1144,4.6497],[-74.1127,4.6518]]]}},{"type":"Feature","properties":{"b":"Lech Walesa","loc":"Suba","upz":"El Rincón","uso":"Residencial","d":-5.7,"c":53.1,"a":30.3,"w":"C","cod":"009227","estrato":2,"estrato_mean":2.0,"np":1,"p2":69.9,"g22":11.1,"src":"2026","abs":28.2},"geometry":{"type":"Polygon","coordinates":[[[-74.1004,4.7258],[-74.0992,4.7274],[-74.098,4.7275],[-74.0973,4.7284],[-74.1024,4.7308],[-74.1038,4.7281],[-74.1036,4.7266],[-74.1046,4.7261],[-74.1014,4.7256],[-74.1009,4.7267],[-74.1002,4.7262],[-74.1004,4.7258]]]}},{"type":"Feature","properties":{"b":"El Bagazal","loc":"Chapinero","upz":"El Refugio","uso":"Residencial","d":-4.8,"c":6.5,"a":54.0,"w":"A","cod":"008319","estrato":6,"estrato_mean":6.0,"np":1,"p2":17.1,"g22":5.8,"src":"2026","abs":11.7},"geometry":{"type":"Polygon","coordinates":[[[-74.0467,4.6546],[-74.0464,4.6564],[-74.0471,4.6569],[-74.0479,4.6553],[-74.0467,4.6546]]]}},{"type":"Feature","properties":{"b":"Ciudad Kennedy","loc":"Kennedy","upz":"Américas","uso":"Residencial","d":-6.5,"c":32.9,"a":44.5,"w":"A","cod":"004509","estrato":3,"estrato_mean":3.0,"np":1,"p2":49.8,"g22":10.5,"src":"2026","abs":27.4},"geometry":{"type":"Polygon","coordinates":[[[-74.138,4.6283],[-74.1397,4.6285],[-74.1452,4.626],[-74.1464,4.6241],[-74.142,4.6201],[-74.1419,4.6191],[-74.1395,4.6187],[-74.138,4.6283]]]}},{"type":"Feature","properties":{"b":"Arrayanes I","loc":"Usme","upz":"Parque Entrenubes","uso":"Residencial","d":-5.7,"c":60.4,"a":24.4,"w":"C","cod":"002601","estrato":1,"estrato_mean":1.0,"np":1,"p2":77.9,"g22":11.8,"src":"2026","abs":33.7},"geometry":{"type":"Polygon","coordinates":[[[-74.1017,4.546],[-74.1037,4.5453],[-74.1029,4.5424],[-74.1037,4.5423],[-74.1033,4.5409],[-74.1024,4.5402],[-74.1011,4.5406],[-74.1002,4.5411],[-74.1007,4.542],[-74.1003,4.5423],[-74.0989,4.5411],[-74.098,4.539],[-74.0972,4.54],[-74.0985,4.543],[-74.0999,4.5449],[-74.1017,4.546]]]}},{"type":"Feature","properties":{"b":"Las Dos Avenidas","loc":"Kennedy","upz":"Castilla","uso":"Residencial","d":-10.9,"c":37.0,"a":40.6,"w":"A","cod":"006508","estrato":3,"estrato_mean":3.0,"np":1,"p2":58.2,"g22":10.2,"src":"2026","abs":17.4},"geometry":{"type":"Polygon","coordinates":[[[-74.1409,4.6353],[-74.1424,4.6372],[-74.1455,4.6342],[-74.1503,4.6318],[-74.1378,4.6305],[-74.1372,4.6355],[-74.1402,4.6364],[-74.1409,4.6353]]]}},{"type":"Feature","properties":{"b":"Lombardía","loc":"Suba","upz":"El Rincón","uso":"Residencial","d":-8.6,"c":39.3,"a":38.8,"w":"C","cod":"009228","estrato":3,"estrato_mean":3.0,"np":1,"p2":59.5,"g22":11.5,"src":"2026","abs":17.1},"geometry":{"type":"Polygon","coordinates":[[[-74.0963,4.7465],[-74.1045,4.7509],[-74.1066,4.7476],[-74.1057,4.7475],[-74.1057,4.7464],[-74.0969,4.7457],[-74.0963,4.7465]]]}},{"type":"Feature","properties":{"b":"La Reforma","loc":"Usme","upz":"Alfonso López","uso":"Residencial","d":-5.2,"c":64.5,"a":21.2,"w":"C","cod":"002627","estrato":1,"estrato_mean":1.03,"np":1,"p2":75.1,"g22":10.6,"src":"2026","abs":31.6},"geometry":{"type":"Polygon","coordinates":[[[-74.103,4.5],[-74.1024,4.5035],[-74.1053,4.5026],[-74.1066,4.5001],[-74.1033,4.4979],[-74.103,4.5]]]}},{"type":"Feature","properties":{"b":"Los Andes","loc":"Usme","upz":"Ciudad Usme","uso":"Residencial","d":-12.0,"c":64.6,"a":22.3,"w":"C","cod":"102114","estrato":1,"estrato_mean":1.0,"np":1,"p2":87.9,"g22":11.3,"src":"2026","abs":80.0},"geometry":{"type":"Polygon","coordinates":[[[-74.1592,4.3651],[-74.164,4.367],[-74.1675,4.3698],[-74.1757,4.372],[-74.1767,4.3701],[-74.1759,4.3692],[-74.1783,4.3677],[-74.1784,4.3661],[-74.1811,4.3634],[-74.1814,4.3621],[-74.1798,4.3575],[-74.1763,4.357],[-74.1767,4.356],[-74.1756,4.3542],[-74.1782,4.3535],[-74.1786,4.3517],[-74.1783,4.3497],[-74.1768,4.3513],[-74.1762,4.3496],[-74.1782,4.3473],[-74.1784,4.3463],[-74.1756,4.3404],[-74.1762,4.3392],[-74.1763,4.3367],[-74.1754,4.3349],[-74.1759,4.3324],[-74.175,4.3314],[-74.1762,4.3271],[-74.1754,4.3257],[-74.1756,4.3227],[-74.1748,4.3221],[-74.1748,4.321],[-74.1735,4.3203],[-74.1712,4.3196],[-74.1701,4.3202],[-74.1681,4.32],[-74.1674,4.3187],[-74.1625,4.3175],[-74.1574,4.3143],[-74.1575,4.3178],[-74.1583,4.3196],[-74.1579,4.3208],[-74.1593,4.3232],[-74.161,4.329],[-74.1592,4.3651]]]}},{"type":"Feature","properties":{"b":"San Cristóbal Sur","loc":"San Cristóbal","upz":"Sosiego","uso":"Residencial","d":-6.3,"c":56.9,"a":25.8,"w":"C","cod":"001108","estrato":2,"estrato_mean":2.06,"np":4,"p2":75.0,"g22":12.3,"src":"2026","abs":37.6},"geometry":{"type":"Polygon","coordinates":[[[-74.0853,4.5756],[-74.0859,4.5757],[-74.0872,4.5744],[-74.0856,4.5726],[-74.0856,4.5695],[-74.0847,4.5699],[-74.0852,4.5702],[-74.0845,4.5699],[-74.0827,4.5707],[-74.0799,4.568],[-74.0783,4.5673],[-74.0779,4.5683],[-74.0753,4.5675],[-74.0753,4.569],[-74.0745,4.5694],[-74.0713,4.5664],[-74.0702,4.5676],[-74.0709,4.5674],[-74.0724,4.5693],[-74.0753,4.5704],[-74.082,4.575],[-74.0831,4.5737],[-74.0833,4.5744],[-74.0853,4.5756]]]}},{"type":"Feature","properties":{"b":"San Gabriel Norte Ii","loc":"Usaquén","upz":"Usaquén","uso":"Comercial","d":-3.8,"c":22.5,"a":51.5,"w":"A","cod":"008426","estrato":6,"estrato_mean":6.0,"np":1,"p2":37.0,"g22":10.7,"src":"2026","abs":53.6},"geometry":{"type":"Polygon","coordinates":[[[-74.0257,4.701],[-74.0283,4.702],[-74.0285,4.7009],[-74.0261,4.7],[-74.0257,4.701]]]}},{"type":"Feature","properties":{"b":"Ospina Pérez","loc":"Puente Aranda","upz":"Muzú","uso":"Residencial","d":-8.1,"c":42.3,"a":38.0,"w":"C","cod":"004406","estrato":3,"estrato_mean":3.0,"np":2,"p2":62.0,"g22":11.7,"src":"2026","abs":37.2},"geometry":{"type":"Polygon","coordinates":[[[-74.1274,4.599],[-74.1268,4.5997],[-74.1292,4.6021],[-74.1319,4.5991],[-74.1291,4.5968],[-74.1274,4.599]]]}},{"type":"Feature","properties":{"b":"La Carolina De Suba","loc":"Suba","upz":"Tibabuyes","uso":"Residencial","d":-5.7,"c":53.1,"a":30.3,"w":"C","cod":"009236","estrato":2,"estrato_mean":2.0,"np":1,"p2":69.9,"g22":11.1,"src":"2026","abs":28.2},"geometry":{"type":"Polygon","coordinates":[[[-74.1046,4.7303],[-74.106,4.73],[-74.1078,4.7268],[-74.1066,4.7259],[-74.1036,4.7266],[-74.1038,4.7281],[-74.1031,4.7295],[-74.1045,4.7293],[-74.105,4.7297],[-74.1046,4.7303]]]}},{"type":"Feature","properties":{"b":"Meissen","loc":"Ciudad Bolívar","upz":"Lucero","uso":"Residencial","d":-5.3,"c":61.0,"a":24.7,"w":"C","cod":"002514","estrato":1,"estrato_mean":1.38,"np":1,"p2":78.3,"g22":12.0,"src":"2026","abs":38.5},"geometry":{"type":"Polygon","coordinates":[[[-74.1346,4.561],[-74.1374,4.5625],[-74.1376,4.5615],[-74.1391,4.5608],[-74.1381,4.5568],[-74.135,4.556],[-74.1353,4.5573],[-74.1323,4.5576],[-74.132,4.5594],[-74.1346,4.561]]]}},{"type":"Feature","properties":{"b":"Los Molinos","loc":"Rafael Uribe Uribe","upz":"Marruecos","uso":"Residencial","d":-5.8,"c":55.8,"a":27.2,"w":"C","cod":"001417","estrato":2,"estrato_mean":2.0,"np":1,"p2":70.1,"g22":13.8,"src":"2026","abs":37.5},"geometry":{"type":"Polygon","coordinates":[[[-74.1075,4.558],[-74.1092,4.558],[-74.1093,4.5568],[-74.1098,4.5567],[-74.1114,4.5574],[-74.1125,4.5552],[-74.1086,4.5529],[-74.1078,4.5568],[-74.1071,4.5568],[-74.1075,4.558]]]}},{"type":"Feature","properties":{"b":"Potosí","loc":"Ciudad Bolívar","upz":"Jerusalén","uso":"Residencial","d":-5.1,"c":61.1,"a":24.0,"w":"C","cod":"002431","estrato":1,"estrato_mean":1.0,"np":2,"p2":76.7,"g22":12.3,"src":"2026","abs":42.5},"geometry":{"type":"Polygon","coordinates":[[[-74.1711,4.5718],[-74.1733,4.5713],[-74.1731,4.5701],[-74.171,4.5661],[-74.1692,4.5663],[-74.1677,4.5674],[-74.1678,4.5698],[-74.1691,4.5711],[-74.1711,4.5718]]]}},{"type":"Feature","properties":{"b":"La Alameda","loc":"Ciudad Bolívar","upz":"Lucero","uso":"Residencial","d":-6.8,"c":57.1,"a":27.0,"w":"C","cod":"002523","estrato":2,"estrato_mean":2.0,"np":1,"p2":76.5,"g22":12.5,"src":"2026","abs":50.0},"geometry":{"type":"Polygon","coordinates":[[[-74.1368,4.5522],[-74.14,4.5521],[-74.1394,4.5499],[-74.1404,4.5493],[-74.1405,4.5487],[-74.1398,4.5489],[-74.1397,4.548],[-74.1411,4.5476],[-74.1413,4.5467],[-74.1392,4.5467],[-74.1393,4.5472],[-74.1372,4.5477],[-74.1368,4.5522]]]}},{"type":"Feature","properties":{"b":"Marandu","loc":"Engativá","upz":"Engativá","uso":"Residencial","d":-4.7,"c":42.0,"a":38.0,"w":"C","cod":"005665","estrato":2,"estrato_mean":2.0,"np":1,"p2":59.5,"g22":12.8,"src":"2026","abs":29.2},"geometry":{"type":"Polygon","coordinates":[[[-74.1336,4.7122],[-74.1343,4.7107],[-74.1334,4.7055],[-74.1371,4.7045],[-74.1339,4.7019],[-74.1315,4.7047],[-74.1308,4.7042],[-74.1305,4.7046],[-74.1319,4.7056],[-74.1299,4.708],[-74.1336,4.7122]]]}},{"type":"Feature","properties":{"b":"Vereda Suba Cerros Ii","loc":"Suba","upz":"Casa Blanca Suba","uso":"Residencial","d":-7.4,"c":14.6,"a":57.6,"w":"A","cod":"009265","estrato":2,"estrato_mean":3.35,"np":1,"p2":31.0,"g22":9.1,"src":"2026","abs":12.9},"geometry":{"type":"Polygon","coordinates":[[[-74.0678,4.7618],[-74.0696,4.7626],[-74.0735,4.7602],[-74.0728,4.7598],[-74.074,4.7577],[-74.0731,4.7573],[-74.0742,4.7545],[-74.0751,4.7545],[-74.0764,4.7517],[-74.0773,4.7513],[-74.076,4.7505],[-74.0758,4.748],[-74.075,4.7485],[-74.075,4.7492],[-74.0736,4.7491],[-74.0735,4.7496],[-74.0728,4.7487],[-74.0712,4.7491],[-74.0713,4.7566],[-74.0693,4.7562],[-74.0683,4.7573],[-74.0663,4.7574],[-74.0665,4.7585],[-74.0691,4.7589],[-74.0678,4.7618]]]}},{"type":"Feature","properties":{"b":"Rionegro","loc":"Barrios Unidos","upz":"Los Andes","uso":"Residencial","d":-5.4,"c":33.8,"a":44.2,"w":"A","cod":"005308","estrato":3,"estrato_mean":3.0,"np":2,"p2":49.4,"g22":9.2,"src":"2026","abs":29.1},"geometry":{"type":"Polygon","coordinates":[[[-74.0652,4.6891],[-74.0657,4.6855],[-74.0689,4.6823],[-74.069,4.6816],[-74.0656,4.6789],[-74.0628,4.6835],[-74.0652,4.6891]]]}},{"type":"Feature","properties":{"b":"Ciudad Bolívar","loc":"Ciudad Bolívar","upz":"Jerusalén","uso":"Residencial","d":-6.9,"c":71.4,"a":16.8,"w":"C","cod":"002453","estrato":1,"estrato_mean":1.0,"np":1,"p2":86.8,"g22":8.5,"src":"2026","abs":37.4},"geometry":{"type":"Polygon","coordinates":[[[-74.1733,4.5713],[-74.175,4.5721],[-74.1799,4.57],[-74.1786,4.5682],[-74.1784,4.564],[-74.1768,4.5601],[-74.1772,4.5581],[-74.1766,4.5558],[-74.1774,4.5539],[-74.1745,4.5529],[-74.1742,4.5502],[-74.1717,4.5499],[-74.1716,4.5521],[-74.1694,4.5519],[-74.1695,4.5497],[-74.1664,4.5497],[-74.1629,4.5525],[-74.1714,4.5667],[-74.1733,4.5713]]]}},{"type":"Feature","properties":{"b":"Chucua De La Vaca I","loc":"Kennedy","upz":"Corabastos","uso":"Residencial","d":-4.8,"c":48.2,"a":33.3,"w":"C","cod":"004621","estrato":2,"estrato_mean":2.0,"np":1,"p2":62.6,"g22":9.5,"src":"2026","abs":28.3},"geometry":{"type":"Polygon","coordinates":[[[-74.1697,4.6281],[-74.1694,4.6277],[-74.1682,4.6281],[-74.1678,4.6273],[-74.1693,4.6257],[-74.1676,4.6212],[-74.1641,4.6238],[-74.1685,4.6295],[-74.1697,4.6281]]]}},{"type":"Feature","properties":{"b":"Entrerios","loc":"Barrios Unidos","upz":"Los Andes","uso":"Residencial","d":-2.8,"c":24.8,"a":48.4,"w":"A","cod":"005306","estrato":4,"estrato_mean":4.0,"np":1,"p2":38.2,"g22":10.7,"src":"2026","abs":29.6},"geometry":{"type":"Polygon","coordinates":[[[-74.0769,4.6849],[-74.0773,4.6854],[-74.0793,4.6838],[-74.0786,4.684],[-74.0757,4.6797],[-74.0741,4.6784],[-74.0728,4.6811],[-74.0744,4.6817],[-74.0739,4.6827],[-74.0753,4.6833],[-74.0746,4.6845],[-74.0769,4.6849]]]}},{"type":"Feature","properties":{"b":"Santa Isabel","loc":"Los Mártires","upz":"Santa Isabel","uso":"Residencial","d":-5.7,"c":34.0,"a":46.9,"w":"A","cod":"004108","estrato":3,"estrato_mean":3.0,"np":1,"p2":55.1,"g22":9.9,"src":"2026","abs":14.7},"geometry":{"type":"Polygon","coordinates":[[[-74.1006,4.6034],[-74.1036,4.6009],[-74.0979,4.5965],[-74.0956,4.5998],[-74.1006,4.6034]]]}},{"type":"Feature","properties":{"b":"El Recuerdo","loc":"Teusaquillo","upz":"Quinta Paredes","uso":"Residencial","d":-6.3,"c":39.0,"a":45.7,"w":"A","cod":"006201","estrato":4,"estrato_mean":4.0,"np":1,"p2":59.2,"g22":13.9,"src":"2026","abs":45.7},"geometry":{"type":"Polygon","coordinates":[[[-74.092,4.6359],[-74.0867,4.6276],[-74.083,4.63],[-74.084,4.6321],[-74.0901,4.6345],[-74.092,4.6359]]]}},{"type":"Feature","properties":{"b":"Ronda","loc":"Ciudad Bolívar","upz":"San Francisco","uso":"Residencial","d":-1.8,"c":62.2,"a":21.4,"w":"C","cod":"002518","estrato":2,"estrato_mean":2.0,"np":1,"p2":74.4,"g22":10.4,"src":"2026","abs":48.3},"geometry":{"type":"Polygon","coordinates":[[[-74.1406,4.5668],[-74.1404,4.5683],[-74.1417,4.5689],[-74.1405,4.5693],[-74.1406,4.5706],[-74.1421,4.5707],[-74.1425,4.5699],[-74.1432,4.5681],[-74.1426,4.5665],[-74.1451,4.5676],[-74.1416,4.5628],[-74.1384,4.5609],[-74.1374,4.5625],[-74.1378,4.5633],[-74.1402,4.5646],[-74.1406,4.5668]]]}},{"type":"Feature","properties":{"b":"Cerros De Oriente","loc":"Rafael Uribe Uribe","upz":"Marruecos","uso":"Residencial","d":-6.9,"c":56.7,"a":26.2,"w":"C","cod":"001428","estrato":2,"estrato_mean":2.0,"np":1,"p2":74.9,"g22":11.3,"src":"2026","abs":37.7},"geometry":{"type":"Polygon","coordinates":[[[-74.1062,4.5638],[-74.1065,4.5628],[-74.1073,4.5628],[-74.1065,4.5618],[-74.1069,4.561],[-74.1083,4.5627],[-74.1093,4.5586],[-74.1071,4.5577],[-74.1085,4.5531],[-74.107,4.5536],[-74.1061,4.5529],[-74.1062,4.5515],[-74.1037,4.5464],[-74.1028,4.5486],[-74.1019,4.5559],[-74.1038,4.5606],[-74.1062,4.5638]]]}},{"type":"Feature","properties":{"b":"Bolivia Oriental","loc":"Engativá","upz":"Bolivia","uso":"Residencial","d":-10.9,"c":34.4,"a":39.5,"w":"A","cod":"005640","estrato":3,"estrato_mean":3.0,"np":1,"p2":57.7,"g22":12.4,"src":"2026","abs":16.0},"geometry":{"type":"Polygon","coordinates":[[[-74.1041,4.7242],[-74.104,4.7254],[-74.1107,4.7212],[-74.1146,4.7141],[-74.1056,4.721],[-74.1034,4.7233],[-74.1041,4.7242]]]}},{"type":"Feature","properties":{"b":"Villas El Diamante","loc":"Ciudad Bolívar","upz":"Lucero","uso":"Residencial","d":-0.4,"c":70.9,"a":16.8,"w":"C","cod":"002558","estrato":1,"estrato_mean":1.0,"np":1,"p2":83.9,"g22":12.7,"src":"2026","abs":38.3},"geometry":{"type":"Polygon","coordinates":[[[-74.1529,4.552],[-74.1537,4.5543],[-74.1543,4.553],[-74.1542,4.5504],[-74.1555,4.5491],[-74.1546,4.5477],[-74.1522,4.5495],[-74.1529,4.552]]]}},{"type":"Feature","properties":{"b":"Santa Rosa","loc":"Ciudad Bolívar","upz":"Ciudad Usme","uso":"Residencial","d":-20.9,"c":63.0,"a":15.1,"w":"C","cod":"104112","estrato":1,"estrato_mean":1.0,"np":1,"p2":91.5,"g22":7.5,"src":"2026","abs":78.8},"geometry":{"type":"Polygon","coordinates":[[[-74.1613,4.4096],[-74.1622,4.4106],[-74.1634,4.4102],[-74.1639,4.411],[-74.1705,4.4134],[-74.1707,4.4129],[-74.1686,4.409],[-74.1689,4.4035],[-74.1678,4.4003],[-74.1689,4.3997],[-74.1667,4.391],[-74.1673,4.3905],[-74.1658,4.3877],[-74.1651,4.3875],[-74.1627,4.3895],[-74.161,4.3888],[-74.1587,4.39],[-74.1569,4.389],[-74.1553,4.3893],[-74.1508,4.3869],[-74.1545,4.3906],[-74.1553,4.3927],[-74.1553,4.3955],[-74.1568,4.3973],[-74.1574,4.3993],[-74.1586,4.4073],[-74.1613,4.4096]]]}},{"type":"Feature","properties":{"b":"Rincón Del Chicó","loc":"Usaquén","upz":"Usaquén","uso":"Comercial","d":-4.5,"c":10.8,"a":57.6,"w":"A","cod":"008411","estrato":6,"estrato_mean":5.52,"np":1,"p2":24.0,"g22":8.6,"src":"2026","abs":19.7},"geometry":{"type":"Polygon","coordinates":[[[-74.0446,4.6834],[-74.0421,4.6884],[-74.0459,4.6905],[-74.0474,4.6879],[-74.048,4.6849],[-74.0446,4.6834]]]}},{"type":"Feature","properties":{"b":"Sagrado Corazón","loc":"Santa Fe","upz":"Sagrado Corazón","uso":"Residencial","d":-8.2,"c":44.0,"a":28.8,"w":"C","cod":"008101","estrato":3,"estrato_mean":3.0,"np":1,"p2":64.6,"g22":12.4,"src":"2026","abs":39.1},"geometry":{"type":"Polygon","coordinates":[[[-74.0671,4.6214],[-74.0658,4.6258],[-74.0684,4.6285],[-74.0695,4.6227],[-74.0671,4.6214]]]}},{"type":"Feature","properties":{"b":"Potosí","loc":"Suba","upz":"La Floresta","uso":"Residencial","d":-3.4,"c":15.3,"a":58.5,"w":"A","cod":"005401","estrato":4,"estrato_mean":4.43,"np":1,"p2":26.5,"g22":7.8,"src":"2026","abs":28.1},"geometry":{"type":"Polygon","coordinates":[[[-74.0786,4.703],[-74.0814,4.7042],[-74.0813,4.7015],[-74.0826,4.698],[-74.085,4.6967],[-74.0857,4.6972],[-74.0851,4.695],[-74.0841,4.6941],[-74.0809,4.6932],[-74.0816,4.6948],[-74.0791,4.696],[-74.077,4.6991],[-74.0749,4.698],[-74.0699,4.6993],[-74.0706,4.7021],[-74.073,4.7017],[-74.0786,4.703]]]}},{"type":"Feature","properties":{"b":"Las Margaritas","loc":"Kennedy","upz":"Las Margaritas","uso":"Residencial","d":-5.9,"c":52.5,"a":29.9,"w":"C","cod":"004316","estrato":2,"estrato_mean":2.0,"np":2,"p2":70.7,"g22":12.5,"src":"2026","abs":23.1},"geometry":{"type":"Polygon","coordinates":[[[-74.1806,4.636],[-74.1774,4.6289],[-74.1766,4.624],[-74.1738,4.6269],[-74.1703,4.6276],[-74.1761,4.6388],[-74.1806,4.636]]]}},{"type":"Feature","properties":{"b":"Los Laureles","loc":"Bosa","upz":"Bosa Central","uso":"Residencial","d":-4.4,"c":61.3,"a":23.1,"w":"C","cod":"004575","estrato":2,"estrato_mean":2.0,"np":2,"p2":77.9,"g22":12.5,"src":"2026","abs":37.3},"geometry":{"type":"Polygon","coordinates":[[[-74.2003,4.6172],[-74.2017,4.6195],[-74.2028,4.6186],[-74.2028,4.6174],[-74.2052,4.6155],[-74.2062,4.6119],[-74.203,4.6095],[-74.2022,4.6108],[-74.2016,4.6107],[-74.2014,4.6121],[-74.2005,4.6118],[-74.1999,4.6172],[-74.2003,4.6172]]]}},{"type":"Feature","properties":{"b":"Samore","loc":"Tunjuelito","upz":"Venecia","uso":"Residencial","d":-7.4,"c":50.7,"a":32.0,"w":"C","cod":"002406","estrato":2,"estrato_mean":2.0,"np":4,"p2":69.3,"g22":11.7,"src":"2026","abs":36.8},"geometry":{"type":"Polygon","coordinates":[[[-74.1317,4.5798],[-74.1295,4.5801],[-74.1309,4.5859],[-74.1373,4.5847],[-74.1317,4.5798]]]}},{"type":"Feature","properties":{"b":"Ciudad Techo Ii","loc":"Kennedy","upz":"Castilla","uso":"Residencial","d":-6.2,"c":40.1,"a":40.0,"w":"C","cod":"006531","estrato":2,"estrato_mean":2.39,"np":1,"p2":51.7,"g22":11.0,"src":"2026","abs":14.4},"geometry":{"type":"Polygon","coordinates":[[[-74.1509,4.6449],[-74.1573,4.6398],[-74.1561,4.6376],[-74.1552,4.638],[-74.1544,4.6364],[-74.1561,4.6347],[-74.1553,4.6339],[-74.15,4.6391],[-74.1493,4.6371],[-74.1468,4.6387],[-74.1445,4.6424],[-74.1469,4.6439],[-74.1477,4.6426],[-74.149,4.6441],[-74.1497,4.6435],[-74.1509,4.6449]]]}},{"type":"Feature","properties":{"b":"La Estanzuela","loc":"Los Mártires","upz":"La Sabana","uso":"Comercial","d":-5.6,"c":24.3,"a":63.0,"w":"A","cod":"004104","estrato":3,"estrato_mean":3.0,"np":1,"p2":50.1,"g22":8.1,"src":"2026","abs":39.2},"geometry":{"type":"Polygon","coordinates":[[[-74.0916,4.5974],[-74.0847,4.5971],[-74.0829,4.5994],[-74.0858,4.601],[-74.0866,4.6017],[-74.0862,4.6022],[-74.0895,4.6047],[-74.0915,4.6017],[-74.0894,4.6002],[-74.0916,4.5974]]]}},{"type":"Feature","properties":{"b":"Liliana","loc":"Usme","upz":"La Flora","uso":"Residencial","d":-2.1,"c":66.3,"a":18.0,"w":"C","cod":"102211","estrato":1,"estrato_mean":1.0,"np":1,"p2":81.4,"g22":13.0,"src":"2026","abs":43.9},"geometry":{"type":"Polygon","coordinates":[[[-74.0884,4.5119],[-74.092,4.5113],[-74.092,4.5091],[-74.0946,4.5089],[-74.0944,4.5056],[-74.0882,4.5051],[-74.0889,4.5057],[-74.0881,4.5104],[-74.0884,4.5119]]]}},{"type":"Feature","properties":{"b":"Galán","loc":"Puente Aranda","upz":"San Rafael","uso":"Residencial","d":-8.7,"c":39.8,"a":40.5,"w":"A","cod":"004304","estrato":3,"estrato_mean":3.0,"np":2,"p2":59.3,"g22":11.0,"src":"2026","abs":28.8},"geometry":{"type":"Polygon","coordinates":[[[-74.119,4.619],[-74.1242,4.6242],[-74.1262,4.6182],[-74.1245,4.6183],[-74.1239,4.6146],[-74.1222,4.6121],[-74.1224,4.6133],[-74.1156,4.616],[-74.119,4.619]]]}},{"type":"Feature","properties":{"b":"Garcés Navas Oriental","loc":"Engativá","upz":"Garcés Navas","uso":"Residencial","d":-6.9,"c":38.2,"a":40.2,"w":"A","cod":"005628","estrato":3,"estrato_mean":3.0,"np":3,"p2":54.0,"g22":11.3,"src":"2026","abs":30.1},"geometry":{"type":"Polygon","coordinates":[[[-74.1151,4.7132],[-74.1168,4.7155],[-74.1181,4.7136],[-74.1175,4.7129],[-74.1182,4.7137],[-74.1176,4.7128],[-74.1211,4.7089],[-74.1201,4.7083],[-74.1216,4.7057],[-74.1204,4.705],[-74.1188,4.7075],[-74.1174,4.7063],[-74.1156,4.7098],[-74.116,4.71],[-74.1147,4.7127],[-74.1151,4.7132]]]}},{"type":"Feature","properties":{"b":"Alaska","loc":"Usme","upz":"Danubio","uso":"Residencial","d":-4.0,"c":60.4,"a":23.3,"w":"C","cod":"002551","estrato":1,"estrato_mean":1.0,"np":1,"p2":78.1,"g22":13.6,"src":"2026","abs":37.3},"geometry":{"type":"Polygon","coordinates":[[[-74.1135,4.5309],[-74.1138,4.5302],[-74.1122,4.5295],[-74.1082,4.5288],[-74.1107,4.5304],[-74.1135,4.5309]]]}},{"type":"Feature","properties":{"b":"Santa Ana Sur","loc":"San Cristóbal","upz":"Sosiego","uso":"Residencial","d":-6.4,"c":48.9,"a":31.3,"w":"C","cod":"001111","estrato":3,"estrato_mean":3.0,"np":1,"p2":66.6,"g22":11.2,"src":"2026","abs":53.3},"geometry":{"type":"Polygon","coordinates":[[[-74.0855,4.5794],[-74.0858,4.5803],[-74.0881,4.5772],[-74.0826,4.5738],[-74.082,4.575],[-74.0846,4.577],[-74.0841,4.5777],[-74.0832,4.5771],[-74.0851,4.5798],[-74.0855,4.5794]]]}},{"type":"Feature","properties":{"b":"Las Acacias","loc":"Ciudad Bolívar","upz":"San Francisco","uso":"Residencial","d":-5.4,"c":58.6,"a":25.6,"w":"C","cod":"002513","estrato":2,"estrato_mean":2.0,"np":3,"p2":74.7,"g22":12.3,"src":"2026","abs":32.6},"geometry":{"type":"Polygon","coordinates":[[[-74.1446,4.5605],[-74.1441,4.5601],[-74.1451,4.5572],[-74.1429,4.5569],[-74.1434,4.5588],[-74.1398,4.5618],[-74.1419,4.5631],[-74.1451,4.5676],[-74.1467,4.5668],[-74.1472,4.5672],[-74.1478,4.5664],[-74.1461,4.561],[-74.1444,4.5614],[-74.1446,4.5605]]]}},{"type":"Feature","properties":{"b":"Quindío","loc":"San Cristóbal","upz":"La Gloria","uso":"Residencial","d":-6.0,"c":64.8,"a":19.6,"w":"C","cod":"001318","estrato":2,"estrato_mean":2.0,"np":1,"p2":81.9,"g22":11.1,"src":"2026","abs":36.7},"geometry":{"type":"Polygon","coordinates":[[[-74.0774,4.5373],[-74.0759,4.5406],[-74.0828,4.54],[-74.0838,4.5387],[-74.0834,4.5367],[-74.0788,4.5344],[-74.0787,4.5378],[-74.0774,4.5373]]]}},{"type":"Feature","properties":{"b":"La Cabaña","loc":"Bosa","upz":"El Porvenir","uso":"Residencial","d":-3.6,"c":54.5,"a":27.8,"w":"C","cod":"004632","estrato":1,"estrato_mean":1.26,"np":1,"p2":70.4,"g22":12.3,"src":"2026","abs":25.4},"geometry":{"type":"Polygon","coordinates":[[[-74.1912,4.6352],[-74.1942,4.6335],[-74.1921,4.63],[-74.1888,4.6313],[-74.1912,4.6352]]]}},{"type":"Feature","properties":{"b":"Cañaveralejo","loc":"Bosa","upz":"El Porvenir","uso":"Residencial","d":-4.0,"c":55.8,"a":27.6,"w":"C","cod":"004634","estrato":1,"estrato_mean":1.09,"np":2,"p2":71.3,"g22":12.1,"src":"2026","abs":32.7},"geometry":{"type":"Polygon","coordinates":[[[-74.1963,4.6439],[-74.1971,4.6453],[-74.1992,4.6441],[-74.1987,4.6434],[-74.1981,4.6438],[-74.1992,4.6421],[-74.2001,4.6436],[-74.2009,4.6438],[-74.1992,4.6417],[-74.2021,4.6409],[-74.2003,4.6374],[-74.1942,4.6405],[-74.1963,4.6439]]]}},{"type":"Feature","properties":{"b":"Villa Anny I","loc":"Bosa","upz":"Bosa Central","uso":"Residencial","d":-2.9,"c":58.4,"a":26.7,"w":"C","cod":"004598","estrato":2,"estrato_mean":2.0,"np":1,"p2":73.3,"g22":12.0,"src":"2026","abs":25.3},"geometry":{"type":"Polygon","coordinates":[[[-74.1987,4.6064],[-74.1997,4.6071],[-74.2008,4.6062],[-74.2024,4.6062],[-74.2026,4.6067],[-74.2079,4.6039],[-74.2043,4.5995],[-74.2038,4.6009],[-74.1998,4.5999],[-74.2006,4.6049],[-74.2001,4.6054],[-74.1992,4.6048],[-74.1987,4.6064]]]}},{"type":"Feature","properties":{"b":"Parque El Tunal","loc":"Tunjuelito","upz":"Venecia","uso":"Residencial","d":-8.4,"c":45.9,"a":34.5,"w":"C","cod":"002410","estrato":2,"estrato_mean":2.0,"np":2,"p2":65.9,"g22":11.8,"src":"2026","abs":40.9},"geometry":{"type":"Polygon","coordinates":[[[-74.1302,4.5753],[-74.1306,4.5768],[-74.1398,4.5731],[-74.1404,4.5755],[-74.1412,4.5764],[-74.1409,4.5752],[-74.1429,4.5741],[-74.1432,4.5729],[-74.1419,4.5717],[-74.1421,4.5707],[-74.1405,4.5705],[-74.1405,4.5693],[-74.1417,4.5689],[-74.1404,4.5683],[-74.1406,4.5668],[-74.1375,4.5672],[-74.1289,4.5706],[-74.1302,4.5753]]]}},{"type":"Feature","properties":{"b":"La Orquídea De Usme","loc":"Usme","upz":"Alfonso López","uso":"Residencial","d":-5.2,"c":61.0,"a":25.5,"w":"C","cod":"002614","estrato":1,"estrato_mean":1.0,"np":1,"p2":75.6,"g22":10.6,"src":"2026","abs":36.7},"geometry":{"type":"Polygon","coordinates":[[[-74.1073,4.4982],[-74.108,4.4944],[-74.107,4.4935],[-74.1054,4.4954],[-74.1073,4.4982]]]}},{"type":"Feature","properties":{"b":"San Luis Altos Del Cabo Rural","loc":"Chapinero","upz":"San Isidro - Patios","uso":"Residencial","d":-3.9,"c":54.1,"a":26.6,"w":"C","cod":"208110","estrato":6,"estrato_mean":6.0,"np":1,"p2":71.4,"g22":13.4,"src":"2026","abs":37.1},"geometry":{"type":"Polygon","coordinates":[[[-74.0253,4.6709],[-74.0253,4.6715],[-74.0259,4.6717],[-74.0261,4.6709],[-74.0257,4.6704],[-74.0253,4.6709]]]}},{"type":"Feature","properties":{"b":"Páramo Iv","loc":"Chapinero","upz":"San Isidro - Patios","uso":"Residencial","d":-5.7,"c":42.2,"a":36.7,"w":"C","cod":"208101","estrato":6,"estrato_mean":6.0,"np":1,"p2":59.2,"g22":11.3,"src":"2026","abs":42.4},"geometry":{"type":"Polygon","coordinates":[[[-74.0186,4.6726],[-74.0192,4.6737],[-74.0194,4.6726],[-74.02,4.6724],[-74.0188,4.6719],[-74.0186,4.6726]]]}},{"type":"Feature","properties":{"b":"La Serena","loc":"Engativá","upz":"Minuto De Dios","uso":"Residencial","d":-4.7,"c":37.0,"a":40.8,"w":"A","cod":"005613","estrato":3,"estrato_mean":2.46,"np":1,"p2":53.4,"g22":11.7,"src":"2026","abs":22.2},"geometry":{"type":"Polygon","coordinates":[[[-74.0926,4.7109],[-74.0933,4.7114],[-74.0952,4.7091],[-74.0923,4.7065],[-74.0924,4.7039],[-74.0894,4.7056],[-74.0878,4.7047],[-74.0881,4.706],[-74.0899,4.7071],[-74.0898,4.708],[-74.0907,4.7089],[-74.0902,4.7098],[-74.0907,4.7107],[-74.0926,4.7109]]]}},{"type":"Feature","properties":{"b":"El Curubo","loc":"Usme","upz":"Gran Yomasa","uso":"Residencial","d":-5.2,"c":61.3,"a":23.9,"w":"C","cod":"002606","estrato":1,"estrato_mean":1.4,"np":1,"p2":77.7,"g22":11.3,"src":"2026","abs":36.2},"geometry":{"type":"Polygon","coordinates":[[[-74.1066,4.5119],[-74.1062,4.5092],[-74.1028,4.5102],[-74.1029,4.5128],[-74.1066,4.5119]]]}},{"type":"Feature","properties":{"b":"Caracolí","loc":"Ciudad Bolívar","upz":"Ismael Perdomo","uso":"Residencial","d":-0.9,"c":63.5,"a":23.1,"w":"C","cod":"002445","estrato":1,"estrato_mean":1.0,"np":1,"p2":76.1,"g22":11.7,"src":"2026","abs":50.0},"geometry":{"type":"Polygon","coordinates":[[[-74.1706,4.5753],[-74.1715,4.5757],[-74.1718,4.575],[-74.1753,4.5751],[-74.1758,4.5717],[-74.175,4.5721],[-74.1733,4.5713],[-74.1713,4.572],[-74.1692,4.5709],[-74.1671,4.5728],[-74.1713,4.5743],[-74.1706,4.5753]]]}},{"type":"Feature","properties":{"b":"Bellavista Occidental","loc":"Engativá","upz":"Las Ferias","uso":"Residencial","d":-5.8,"c":43.3,"a":36.3,"w":"C","cod":"005503","estrato":3,"estrato_mean":3.0,"np":1,"p2":60.5,"g22":11.4,"src":"2026","abs":19.3},"geometry":{"type":"Polygon","coordinates":[[[-74.0908,4.6776],[-74.0927,4.6753],[-74.0892,4.6719],[-74.086,4.6776],[-74.0888,4.681],[-74.0908,4.6776]]]}},{"type":"Feature","properties":{"b":"Marruecos","loc":"Rafael Uribe Uribe","upz":"Marruecos","uso":"Residencial","d":-7.0,"c":50.2,"a":32.6,"w":"C","cod":"001418","estrato":2,"estrato_mean":2.0,"np":2,"p2":69.9,"g22":12.6,"src":"2026","abs":36.6},"geometry":{"type":"Polygon","coordinates":[[[-74.1131,4.5556],[-74.1141,4.5563],[-74.1147,4.5563],[-74.1148,4.5555],[-74.1176,4.5561],[-74.1167,4.5554],[-74.1183,4.5544],[-74.1173,4.5526],[-74.1166,4.5524],[-74.1181,4.5517],[-74.1147,4.5493],[-74.1134,4.5497],[-74.1139,4.5504],[-74.1122,4.5519],[-74.1114,4.5516],[-74.1113,4.5532],[-74.1099,4.5533],[-74.1131,4.5556]]]}},{"type":"Feature","properties":{"b":"Santa María","loc":"Engativá","upz":"Boyacá Real","uso":"Residencial","d":-10.3,"c":33.7,"a":42.2,"w":"A","cod":"005602","estrato":3,"estrato_mean":3.0,"np":3,"p2":49.9,"g22":10.5,"src":"2026","abs":25.2},"geometry":{"type":"Polygon","coordinates":[[[-74.0917,4.6968],[-74.0932,4.6977],[-74.0989,4.6903],[-74.095,4.6873],[-74.0907,4.6943],[-74.0896,4.6952],[-74.0917,4.6968]]]}},{"type":"Feature","properties":{"b":"Gran Britalia I","loc":"Kennedy","upz":"Gran Britalia","uso":"Residencial","d":-5.8,"c":48.4,"a":33.7,"w":"C","cod":"004556","estrato":2,"estrato_mean":2.0,"np":1,"p2":67.2,"g22":13.0,"src":"2026","abs":36.7},"geometry":{"type":"Polygon","coordinates":[[[-74.1679,4.6215],[-74.1693,4.6257],[-74.1678,4.6273],[-74.1682,4.6281],[-74.1701,4.6276],[-74.1694,4.6257],[-74.1703,4.6276],[-74.1738,4.6269],[-74.1751,4.6258],[-74.1712,4.6202],[-74.1693,4.6214],[-74.1679,4.6215]]]}},{"type":"Feature","properties":{"b":"Pardo Rubio I","loc":"Chapinero","upz":"Pardo Rubio","uso":"Residencial","d":-2.9,"c":60.7,"a":23.1,"w":"C","cod":"201508","estrato":6,"estrato_mean":6.0,"np":1,"p2":75.0,"g22":11.4,"src":"2026","abs":46.3},"geometry":{"type":"Polygon","coordinates":[[[-74.0562,4.6349],[-74.0583,4.6362],[-74.0598,4.633],[-74.0589,4.6327],[-74.0583,4.6347],[-74.0557,4.6343],[-74.0562,4.6349]]]}},{"type":"Feature","properties":{"b":"San Fernando","loc":"Barrios Unidos","upz":"Doce De Octubre","uso":"Residencial","d":-6.8,"c":39.0,"a":39.5,"w":"A","cod":"005203","estrato":3,"estrato_mean":3.0,"np":2,"p2":57.5,"g22":11.8,"src":"2026","abs":39.4},"geometry":{"type":"Polygon","coordinates":[[[-74.0767,4.6641],[-74.0759,4.6659],[-74.0765,4.6714],[-74.0755,4.6737],[-74.0772,4.6746],[-74.0808,4.67],[-74.0767,4.6641]]]}},{"type":"Feature","properties":{"b":"Chapinero Occidental","loc":"Teusaquillo","upz":"Galerías","uso":"Residencial","d":-5.0,"c":41.4,"a":36.2,"w":"C","cod":"007203","estrato":3,"estrato_mean":3.36,"np":2,"p2":56.8,"g22":10.4,"src":"2026","abs":43.4},"geometry":{"type":"Polygon","coordinates":[[[-74.0686,4.6446],[-74.069,4.6423],[-74.0662,4.6407],[-74.0646,4.6496],[-74.0676,4.6501],[-74.0686,4.6446]]]}},{"type":"Feature","properties":{"b":"Tibabuyes Universal","loc":"Suba","upz":"Tibabuyes","uso":"Residencial","d":-1.2,"c":44.9,"a":35.4,"w":"C","cod":"009225","estrato":2,"estrato_mean":2.0,"np":2,"p2":57.1,"g22":12.5,"src":"2026","abs":30.2},"geometry":{"type":"Polygon","coordinates":[[[-74.1095,4.7444],[-74.1083,4.7454],[-74.1101,4.7471],[-74.1134,4.7474],[-74.114,4.7456],[-74.1095,4.7444]]]}},{"type":"Feature","properties":{"b":"Guadual Fontibón","loc":"Fontibón","upz":"Fontibón","uso":"Residencial","d":-3.7,"c":41.8,"a":39.0,"w":"C","cod":"006407","estrato":3,"estrato_mean":2.62,"np":1,"p2":57.3,"g22":11.8,"src":"2026","abs":31.5},"geometry":{"type":"Polygon","coordinates":[[[-74.1407,4.6657],[-74.1441,4.6707],[-74.1458,4.6693],[-74.1464,4.67],[-74.1475,4.6691],[-74.1477,4.6685],[-74.1452,4.6653],[-74.1437,4.6646],[-74.1407,4.6657]]]}},{"type":"Feature","properties":{"b":"Arborizadora Alta I","loc":"Ciudad Bolívar","upz":"Jerusalén","uso":"Residencial","d":-3.5,"c":63.2,"a":21.3,"w":"C","cod":"002460","estrato":1,"estrato_mean":1.0,"np":1,"p2":89.0,"g22":22.3,"src":"2026","abs":27.0},"geometry":{"type":"Polygon","coordinates":[[[-74.1577,4.571],[-74.1583,4.5703],[-74.1576,4.5677],[-74.1554,4.5654],[-74.1541,4.569],[-74.1555,4.5686],[-74.1556,4.5693],[-74.1548,4.5696],[-74.1577,4.571]]]}},{"type":"Feature","properties":{"b":"Jacqueline","loc":"Kennedy","upz":"Timiza","uso":"Residencial","d":-1.7,"c":55.2,"a":29.2,"w":"C","cod":"004517","estrato":2,"estrato_mean":2.0,"np":2,"p2":68.1,"g22":11.2,"src":"2026","abs":28.1},"geometry":{"type":"Polygon","coordinates":[[[-74.1657,4.6127],[-74.1667,4.6115],[-74.1667,4.6048],[-74.1648,4.6057],[-74.1632,4.6047],[-74.1589,4.6052],[-74.1582,4.6063],[-74.1619,4.6084],[-74.1625,4.6116],[-74.1643,4.6109],[-74.1643,4.6118],[-74.1657,4.6118],[-74.1657,4.6127]]]}},{"type":"Feature","properties":{"b":"Andalucía Ii","loc":"Bosa","upz":"Bosa Central","uso":"Residencial","d":-6.0,"c":52.2,"a":31.1,"w":"C","cod":"004553","estrato":2,"estrato_mean":2.0,"np":2,"p2":70.2,"g22":12.3,"src":"2026","abs":41.1},"geometry":{"type":"Polygon","coordinates":[[[-74.1765,4.6051],[-74.1781,4.6049],[-74.1795,4.6036],[-74.1804,4.6036],[-74.1808,4.6047],[-74.1819,4.6043],[-74.1794,4.5972],[-74.1774,4.5971],[-74.1792,4.6021],[-74.1778,4.6018],[-74.1766,4.6028],[-74.1761,4.6041],[-74.1765,4.6051]]]}},{"type":"Feature","properties":{"b":"El Pino","loc":"Suba","upz":"Suba","uso":"Residencial","d":-11.3,"c":34.0,"a":41.9,"w":"A","cod":"009213","estrato":3,"estrato_mean":3.03,"np":1,"p2":57.4,"g22":12.1,"src":"2026","abs":16.5},"geometry":{"type":"Polygon","coordinates":[[[-74.0871,4.752],[-74.0921,4.7543],[-74.0953,4.7483],[-74.0892,4.7456],[-74.0882,4.7475],[-74.0904,4.7482],[-74.0899,4.7494],[-74.0885,4.7486],[-74.0871,4.752]]]}},{"type":"Feature","properties":{"b":"San Pedro","loc":"Bosa","upz":"Bosa Occidental","uso":"Residencial","d":-7.5,"c":58.2,"a":27.3,"w":"C","cod":"004589","estrato":2,"estrato_mean":2.0,"np":1,"p2":74.5,"g22":8.9,"src":"2026","abs":19.7},"geometry":{"type":"Polygon","coordinates":[[[-74.1916,4.6208],[-74.1911,4.6211],[-74.1916,4.6222],[-74.1942,4.6215],[-74.1932,4.6199],[-74.1938,4.6187],[-74.1946,4.619],[-74.1935,4.6179],[-74.1921,4.6184],[-74.1924,4.6195],[-74.1901,4.6197],[-74.1906,4.6202],[-74.1915,4.62],[-74.192,4.6207],[-74.1916,4.6208]]]}},{"type":"Feature","properties":{"b":"Ciudad Londres Rural","loc":"Usme","upz":"Los Libertadores","uso":"Residencial","d":-2.1,"c":60.7,"a":21.9,"w":"C","cod":"102312","estrato":1,"estrato_mean":1.0,"np":1,"p2":76.8,"g22":14.0,"src":"2026","abs":36.1},"geometry":{"type":"Polygon","coordinates":[[[-74.0904,4.5195],[-74.0911,4.5197],[-74.0909,4.519],[-74.0906,4.5181],[-74.089,4.5178],[-74.0894,4.517],[-74.0793,4.5144],[-74.0783,4.5166],[-74.081,4.5177],[-74.0904,4.5195]]]}},{"type":"Feature","properties":{"b":"Patio Bonito","loc":"Kennedy","upz":"Patio Bonito","uso":"Residencial","d":-7.9,"c":50.9,"a":32.1,"w":"C","cod":"004554","estrato":2,"estrato_mean":2.0,"np":2,"p2":70.6,"g22":12.2,"src":"2026","abs":37.5},"geometry":{"type":"Polygon","coordinates":[[[-74.1647,4.6389],[-74.1621,4.6355],[-74.1581,4.6391],[-74.1592,4.6402],[-74.1578,4.642],[-74.1585,4.6428],[-74.1601,4.6413],[-74.1612,4.6425],[-74.165,4.6393],[-74.1647,4.6389]]]}},{"type":"Feature","properties":{"b":"Ciudad De Cali","loc":"Kennedy","upz":"Patio Bonito","uso":"Residencial","d":-6.2,"c":50.4,"a":32.2,"w":"C","cod":"004607","estrato":2,"estrato_mean":2.0,"np":1,"p2":68.2,"g22":11.5,"src":"2026","abs":32.8},"geometry":{"type":"Polygon","coordinates":[[[-74.1701,4.6407],[-74.173,4.6449],[-74.1755,4.6437],[-74.1716,4.637],[-74.1702,4.6378],[-74.1708,4.6387],[-74.1693,4.6395],[-74.1701,4.6407]]]}},{"type":"Feature","properties":{"b":"San Bernardino Ii","loc":"Bosa","upz":"El Porvenir","uso":"Residencial","d":-5.5,"c":54.1,"a":29.0,"w":"C","cod":"004635","estrato":2,"estrato_mean":2.0,"np":1,"p2":75.3,"g22":11.8,"src":"2026","abs":9.8},"geometry":{"type":"Polygon","coordinates":[[[-74.1972,4.6388],[-74.1974,4.6392],[-74.2,4.6376],[-74.1988,4.6348],[-74.1964,4.6364],[-74.1939,4.6324],[-74.1972,4.6388]]]}},{"type":"Feature","properties":{"b":"Provivienda Oriental","loc":"Kennedy","upz":"Américas","uso":"Residencial","d":-8.7,"c":33.5,"a":45.6,"w":"A","cod":"004503","estrato":3,"estrato_mean":3.0,"np":4,"p2":52.0,"g22":10.9,"src":"2026","abs":37.7},"geometry":{"type":"Polygon","coordinates":[[[-74.1292,4.6094],[-74.1262,4.6182],[-74.1383,4.6175],[-74.1344,4.6128],[-74.1292,4.6094]]]}},{"type":"Feature","properties":{"b":"Restrepo","loc":"Antonio Nariño","upz":"Restrepo","uso":"Comercial","d":-7.9,"c":41.7,"a":39.3,"w":"C","cod":"002103","estrato":3,"estrato_mean":3.0,"np":1,"p2":60.6,"g22":11.0,"src":"2026","abs":41.2},"geometry":{"type":"Polygon","coordinates":[[[-74.099,4.5895],[-74.0993,4.59],[-74.1042,4.5845],[-74.1052,4.5845],[-74.1026,4.5812],[-74.0957,4.5849],[-74.099,4.5895]]]}},{"type":"Feature","properties":{"b":"Prado Pinzón","loc":"Suba","upz":"El Prado","uso":"Residencial","d":-5.7,"c":24.7,"a":52.7,"w":"A","cod":"009105","estrato":3,"estrato_mean":3.48,"np":1,"p2":40.3,"g22":9.9,"src":"2026","abs":32.3},"geometry":{"type":"Polygon","coordinates":[[[-74.0526,4.7295],[-74.0525,4.73],[-74.0575,4.7308],[-74.0578,4.7295],[-74.0586,4.7297],[-74.0593,4.7263],[-74.0511,4.7234],[-74.0501,4.7296],[-74.0526,4.7295]]]}},{"type":"Feature","properties":{"b":"El Pedregal Ii","loc":"Usme","upz":"Gran Yomasa","uso":"Residencial","d":-6.8,"c":55.0,"a":28.4,"w":"C","cod":"002640","estrato":1,"estrato_mean":1.12,"np":1,"p2":73.7,"g22":11.8,"src":"2026","abs":41.0},"geometry":{"type":"Polygon","coordinates":[[[-74.106,4.5182],[-74.1098,4.5246],[-74.1119,4.5252],[-74.113,4.5224],[-74.113,4.5197],[-74.1143,4.5193],[-74.1108,4.5176],[-74.1098,4.5159],[-74.1086,4.5151],[-74.1073,4.516],[-74.106,4.5182]]]}},{"type":"Feature","properties":{"b":"Molinos Del Sur","loc":"Rafael Uribe Uribe","upz":"Marruecos","uso":"Residencial","d":-5.4,"c":54.9,"a":28.2,"w":"C","cod":"001414","estrato":2,"estrato_mean":2.0,"np":4,"p2":71.8,"g22":12.3,"src":"2026","abs":34.5},"geometry":{"type":"Polygon","coordinates":[[[-74.1141,4.5602],[-74.1164,4.5599],[-74.1178,4.5579],[-74.1192,4.5582],[-74.12,4.5593],[-74.1227,4.5585],[-74.1208,4.5536],[-74.1185,4.5525],[-74.1181,4.5517],[-74.1166,4.5524],[-74.1173,4.5526],[-74.1183,4.5544],[-74.1167,4.5554],[-74.1176,4.5561],[-74.1162,4.5561],[-74.1153,4.5588],[-74.1142,4.5591],[-74.1141,4.5602]]]}},{"type":"Feature","properties":{"b":"Jorge Gaitán Cortes","loc":"Puente Aranda","upz":"Ciudad Montes","uso":"Residencial","d":-5.5,"c":27.7,"a":49.8,"w":"A","cod":"004210","estrato":3,"estrato_mean":3.0,"np":1,"p2":50.7,"g22":10.0,"src":"2026","abs":20.1},"geometry":{"type":"Polygon","coordinates":[[[-74.1111,4.6123],[-74.1131,4.6104],[-74.1123,4.6096],[-74.1152,4.606],[-74.1117,4.6029],[-74.1084,4.6072],[-74.1078,4.6069],[-74.1068,4.6078],[-74.1111,4.6123]]]}},{"type":"Feature","properties":{"b":"Venecia Occidental","loc":"Tunjuelito","upz":"Venecia","uso":"Residencial","d":-7.3,"c":41.0,"a":39.7,"w":"C","cod":"002403","estrato":3,"estrato_mean":3.0,"np":2,"p2":59.5,"g22":11.5,"src":"2026","abs":33.8},"geometry":{"type":"Polygon","coordinates":[[[-74.1414,4.5955],[-74.1454,4.5952],[-74.1453,4.5895],[-74.1443,4.5867],[-74.1415,4.5881],[-74.1421,4.5903],[-74.1414,4.5955]]]}},{"type":"Feature","properties":{"b":"Galerías","loc":"Teusaquillo","upz":"Galerías","uso":"Residencial","d":-21.9,"c":45.2,"a":30.9,"w":"C","cod":"007207","estrato":4,"estrato_mean":3.54,"np":1,"p2":74.8,"g22":7.7,"src":"2026","abs":20.8},"geometry":{"type":"Polygon","coordinates":[[[-74.0775,4.6438],[-74.0773,4.6413],[-74.0722,4.6404],[-74.0718,4.6425],[-74.0729,4.6427],[-74.0757,4.6456],[-74.0775,4.6438]]]}},{"type":"Feature","properties":{"b":"Chicó Sur","loc":"Bosa","upz":"Bosa Occidental","uso":"Residencial","d":-4.4,"c":50.1,"a":32.1,"w":"C","cod":"004595","estrato":2,"estrato_mean":2.0,"np":1,"p2":67.6,"g22":13.0,"src":"2026","abs":34.5},"geometry":{"type":"Polygon","coordinates":[[[-74.1947,4.6247],[-74.1966,4.624],[-74.1944,4.6215],[-74.1917,4.6222],[-74.1922,4.623],[-74.1899,4.6239],[-74.1916,4.626],[-74.1947,4.6247]]]}},{"type":"Feature","properties":{"b":"Santa Cecilia De Suba I Rural","loc":"Suba","upz":"Tibabuyes","uso":"Residencial","d":-2.3,"c":57.5,"a":26.5,"w":"C","cod":"107113","estrato":2,"estrato_mean":2.0,"np":1,"p2":71.5,"g22":11.8,"src":"2026","abs":42.4},"geometry":{"type":"Polygon","coordinates":[[[-74.1255,4.7401],[-74.1276,4.7395],[-74.1277,4.7378],[-74.1288,4.7376],[-74.1296,4.7393],[-74.1311,4.7396],[-74.1296,4.7391],[-74.1287,4.7374],[-74.1274,4.7377],[-74.1271,4.7394],[-74.1255,4.7401]]]}},{"type":"Feature","properties":{"b":"Las Mercedes","loc":"Ciudad Bolívar","upz":"Ciudad Usme","uso":"Residencial","d":-20.9,"c":63.0,"a":15.1,"w":"C","cod":"104108","estrato":1,"estrato_mean":1.0,"np":1,"p2":91.5,"g22":7.5,"src":"2026","abs":78.8},"geometry":{"type":"Polygon","coordinates":[[[-74.2133,4.3905],[-74.2127,4.3872],[-74.2112,4.3883],[-74.2106,4.3909],[-74.2069,4.3879],[-74.2066,4.3907],[-74.2059,4.39],[-74.2038,4.3912],[-74.2025,4.393],[-74.2011,4.3937],[-74.2008,4.3955],[-74.1998,4.3953],[-74.1985,4.3972],[-74.1968,4.396],[-74.1922,4.3969],[-74.191,4.398],[-74.1824,4.3988],[-74.1803,4.3973],[-74.1802,4.395],[-74.1794,4.3947],[-74.1769,4.3881],[-74.1687,4.3839],[-74.1677,4.3841],[-74.1658,4.3877],[-74.1673,4.3905],[-74.1667,4.391],[-74.1689,4.3997],[-74.1678,4.4003],[-74.1689,4.4035],[-74.1686,4.409],[-74.1691,4.4107],[-74.1707,4.4126],[-74.1705,4.4134],[-74.1722,4.4152],[-74.175,4.4165],[-74.1751,4.4178],[-74.1735,4.4208],[-74.1748,4.4203],[-74.177,4.4211],[-74.1786,4.4209],[-74.1798,4.4218],[-74.1829,4.4226],[-74.1877,4.4211],[-74.1898,4.4229],[-74.1934,4.4225],[-74.1944,4.4262],[-74.1983,4.4268],[-74.2002,4.4237],[-74.2007,4.4214],[-74.2033,4.4195],[-74.2041,4.4176],[-74.2037,4.4162],[-74.2041,4.4144],[-74.206,4.4128],[-74.2091,4.4051],[-74.2109,4.4024],[-74.2117,4.3996],[-74.2115,4.3939],[-74.2133,4.3905]]]}}]}